CustomerID,total_transactions,total_items,total_spend,average_order_value,first_purchase,last_purchase,days_since_last_purchase,customer_lifetime_days,purchase_frequency,customer_value
12346.0,1,74215,77183.6,77183.6,2011-01-18 10:01:00,2011-01-18 10:01:00,325,1,1.0,77183.6
12347.0,7,2458,4310.0,23.681318681318682,2010-12-07 14:57:00,2011-12-07 15:52:00,1,365,0.019178082191780823,82.65753424657535
12348.0,4,2341,1797.24,57.97548387096774,2010-12-16 19:09:00,2011-09-25 13:13:00,74,282,0.014184397163120567,25.492765957446807
12349.0,1,631,1757.55,24.076027397260273,2011-11-21 09:51:00,2011-11-21 09:51:00,18,1,1.0,1757.55
12350.0,1,197,334.4,19.670588235294115,2011-02-02 16:01:00,2011-02-02 16:01:00,309,1,1.0,334.4
12352.0,8,536,2506.04,29.482823529411764,2011-02-16 12:33:00,2011-11-03 14:37:00,35,260,0.03076923076923077,77.10892307692308
12353.0,1,20,89.0,22.25,2011-05-19 17:47:00,2011-05-19 17:47:00,203,1,1.0,89.0
12354.0,1,530,1079.4,18.610344827586207,2011-04-21 13:11:00,2011-04-21 13:11:00,231,1,1.0,1079.4
12355.0,1,240,459.4,35.33846153846154,2011-05-09 13:49:00,2011-05-09 13:49:00,213,1,1.0,459.4
12356.0,3,1591,2811.43,47.65135593220339,2011-01-18 09:50:00,2011-11-17 08:40:00,22,302,0.009933774834437087,27.928112582781456
12357.0,1,2708,6207.67,47.38679389312977,2011-11-06 16:07:00,2011-11-06 16:07:00,32,1,1.0,6207.67
12358.0,2,248,1168.06,61.47684210526315,2011-07-12 10:04:00,2011-12-08 10:26:00,1,149,0.013422818791946308,15.678657718120805
12359.0,4,1622,6372.58,25.695887096774193,2011-01-12 12:43:00,2011-10-13 12:47:00,57,274,0.014598540145985401,93.03036496350364
12360.0,3,1165,2662.06,20.63612403100775,2011-05-23 09:43:00,2011-10-18 15:22:00,51,148,0.02027027027027027,53.96067567567568
12361.0,1,91,189.9,18.990000000000002,2011-02-25 13:51:00,2011-02-25 13:51:00,286,1,1.0,189.9
12362.0,10,2229,5226.23,19.647481203007516,2011-02-17 10:30:00,2011-12-06 15:40:00,2,292,0.03424657534246575,178.98047945205477
12363.0,2,408,552.0,24.0,2011-04-11 13:29:00,2011-08-22 10:18:00,109,132,0.015151515151515152,8.363636363636363
12364.0,4,1506,1313.1,15.448235294117646,2011-08-19 15:24:00,2011-12-02 10:22:00,7,104,0.038461538461538464,50.503846153846155
12365.0,2,174,641.38,29.153636363636362,2011-02-21 13:51:00,2011-02-21 14:04:00,290,1,2.0,1282.76
12367.0,1,173,168.9,15.354545454545455,2011-12-05 16:48:00,2011-12-05 16:48:00,3,1,1.0,168.9
12370.0,4,2353,3545.69,21.231676646706585,2010-12-14 12:58:00,2011-10-19 14:51:00,50,309,0.012944983818770227,45.89889967637541
12371.0,2,591,1887.96,29.96761904761905,2011-10-11 10:43:00,2011-10-26 10:16:00,44,14,0.14285714285714285,269.7085714285714
12372.0,3,794,1298.04,24.962307692307693,2011-02-16 12:46:00,2011-09-29 12:12:00,71,224,0.013392857142857142,17.384464285714284
12373.0,1,197,364.6,26.042857142857144,2011-02-01 13:10:00,2011-02-01 13:10:00,310,1,1.0,364.6
12374.0,1,342,742.9300000000001,22.513030303030305,2011-11-14 15:37:00,2011-11-14 15:37:00,24,1,1.0,742.9300000000001
12375.0,2,178,457.5,26.91176470588235,2011-09-02 14:23:00,2011-11-29 10:36:00,10,87,0.022988505747126436,10.517241379310345
12377.0,2,944,1628.12,21.144415584415583,2010-12-20 09:37:00,2011-01-28 15:45:00,314,39,0.05128205128205128,83.49333333333333
12378.0,1,2529,4008.62,18.30420091324201,2011-08-02 10:34:00,2011-08-02 10:34:00,129,1,1.0,4008.62
12379.0,2,407,852.24,21.306,2011-06-22 16:32:00,2011-09-19 10:09:00,81,88,0.022727272727272728,19.36909090909091
12380.0,4,1127,2724.81,26.200096153846154,2011-06-07 09:49:00,2011-11-18 11:27:00,21,164,0.024390243902439025,66.45878048780487
12381.0,5,808,1845.31,21.21045977011494,2011-08-12 09:57:00,2011-12-05 12:44:00,4,115,0.043478260869565216,80.23086956521739
12383.0,5,1532,1850.56,18.69252525252525,2010-12-22 14:28:00,2011-06-08 08:02:00,184,167,0.029940119760479042,55.4059880239521
12384.0,2,126,585.27,21.676666666666666,2011-08-10 11:23:00,2011-11-11 08:39:00,28,92,0.021739130434782608,12.723260869565216
12386.0,2,354,401.9,40.19,2010-12-08 09:53:00,2011-01-06 12:37:00,337,29,0.06896551724137931,27.717241379310344
12388.0,6,1462,2780.66,27.8066,2011-01-17 11:12:00,2011-11-24 12:30:00,15,311,0.01929260450160772,53.64617363344052
12390.0,1,353,549.84,17.1825,2011-09-21 09:33:00,2011-09-21 09:33:00,79,1,1.0,549.84
12391.0,1,300,460.89,4.6089,2011-11-18 12:07:00,2011-11-18 12:07:00,21,1,1.0,460.89
12393.0,4,816,1582.6000000000001,24.728125000000002,2011-01-11 09:47:00,2011-09-28 15:41:00,71,260,0.015384615384615385,24.347692307692313
12394.0,2,819,1272.48,47.12888888888889,2011-05-06 14:01:00,2011-10-07 08:08:00,63,153,0.013071895424836602,16.633725490196078
12395.0,12,2118,3018.63,19.350192307692307,2010-12-03 16:35:00,2011-11-20 15:21:00,18,351,0.03418803418803419,103.20102564102565
12397.0,2,1263,2409.9,19.126190476190477,2011-07-27 14:21:00,2011-11-04 09:52:00,35,99,0.020202020202020204,48.684848484848494
12398.0,1,1394,1635.6599999999999,19.24305882352941,2011-10-25 10:27:00,2011-10-25 10:27:00,45,1,1.0,1635.6599999999999
12399.0,4,1178,1108.65,18.790677966101697,2011-03-23 09:42:00,2011-08-12 13:15:00,118,142,0.028169014084507043,31.229577464788736
12401.0,1,11,84.3,16.86,2011-02-09 13:50:00,2011-02-09 13:50:00,302,1,1.0,84.3
12402.0,1,94,225.6,20.509090909090908,2011-01-20 13:49:00,2011-01-20 13:49:00,322,1,1.0,225.6
12403.0,1,96,427.7,85.53999999999999,2011-10-21 10:51:00,2011-10-21 10:51:00,49,1,1.0,427.7
12405.0,1,857,1710.39,31.67388888888889,2011-07-14 08:52:00,2011-07-14 08:52:00,148,1,1.0,1710.39
12406.0,2,1818,3415.3,32.52666666666667,2011-06-09 10:23:00,2011-11-17 19:22:00,21,161,0.012422360248447204,42.426086956521736
12407.0,5,1416,1708.1200000000001,22.183376623376624,2011-03-20 13:21:00,2011-10-21 10:11:00,49,214,0.02336448598130841,39.90934579439252
12408.0,5,1409,2888.55,27.51,2011-03-24 14:46:00,2011-11-07 12:27:00,32,227,0.022026431718061675,63.624449339207054
12409.0,3,5551,11072.67,101.58412844036697,2011-06-10 12:19:00,2011-09-22 10:38:00,78,103,0.02912621359223301,322.50495145631066
12410.0,2,211,693.3299999999999,26.666538461538458,2011-02-04 10:38:00,2011-02-04 10:39:00,308,1,2.0,1386.6599999999999
12412.0,3,829,1226.88,20.112786885245903,2011-06-23 13:51:00,2011-09-26 10:16:00,74,94,0.031914893617021274,39.155744680851065
12413.0,3,286,758.1,19.95,2011-01-06 16:12:00,2011-10-04 09:00:00,66,270,0.011111111111111112,8.423333333333334
12414.0,3,300,562.41,31.244999999999997,2011-02-02 14:51:00,2011-05-06 14:51:00,216,93,0.03225806451612903,18.142258064516128
12415.0,21,77374,124914.53,174.95032212885152,2011-01-06 11:12:00,2011-11-15 14:22:00,23,313,0.0670926517571885,8380.847060702876
12417.0,9,1552,3649.1,19.005729166666665,2010-12-17 11:51:00,2011-12-06 14:52:00,2,354,0.025423728813559324,92.77372881355933
12418.0,1,407,668.58,19.664117647058823,2011-08-19 11:08:00,2011-08-19 11:08:00,112,1,1.0,668.58
12420.0,1,345,600.39,20.70310344827586,2011-10-07 08:55:00,2011-10-07 08:55:00,63,1,1.0,600.39
12421.0,4,484,807.04,17.93422222222222,2011-01-24 15:09:00,2011-11-24 09:07:00,15,303,0.013201320132013201,10.653993399339933
12422.0,3,370,803.5600000000001,20.604102564102565,2011-01-19 09:13:00,2011-09-05 09:48:00,95,229,0.013100436681222707,10.526986899563319
12423.0,8,1339,1859.31,14.87448,2010-12-21 10:54:00,2011-12-09 10:10:00,0,352,0.022727272727272728,42.257045454545455
12424.0,2,740,1760.96,58.69866666666667,2011-06-30 12:06:00,2011-06-30 12:06:00,162,1,2.0,3521.92
12425.0,1,496,777.2,21.58888888888889,2011-09-22 17:31:00,2011-09-22 17:31:00,77,1,1.0,777.2
12426.0,1,258,582.73,19.424333333333333,2011-05-29 12:26:00,2011-05-29 12:26:00,194,1,1.0,582.73
12427.0,3,533,825.8,26.638709677419353,2010-12-03 10:44:00,2011-11-18 08:56:00,21,349,0.008595988538681949,7.098567335243553
12428.0,9,3536,7956.46,27.062789115646257,2011-03-01 09:33:00,2011-11-14 08:22:00,25,257,0.03501945525291829,278.63089494163427
12429.0,4,1557,3750.4,38.66391752577319,2010-12-09 12:05:00,2011-11-30 17:22:00,8,356,0.011235955056179775,42.13932584269663
12430.0,1,117,256.4,23.30909090909091,2011-10-27 15:09:00,2011-10-27 15:09:00,42,1,1.0,256.4
12431.0,15,2906,6487.45,27.606170212765957,2010-12-01 10:03:00,2011-11-04 11:55:00,35,338,0.04437869822485207,287.9045857988165
12432.0,5,1801,5059.32,46.845555555555556,2011-06-20 13:27:00,2011-10-28 11:43:00,42,129,0.03875968992248062,196.09767441860464
12433.0,7,11071,13375.87,31.847309523809525,2010-12-01 13:24:00,2011-12-09 10:02:00,0,372,0.01881720430107527,251.69647849462368
12434.0,2,394,806.14,16.122799999999998,2011-03-24 13:05:00,2011-09-16 12:38:00,84,175,0.011428571428571429,9.213028571428572
12435.0,2,2055,7829.89,217.49694444444447,2011-03-17 07:40:00,2011-09-21 09:06:00,79,188,0.010638297872340425,83.29670212765957
12436.0,1,211,509.01,31.813125,2011-09-01 12:09:00,2011-09-01 12:09:00,99,1,1.0,509.01
12437.0,18,2922,4951.41,24.88145728643216,2011-01-12 14:13:00,2011-12-08 11:35:00,1,329,0.0547112462006079,270.89781155015197
12438.0,2,1180,2906.85,29.66173469387755,2011-07-22 13:29:00,2011-11-25 13:28:00,13,125,0.016,46.5096
12441.0,1,121,173.55,15.77727272727273,2010-12-08 10:45:00,2010-12-08 10:45:00,366,1,1.0,173.55
12442.0,1,182,172.06,14.338333333333333,2011-12-06 14:22:00,2011-12-06 14:22:00,2,1,1.0,172.06
12444.0,5,1153,5005.46,28.440113636363638,2011-06-21 14:00:00,2011-11-18 13:23:00,20,149,0.03355704697986577,167.96845637583894
12445.0,1,62,133.4,33.35,2011-11-17 18:43:00,2011-11-17 18:43:00,21,1,1.0,133.4
12446.0,1,351,1002.3100000000001,17.584385964912283,2011-10-13 12:50:00,2011-10-13 12:50:00,57,1,1.0,1002.3100000000001
12447.0,1,190,476.49,18.326538461538462,2011-04-10 13:25:00,2011-04-10 13:25:00,242,1,1.0,476.49
12448.0,1,243,449.45,20.429545454545455,2011-10-26 13:46:00,2011-10-26 13:46:00,43,1,1.0,449.45
12449.0,4,1553,4067.29,21.294712041884818,2011-06-05 15:37:00,2011-11-17 13:46:00,21,164,0.024390243902439025,99.20219512195122
12450.0,2,128,197.88,24.735,2011-06-19 14:36:00,2011-07-06 14:41:00,155,17,0.11764705882352941,23.279999999999998
12451.0,5,6575,9035.52,25.524067796610172,2011-01-19 09:05:00,2011-11-29 08:40:00,10,313,0.01597444089456869,144.33738019169328
12452.0,2,185,430.57,19.571363636363635,2011-11-23 08:05:00,2011-11-23 10:28:00,16,1,2.0,861.14
12453.0,1,473,707.09,16.443953488372095,2011-07-28 14:08:00,2011-07-28 14:08:00,133,1,1.0,707.09
12454.0,1,1006,3528.34,235.22266666666667,2011-10-14 17:13:00,2011-10-14 17:13:00,55,1,1.0,3528.34
12455.0,6,2089,2466.86,27.409555555555556,2011-02-16 09:56:00,2011-09-27 15:31:00,72,223,0.026905829596412557,66.37291479820628
12456.0,3,1633,3181.04,25.44832,2011-03-30 09:12:00,2011-10-26 14:41:00,43,210,0.014285714285714285,45.44342857142857
12457.0,7,843,2363.23,38.11661290322581,2011-04-14 18:57:00,2011-10-04 13:13:00,65,172,0.040697674418604654,96.17796511627908
12458.0,2,506,947.4,24.931578947368422,2011-02-28 10:55:00,2011-09-29 15:25:00,70,213,0.009389671361502348,8.895774647887324
12461.0,2,287,826.88,23.62514285714286,2011-07-08 10:23:00,2011-09-06 16:57:00,93,60,0.03333333333333333,27.562666666666665
12462.0,2,536,1189.59,19.186935483870965,2011-02-09 14:44:00,2011-11-21 09:11:00,18,284,0.007042253521126761,8.377394366197183
12463.0,4,776,1344.78,16.202168674698793,2011-04-12 12:47:00,2011-10-17 13:44:00,52,188,0.02127659574468085,28.612340425531915
12464.0,8,112,1212.05,41.79482758620689,2011-02-03 13:30:00,2011-11-29 13:33:00,9,299,0.026755852842809364,32.42943143812709
12465.0,2,479,742.1899999999999,15.79127659574468,2011-06-23 13:37:00,2011-11-22 16:34:00,16,152,0.013157894736842105,9.76565789473684
12468.0,2,366,729.5400000000001,19.19842105263158,2011-01-27 13:29:00,2011-06-05 11:36:00,187,128,0.015625,11.399062500000001
12471.0,30,8212,19824.05,43.09576086956522,2010-12-10 09:35:00,2011-12-07 15:43:00,1,362,0.08287292817679558,1642.8770718232042
12472.0,7,4148,6572.11,19.386755162241887,2010-12-05 14:19:00,2011-11-07 14:01:00,31,336,0.020833333333333332,136.9189583333333
12473.0,5,2439,3938.5499999999997,23.443749999999998,2011-06-01 10:15:00,2011-11-10 13:46:00,28,162,0.030864197530864196,121.56018518518518
12474.0,18,4847,7375.79,17.395731132075472,2011-01-14 10:06:00,2011-11-22 14:39:00,16,312,0.057692307692307696,425.5263461538462
12475.0,1,535,723.38,20.093888888888888,2011-10-17 10:10:00,2011-10-17 10:10:00,53,1,1.0,723.38
12476.0,11,2408,6816.42,29.255021459227468,2010-12-13 14:39:00,2011-11-24 12:40:00,15,345,0.03188405797101449,217.3351304347826
12477.0,6,3653,13219.74,44.065799999999996,2011-02-11 12:45:00,2011-11-17 09:51:00,22,278,0.02158273381294964,285.3181294964029
12478.0,1,236,680.99,18.91638888888889,2011-12-06 09:56:00,2011-12-06 09:56:00,3,1,1.0,680.99
12479.0,1,385,527.2,17.006451612903227,2011-11-28 13:26:00,2011-11-28 13:26:00,10,1,1.0,527.2
12480.0,4,1707,3281.63,21.309285714285714,2011-01-07 15:27:00,2011-11-11 14:52:00,27,307,0.013029315960912053,42.75739413680782
12481.0,10,3304,5596.32,25.789493087557602,2010-12-09 10:13:00,2011-11-17 08:29:00,22,342,0.029239766081871343,163.63508771929824
12483.0,8,1110,2484.98,33.133066666666664,2011-01-04 14:20:00,2011-11-22 17:02:00,16,322,0.024844720496894408,61.73863354037267
12484.0,6,2191,4541.72,13.126358381502891,2011-01-07 14:04:00,2011-11-07 11:37:00,32,303,0.019801980198019802,89.9350495049505
12488.0,3,529,1298.66,23.612000000000002,2011-09-25 10:34:00,2011-11-30 08:50:00,9,65,0.046153846153846156,59.93815384615385
12489.0,1,105,334.93,22.328666666666667,2011-01-07 13:13:00,2011-01-07 13:13:00,335,1,1.0,334.93
12490.0,10,3064,5417.93,22.114,2011-01-14 09:13:00,2011-12-04 16:07:00,4,324,0.030864197530864196,167.22006172839505
12491.0,1,260,460.40000000000003,17.70769230769231,2011-11-01 12:18:00,2011-11-01 12:18:00,38,1,1.0,460.40000000000003
12492.0,2,192,263.21000000000004,13.160500000000003,2011-08-26 14:51:00,2011-10-07 15:15:00,62,42,0.047619047619047616,12.533809523809525
12493.0,2,207,433.74,19.715454545454545,2011-05-26 14:53:00,2011-06-27 10:17:00,165,31,0.06451612903225806,27.983225806451614
12494.0,7,707,1246.1000000000001,16.183116883116885,2010-12-09 11:31:00,2011-11-24 09:34:00,15,349,0.02005730659025788,24.99340974212035
12497.0,1,1236,1043.1,74.50714285714285,2011-09-19 12:29:00,2011-09-19 12:29:00,81,1,1.0,1043.1
12498.0,3,159,403.70000000000005,17.55217391304348,2011-10-13 09:30:00,2011-11-18 12:53:00,20,36,0.08333333333333333,33.641666666666666
12500.0,11,2678,4257.82,69.80032786885245,2011-01-10 09:48:00,2011-11-16 16:20:00,22,310,0.035483870967741936,151.08393548387096
12501.0,1,1783,2169.39,14.559664429530201,2011-01-07 12:28:00,2011-01-07 12:28:00,336,1,1.0,2169.39
12502.0,5,820,3723.87,25.332448979591835,2011-02-03 10:41:00,2011-09-05 11:52:00,95,214,0.02336448598130841,87.00630841121495
12504.0,2,90,482.04999999999995,53.5611111111111,2011-11-09 14:56:00,2011-11-21 16:02:00,17,12,0.16666666666666666,80.34166666666665
12506.0,1,23,73.5,3.1956521739130435,2011-04-21 08:54:00,2011-04-21 08:54:00,232,1,1.0,73.5
12507.0,3,894,1304.81,62.13380952380952,2011-02-14 09:24:00,2011-07-28 17:09:00,133,164,0.018292682926829267,23.868475609756096
12508.0,2,272,398.27,5.772028985507246,2011-11-10 16:27:00,2011-11-13 15:37:00,25,2,1.0,398.27
12509.0,1,55,176.5,25.214285714285715,2011-02-28 14:45:00,2011-02-28 14:45:00,283,1,1.0,176.5
12510.0,2,353,982.5699999999999,29.774848484848484,2011-01-18 14:04:00,2011-07-20 10:15:00,142,182,0.01098901098901099,10.797472527472527
12512.0,2,99,138.03,4.059705882352941,2011-10-04 14:53:00,2011-10-04 14:55:00,65,1,2.0,276.06
12513.0,1,462,612.29,17.494,2011-08-19 10:51:00,2011-08-19 10:51:00,112,1,1.0,612.29
12514.0,1,440,1017.68,19.954509803921567,2011-03-17 16:38:00,2011-03-17 16:38:00,266,1,1.0,1017.68
12515.0,1,131,383.7,23.98125,2010-12-21 15:43:00,2010-12-21 15:43:00,352,1,1.0,383.7
12516.0,2,875,1312.06,50.46384615384615,2011-06-12 11:37:00,2011-09-23 09:13:00,77,102,0.0196078431372549,25.726666666666667
12517.0,5,1371,2502.84,8.812816901408452,2011-06-02 15:13:00,2011-11-11 14:04:00,27,161,0.031055900621118012,77.72795031055901
12518.0,5,1318,2056.89,16.58782258064516,2011-08-21 13:18:00,2011-12-09 10:13:00,0,109,0.045871559633027525,94.35275229357798
12519.0,1,183,340.84,18.935555555555553,2011-10-07 09:26:00,2011-10-07 09:26:00,63,1,1.0,340.84
12520.0,5,1439,2634.26,17.330657894736845,2011-03-11 11:35:00,2011-09-21 15:23:00,78,194,0.02577319587628866,67.89329896907216
12521.0,1,309,599.68,15.781052631578946,2011-07-20 10:51:00,2011-07-20 10:51:00,142,1,1.0,599.68
12522.0,2,194,192.72,16.06,2011-10-19 14:41:00,2011-10-31 15:30:00,38,12,0.16666666666666666,32.12
12523.0,11,865,1789.77,16.884622641509434,2011-01-12 09:43:00,2011-11-20 12:55:00,18,312,0.035256410256410256,63.10086538461538
12524.0,8,3699,4485.72,31.150833333333335,2011-01-10 10:35:00,2011-11-30 15:31:00,8,324,0.024691358024691357,110.75851851851851
12526.0,3,632,1316.66,18.54450704225352,2011-09-06 14:19:00,2011-12-09 12:09:00,0,93,0.03225806451612903,42.472903225806455
12527.0,3,234,348.71000000000004,19.37277777777778,2011-01-18 12:05:00,2011-09-19 11:55:00,81,243,0.012345679012345678,4.305061728395062
12528.0,6,756,1933.48,21.01608695652174,2011-01-31 09:05:00,2011-11-30 14:40:00,8,303,0.019801980198019802,38.28673267326733
12530.0,4,913,1662.28,25.186060606060607,2011-01-07 10:04:00,2011-10-11 12:34:00,59,277,0.01444043321299639,24.00404332129964
12531.0,1,45,125.22,7.365882352941177,2011-11-25 11:12:00,2011-11-25 11:12:00,14,1,1.0,125.22
12532.0,1,153,349.83000000000004,21.864375000000003,2011-11-09 13:47:00,2011-11-09 13:47:00,29,1,1.0,349.83000000000004
12534.0,1,651,1089.18,17.28857142857143,2011-08-01 10:26:00,2011-08-01 10:26:00,130,1,1.0,1089.18
12535.0,2,219,716.35,21.069117647058825,2011-06-06 12:47:00,2011-09-09 08:48:00,91,94,0.02127659574468085,15.241489361702127
12536.0,3,2803,12601.830000000002,48.282873563218395,2011-10-11 14:52:00,2011-10-27 14:20:00,42,15,0.2,2520.3660000000004
12538.0,1,191,363.95,17.33095238095238,2011-11-10 17:16:00,2011-11-10 17:16:00,28,1,1.0,363.95
12539.0,4,2067,5568.35,20.396886446886448,2011-01-10 09:11:00,2011-11-17 13:30:00,21,311,0.012861736334405145,71.61864951768489
12540.0,17,6685,13400.24,28.03397489539749,2010-12-13 09:39:00,2011-11-20 11:31:00,19,342,0.049707602339181284,666.0938011695906
12541.0,3,680,981.18,18.868846153846153,2011-03-04 09:32:00,2011-11-10 10:40:00,29,251,0.01195219123505976,11.727250996015936
12544.0,1,136,372.7,19.61578947368421,2011-11-03 16:15:00,2011-11-03 16:15:00,35,1,1.0,372.7
12545.0,2,523,1000.39,20.0078,2011-03-25 12:04:00,2011-09-25 13:39:00,74,184,0.010869565217391304,10.873804347826086
12546.0,2,633,1161.5,16.833333333333332,2011-09-23 09:44:00,2011-10-24 12:09:00,46,31,0.06451612903225806,74.93548387096774
12547.0,2,134,207.79999999999998,25.974999999999998,2011-03-04 12:46:00,2011-05-26 12:38:00,197,82,0.024390243902439025,5.068292682926829
12548.0,1,49,95.19999999999999,19.04,2011-06-26 15:35:00,2011-06-26 15:35:00,165,1,1.0,95.19999999999999
12550.0,1,569,964.83,16.92684210526316,2011-09-21 14:35:00,2011-09-21 14:35:00,78,1,1.0,964.83
12551.0,1,100,168.0,16.8,2010-12-17 11:23:00,2010-12-17 11:23:00,357,1,1.0,168.0
12552.0,2,88,437.82,21.891,2011-10-31 12:11:00,2011-11-01 10:02:00,38,1,2.0,875.64
12553.0,10,1965,3692.28,19.33130890052356,2011-01-14 10:42:00,2011-12-01 16:38:00,7,321,0.03115264797507788,115.02429906542056
12556.0,2,358,603.71,4.989338842975207,2011-07-11 13:35:00,2011-10-20 13:06:00,49,100,0.02,12.074200000000001
12557.0,5,4384,11990.960000000001,363.36242424242425,2010-12-03 12:20:00,2011-11-23 16:59:00,15,355,0.014084507042253521,168.8867605633803
12558.0,1,196,269.96,24.54181818181818,2011-12-02 10:41:00,2011-12-02 10:41:00,7,1,1.0,269.96
12559.0,2,283,561.71,26.74809523809524,2011-01-24 10:12:00,2011-02-02 09:49:00,310,8,0.25,140.4275
12560.0,3,1110,2134.01,20.323904761904764,2011-07-19 15:55:00,2011-12-04 13:54:00,4,137,0.021897810218978103,46.730145985401464
12561.0,1,177,238.85,14.928125,2011-02-10 11:39:00,2011-02-10 11:39:00,302,1,1.0,238.85
12562.0,7,1779,3781.7400000000002,22.510357142857146,2011-05-25 12:44:00,2011-12-01 17:20:00,7,190,0.03684210526315789,139.32726315789472
12564.0,1,133,456.9,21.757142857142856,2011-03-23 14:55:00,2011-03-23 14:55:00,260,1,1.0,456.9
12565.0,1,80,145.92,16.21333333333333,2011-02-24 10:34:00,2011-02-24 10:34:00,288,1,1.0,145.92
12566.0,1,265,351.65,18.507894736842104,2011-09-14 14:30:00,2011-09-14 14:30:00,85,1,1.0,351.65
12567.0,10,4305,9401.28,21.079103139013455,2010-12-05 11:57:00,2011-11-17 11:02:00,22,346,0.028901734104046242,271.71329479768787
12569.0,32,1801,4124.69,21.939840425531912,2011-04-01 13:47:00,2011-12-07 16:24:00,1,250,0.128,527.9603199999999
12571.0,2,523,519.61,15.28264705882353,2011-08-10 12:35:00,2011-10-31 10:19:00,39,81,0.024691358024691357,12.829876543209876
12572.0,2,452,1020.42,17.006999999999998,2011-10-19 08:20:00,2011-12-01 09:20:00,8,43,0.046511627906976744,47.46139534883721
12573.0,1,84,160.54000000000002,5.733571428571429,2011-04-26 15:52:00,2011-04-26 15:52:00,226,1,1.0,160.54000000000002
12574.0,1,61,218.45,19.85909090909091,2011-01-28 09:20:00,2011-01-28 09:20:00,315,1,1.0,218.45
12576.0,5,967,1315.83,14.952613636363635,2011-02-08 11:31:00,2011-11-04 10:11:00,35,268,0.018656716417910446,24.5490671641791
12577.0,3,472,657.8,4.474829931972788,2010-12-15 16:21:00,2011-11-04 13:24:00,34,323,0.009287925696594427,6.109597523219813
12578.0,2,1196,2794.51,24.51324561403509,2011-01-13 15:34:00,2011-11-18 13:30:00,20,308,0.006493506493506494,18.146168831168833
12579.0,1,285,440.42,15.18689655172414,2011-09-22 17:15:00,2011-09-22 17:15:00,77,1,1.0,440.42
12580.0,1,238,415.7,17.320833333333333,2011-04-07 10:24:00,2011-04-07 10:24:00,246,1,1.0,415.7
12581.0,1,161,197.71,13.180666666666667,2011-10-31 08:56:00,2011-10-31 08:56:00,39,1,1.0,197.71
12582.0,2,300,511.36,23.243636363636366,2011-02-24 11:42:00,2011-04-15 08:45:00,238,49,0.04081632653061224,20.871836734693876
12583.0,15,5060,7281.38,29.47927125506073,2010-12-01 08:45:00,2011-12-07 08:07:00,2,370,0.04054054054054054,295.1910810810811
12584.0,9,416,2338.15,24.355729166666666,2011-03-04 15:15:00,2011-12-06 09:35:00,3,276,0.03260869565217391,76.24402173913043
12585.0,2,1279,2040.1,23.44942528735632,2010-12-23 12:58:00,2011-04-19 13:39:00,233,117,0.017094017094017096,34.873504273504274
12586.0,1,79,196.94000000000003,17.903636363636366,2011-11-22 16:24:00,2011-11-22 16:24:00,16,1,1.0,196.94000000000003
12587.0,1,51,144.0,36.0,2011-12-02 12:47:00,2011-12-02 12:47:00,7,1,1.0,144.0
12588.0,1,53,214.89999999999998,21.49,2011-10-31 15:01:00,2011-10-31 15:01:00,38,1,1.0,214.89999999999998
12589.0,2,306,646.68,18.47657142857143,2011-07-18 12:05:00,2011-11-11 10:19:00,28,115,0.017391304347826087,11.246608695652172
12590.0,2,4283,9864.26,145.06264705882353,2011-05-12 14:46:00,2011-05-12 14:52:00,210,1,2.0,19728.52
12591.0,1,228,452.84999999999997,17.41730769230769,2011-01-26 14:35:00,2011-01-26 14:35:00,316,1,1.0,452.84999999999997
12592.0,2,290,437.6,24.311111111111114,2011-05-10 13:44:00,2011-09-08 15:04:00,91,121,0.01652892561983471,7.23305785123967
12593.0,3,206,418.09999999999997,19.909523809523808,2011-05-05 09:29:00,2011-08-23 12:43:00,108,110,0.02727272727272727,11.40272727272727
12594.0,10,1777,3338.2200000000003,28.290000000000003,2011-01-21 09:52:00,2011-11-02 12:20:00,37,285,0.03508771929824561,117.13052631578948
12596.0,2,474,618.27,22.898888888888887,2011-04-11 13:22:00,2011-10-19 13:02:00,50,190,0.010526315789473684,6.508105263157894
12597.0,4,2236,3811.22,18.50106796116505,2011-03-16 14:00:00,2011-11-20 13:33:00,18,248,0.016129032258064516,61.47129032258064
12598.0,8,1964,3023.08,22.902121212121212,2011-02-28 11:58:00,2011-11-30 12:18:00,9,275,0.02909090909090909,87.94414545454545
12599.0,7,956,1032.58,16.654516129032256,2011-02-08 13:28:00,2011-11-10 13:34:00,28,275,0.025454545454545455,26.283854545454545
12600.0,10,774,2599.04,40.61,2010-12-03 12:57:00,2011-11-11 10:29:00,28,342,0.029239766081871343,75.9953216374269
12601.0,5,245,577.0600000000001,20.609285714285715,2011-01-11 10:38:00,2011-06-03 10:17:00,189,142,0.035211267605633804,20.319014084507046
12602.0,1,162,153.12,12.76,2011-10-12 11:22:00,2011-10-12 11:22:00,58,1,1.0,153.12
12603.0,1,63,739.1999999999999,369.59999999999997,2011-11-18 10:42:00,2011-11-18 10:42:00,21,1,1.0,739.1999999999999
12604.0,2,201,254.18,15.88625,2011-03-23 12:06:00,2011-09-21 14:08:00,78,182,0.01098901098901099,2.7931868131868134
12607.0,1,1228,1579.51,15.63871287128713,2011-10-10 16:06:00,2011-10-10 16:06:00,59,1,1.0,1579.51
12609.0,3,648,1126.85,18.78083333333333,2011-01-25 15:13:00,2011-09-22 16:34:00,77,240,0.0125,14.085625
12610.0,5,1049,2099.54,19.80698113207547,2011-08-05 13:52:00,2011-11-17 09:34:00,22,103,0.04854368932038835,101.91941747572815
12611.0,1,846,1193.32,18.35876923076923,2011-10-18 13:12:00,2011-10-18 13:12:00,51,1,1.0,1193.32
12612.0,1,262,704.0400000000001,37.054736842105264,2011-09-26 15:35:00,2011-09-26 15:35:00,73,1,1.0,704.0400000000001
12613.0,5,1644,3344.38,21.858692810457516,2011-03-22 15:42:00,2011-10-13 14:59:00,56,204,0.024509803921568627,81.97009803921569
12614.0,1,76,315.6,15.780000000000001,2011-03-07 10:22:00,2011-03-07 10:22:00,277,1,1.0,315.6
12615.0,4,1376,2291.19,21.820857142857143,2011-06-24 13:35:00,2011-12-07 15:02:00,1,166,0.024096385542168676,55.20939759036145
12616.0,2,284,713.3,22.290625,2011-02-15 14:17:00,2011-09-05 15:17:00,94,202,0.009900990099009901,7.062376237623762
12617.0,1,213,355.53,8.465,2011-11-10 14:39:00,2011-11-10 14:39:00,28,1,1.0,355.53
12618.0,1,96,177.31,16.11909090909091,2011-11-18 11:10:00,2011-11-18 11:10:00,21,1,1.0,177.31
12619.0,9,3378,3641.24,40.45822222222222,2011-03-31 13:10:00,2011-11-23 14:52:00,15,237,0.0379746835443038,138.27493670886076
12620.0,3,1181,1339.41,14.558804347826088,2011-05-19 12:10:00,2011-11-25 10:20:00,14,189,0.015873015873015872,21.26047619047619
12621.0,20,7440,13689.67,29.31406852248394,2010-12-09 10:16:00,2011-12-08 11:25:00,1,364,0.054945054945054944,752.1796703296703
12622.0,1,69,180.1,16.37272727272727,2011-04-21 16:39:00,2011-04-21 16:39:00,231,1,1.0,180.1
12623.0,1,191,305.1,16.950000000000003,2011-03-08 13:50:00,2011-03-08 13:50:00,275,1,1.0,305.1
12624.0,2,355,641.13,16.87184210526316,2011-06-15 12:34:00,2011-08-25 15:04:00,105,71,0.028169014084507043,18.06
12625.0,2,1612,2683.82,31.207209302325584,2011-01-24 13:27:00,2011-05-12 09:54:00,211,107,0.018691588785046728,50.164859813084114
12626.0,9,3453,6620.48,22.51863945578231,2011-01-17 11:01:00,2011-11-16 16:06:00,22,303,0.0297029702970297,196.6479207920792
12627.0,7,2752,4478.53,19.47186956521739,2011-07-22 13:59:00,2011-11-29 12:07:00,10,129,0.05426356589147287,243.02100775193796
12628.0,3,448,786.46,19.181951219512197,2011-10-06 09:28:00,2011-12-05 13:15:00,3,60,0.05,39.32300000000001
12630.0,2,548,1270.88,19.8575,2011-10-27 10:41:00,2011-11-30 10:48:00,9,34,0.058823529411764705,74.75764705882354
12631.0,1,236,640.5,20.661290322580644,2011-10-13 13:53:00,2011-10-13 13:53:00,56,1,1.0,640.5
12633.0,4,1162,2163.98,21.425544554455445,2011-02-25 08:44:00,2011-10-12 11:40:00,58,229,0.017467248908296942,37.79877729257642
12635.0,2,1172,1689.18,16.724554455445546,2011-07-08 08:43:00,2011-09-11 11:04:00,89,65,0.03076923076923077,51.97476923076923
12637.0,8,3002,6021.9,15.440769230769229,2011-01-20 10:47:00,2011-10-03 13:46:00,66,256,0.03125,188.184375
12638.0,1,577,671.69,17.222820512820515,2011-11-06 13:11:00,2011-11-06 13:11:00,32,1,1.0,671.69
12639.0,1,201,486.1,22.095454545454547,2011-04-15 12:48:00,2011-04-15 12:48:00,238,1,1.0,486.1
12640.0,3,311,1174.58,22.16188679245283,2011-09-19 12:01:00,2011-11-16 11:52:00,23,57,0.05263157894736842,61.81999999999999
12641.0,1,72,185.9,18.59,2011-08-16 13:26:00,2011-08-16 13:26:00,114,1,1.0,185.9
12642.0,3,552,1013.26,21.558723404255318,2011-08-24 09:23:00,2011-11-14 15:03:00,24,82,0.036585365853658534,37.07048780487805
12643.0,6,1808,3344.64,139.35999999999999,2011-01-11 11:48:00,2011-08-03 12:56:00,127,204,0.029411764705882353,98.37176470588234
12644.0,1,325,477.91,15.416451612903227,2011-08-02 10:33:00,2011-08-02 10:33:00,129,1,1.0,477.91
12645.0,4,1084,1775.18,24.31753424657534,2011-01-27 13:08:00,2011-11-06 12:38:00,33,282,0.014184397163120567,25.17985815602837
12646.0,2,897,1346.97,29.932666666666666,2011-10-21 12:52:00,2011-12-05 10:14:00,4,44,0.045454545454545456,61.22590909090909
12647.0,12,1431,3722.82,30.76710743801653,2010-12-05 14:02:00,2011-11-17 12:56:00,21,346,0.03468208092485549,129.1151445086705
12648.0,1,160,318.05,15.145238095238096,2011-07-08 11:55:00,2011-07-08 11:55:00,154,1,1.0,318.05
12649.0,3,586,623.51,20.113225806451613,2011-05-11 14:37:00,2011-08-24 14:41:00,106,105,0.02857142857142857,17.814571428571426
12650.0,1,254,314.44,15.722,2011-12-06 16:34:00,2011-12-06 16:34:00,2,1,1.0,314.44
12651.0,1,78,114.0,12.666666666666666,2011-01-09 12:46:00,2011-01-09 12:46:00,334,1,1.0,114.0
12652.0,1,505,919.98,19.16625,2011-01-12 15:00:00,2011-01-12 15:00:00,330,1,1.0,919.98
12653.0,2,919,2209.85,51.391860465116274,2011-02-16 10:53:00,2011-07-14 10:41:00,148,147,0.013605442176870748,30.06598639455782
12654.0,5,264,601.98,15.841578947368422,2011-02-17 13:16:00,2011-11-29 10:10:00,10,284,0.017605633802816902,10.59823943661972
12656.0,5,1723,4051.17,32.152142857142856,2011-04-20 09:20:00,2011-11-22 13:42:00,16,216,0.023148148148148147,93.77708333333332
12657.0,4,1044,1643.18,34.961276595744685,2011-09-22 11:40:00,2011-11-28 15:47:00,10,67,0.05970149253731343,98.10029850746268
12658.0,1,320,686.05,19.056944444444444,2011-11-21 10:22:00,2011-11-21 10:22:00,18,1,1.0,686.05
12659.0,1,105,91.68,18.336000000000002,2011-11-10 11:53:00,2011-11-10 11:53:00,29,1,1.0,91.68
12660.0,1,127,245.1,18.853846153846153,2011-11-28 13:26:00,2011-11-28 13:26:00,10,1,1.0,245.1
12662.0,11,2058,3849.78,16.73817391304348,2010-12-01 13:04:00,2011-12-09 11:59:00,0,372,0.02956989247311828,113.8375806451613
12664.0,9,1203,4881.88,131.94270270270272,2011-01-21 11:42:00,2011-12-01 17:07:00,7,314,0.028662420382165606,139.92649681528664
12665.0,1,37,63.0,21.0,2011-01-19 08:34:00,2011-01-19 08:34:00,324,1,1.0,63.0
12667.0,1,395,620.13,18.791818181818183,2011-10-12 17:00:00,2011-10-12 17:00:00,57,1,1.0,620.13
12668.0,4,1634,3807.15,23.64689440993789,2010-12-19 12:46:00,2011-11-28 10:56:00,11,343,0.011661807580174927,44.398250728862976
12669.0,3,1115,2744.0299999999997,27.168613861386135,2011-03-28 10:15:00,2011-07-12 09:54:00,150,105,0.02857142857142857,78.40085714285713
12670.0,5,1397,2996.05,32.56576086956522,2011-04-21 10:16:00,2011-11-29 15:23:00,9,222,0.02252252252252252,67.4786036036036
12672.0,1,78,225.89999999999998,22.589999999999996,2011-01-14 09:20:00,2011-01-14 09:20:00,329,1,1.0,225.89999999999998
12673.0,2,351,610.52,14.536190476190475,2011-01-17 11:46:00,2011-12-04 13:55:00,4,321,0.006230529595015576,3.8038629283489094
12674.0,4,1133,1970.6,23.742168674698792,2011-05-16 09:10:00,2011-11-01 12:12:00,38,169,0.023668639053254437,46.64142011834319
12676.0,6,670,1331.39,29.586444444444446,2011-02-01 15:41:00,2011-11-15 12:25:00,24,286,0.02097902097902098,27.931258741258745
12678.0,12,10923,17628.46,106.83915151515151,2010-12-21 11:00:00,2011-10-28 13:04:00,41,311,0.03858520900321544,680.1978135048232
12679.0,4,554,1113.02,23.187916666666666,2011-03-01 12:26:00,2011-10-12 12:30:00,58,225,0.017777777777777778,19.787022222222223
12680.0,4,443,862.81,16.592499999999998,2011-08-18 15:44:00,2011-12-09 12:50:00,0,112,0.03571428571428571,30.814642857142854
12681.0,22,7536,13787.54,21.610564263322885,2010-12-07 10:08:00,2011-11-25 11:33:00,14,353,0.06232294617563739,859.2801133144476
12682.0,31,5575,12288.22,23.406133333333333,2010-12-03 13:59:00,2011-12-06 10:00:00,3,367,0.08446866485013624,1037.969536784741
12683.0,15,4987,8476.57,24.641191860465117,2010-12-09 10:37:00,2011-12-05 16:31:00,3,361,0.04155124653739612,352.2120498614958
12684.0,7,1985,2283.63,21.748857142857144,2011-05-10 12:55:00,2011-12-02 09:53:00,7,205,0.03414634146341464,77.97760975609756
12685.0,6,1523,2863.08,18.236178343949042,2011-09-07 10:28:00,2011-11-11 13:46:00,27,65,0.09230769230769231,264.2843076923077
12686.0,1,107,89.14,12.734285714285715,2010-12-03 09:51:00,2010-12-03 09:51:00,371,1,1.0,89.14
12688.0,1,3028,4873.8099999999995,28.501812865497072,2011-08-18 08:49:00,2011-08-18 08:49:00,113,1,1.0,4873.8099999999995
12689.0,2,628,1247.61,17.327916666666667,2011-08-04 10:04:00,2011-11-14 08:31:00,25,101,0.019801980198019802,24.705148514851484
12690.0,1,106,389.01,24.313125,2011-05-18 09:09:00,2011-05-18 09:09:00,205,1,1.0,389.01
12691.0,6,394,1035.8,32.36875,2010-12-17 14:46:00,2011-11-11 16:49:00,27,329,0.0182370820668693,18.88996960486322
12693.0,4,255,855.91,21.946410256410257,2011-01-24 12:58:00,2011-08-04 17:51:00,126,192,0.020833333333333332,17.83145833333333
12694.0,2,509,869.67,23.504594594594593,2011-06-09 17:48:00,2011-09-30 13:06:00,69,112,0.017857142857142856,15.529821428571427
12695.0,4,220,582.1,21.55925925925926,2011-05-13 13:15:00,2011-12-02 13:22:00,6,203,0.019704433497536946,11.469950738916257
12697.0,3,508,957.59,23.355853658536585,2011-06-23 15:44:00,2011-11-11 08:47:00,28,140,0.02142857142857143,20.519785714285714
12700.0,4,2967,4939.99,18.432798507462685,2011-05-08 16:10:00,2011-12-02 10:47:00,7,207,0.01932367149758454,95.45874396135265
12701.0,2,678,797.71,15.051132075471699,2011-04-11 13:02:00,2011-09-21 10:47:00,79,162,0.012345679012345678,9.848271604938272
12702.0,1,53,219.0,18.25,2011-11-20 10:36:00,2011-11-20 10:36:00,19,1,1.0,219.0
12703.0,1,164,283.55,13.502380952380953,2011-09-29 17:52:00,2011-09-29 17:52:00,70,1,1.0,283.55
12704.0,8,1006,2340.84,26.600454545454546,2011-06-23 10:20:00,2011-12-02 13:15:00,6,162,0.04938271604938271,115.59703703703704
12705.0,9,3997,6868.29,20.56374251497006,2010-12-17 15:58:00,2011-11-24 13:17:00,14,341,0.026392961876832845,181.27451612903226
12707.0,1,256,603.42,18.285454545454545,2011-02-21 08:38:00,2011-02-21 08:38:00,291,1,1.0,603.42
12708.0,10,1307,2712.91,17.27968152866242,2010-12-06 10:43:00,2011-11-10 09:52:00,29,338,0.029585798816568046,80.26360946745561
12709.0,15,3936,9736.52,46.81019230769231,2010-12-08 09:49:00,2011-11-24 15:38:00,14,351,0.042735042735042736,416.09059829059834
12710.0,3,851,1149.02,14.922337662337663,2011-05-22 14:05:00,2011-09-04 12:00:00,96,104,0.028846153846153848,33.144807692307694
12712.0,13,1062,4396.13,33.053609022556394,2010-12-03 14:30:00,2011-11-11 08:19:00,28,342,0.038011695906432746,167.1043567251462
12713.0,1,508,848.55,22.330263157894734,2011-12-09 12:16:00,2011-12-09 12:16:00,0,1,1.0,848.55
12714.0,5,3069,4708.86,18.18092664092664,2011-02-18 10:53:00,2011-11-30 15:43:00,8,285,0.017543859649122806,82.61157894736841
12715.0,1,197,353.86,16.85047619047619,2011-08-25 15:22:00,2011-08-25 15:22:00,105,1,1.0,353.86
12716.0,2,708,1053.49,15.267971014492753,2011-07-29 13:28:00,2011-12-06 08:55:00,3,129,0.015503875968992248,16.333178294573642
12717.0,2,506,1030.98,18.74509090909091,2011-04-08 10:32:00,2011-07-11 14:47:00,150,94,0.02127659574468085,21.935744680851062
12718.0,1,203,238.25,12.539473684210526,2011-09-29 16:38:00,2011-09-29 16:38:00,70,1,1.0,238.25
12719.0,2,374,644.95,16.53717948717949,2011-10-05 14:50:00,2011-12-04 13:45:00,4,59,0.03389830508474576,21.86271186440678
12720.0,25,4672,5781.73,16.332570621468925,2010-12-05 15:21:00,2011-12-07 08:03:00,2,366,0.06830601092896176,394.926912568306
12721.0,6,1959,2656.13,16.497701863354038,2010-12-20 11:38:00,2011-11-08 12:13:00,31,323,0.018575851393188854,49.33987616099071
12722.0,4,566,997.63,18.82320754716981,2011-07-12 11:55:00,2011-09-15 14:50:00,84,65,0.06153846153846154,61.39261538461539
12723.0,5,434,725.07,10.508260869565218,2011-10-05 15:52:00,2011-12-06 10:19:00,3,61,0.08196721311475409,59.43196721311475
12724.0,4,445,1031.41,19.460566037735852,2011-01-11 15:00:00,2011-12-04 16:02:00,4,327,0.012232415902140673,12.616636085626913
12725.0,1,164,427.8,17.825,2010-12-03 15:45:00,2010-12-03 15:45:00,370,1,1.0,427.8
12726.0,7,3143,2609.1,21.041129032258063,2010-12-17 12:56:00,2011-11-11 13:35:00,27,329,0.02127659574468085,55.5127659574468
12727.0,7,2098,3980.7,28.638129496402875,2011-01-23 15:17:00,2011-11-29 11:46:00,10,309,0.022653721682847898,90.17766990291263
12728.0,4,419,836.33,18.18108695652174,2011-01-11 13:31:00,2011-09-29 15:31:00,70,261,0.01532567049808429,12.817318007662836
12729.0,1,233,453.01,17.423461538461538,2011-08-18 11:40:00,2011-08-18 11:40:00,113,1,1.0,453.01
12731.0,12,8437,18895.91,68.96317518248175,2010-12-10 10:56:00,2011-11-16 11:59:00,23,341,0.03519061583577713,664.9587096774194
12732.0,1,111,236.26000000000002,19.688333333333336,2011-06-13 11:33:00,2011-06-13 11:33:00,179,1,1.0,236.26000000000002
12733.0,1,137,383.95,17.452272727272728,2011-04-19 16:19:00,2011-04-19 16:19:00,233,1,1.0,383.95
12734.0,1,88,110.39999999999999,27.599999999999998,2010-12-22 12:47:00,2010-12-22 12:47:00,352,1,1.0,110.39999999999999
12735.0,2,368,779.5699999999999,18.12953488372093,2011-01-06 14:26:00,2011-01-28 13:37:00,314,21,0.09523809523809523,74.2447619047619
12736.0,1,173,234.0,58.5,2011-01-11 07:57:00,2011-01-11 07:57:00,332,1,1.0,234.0
12738.0,1,148,155.35,14.122727272727273,2010-12-02 18:27:00,2010-12-02 18:27:00,371,1,1.0,155.35
12739.0,2,486,1013.04,26.658947368421053,2011-09-01 17:45:00,2011-09-22 13:00:00,77,20,0.1,101.304
12740.0,1,342,427.6,15.837037037037037,2011-10-07 10:44:00,2011-10-07 10:44:00,63,1,1.0,427.6
12743.0,2,319,546.43,4.077835820895522,2011-07-28 16:06:00,2011-07-28 16:21:00,133,1,2.0,1092.86
12744.0,7,5241,21279.29,95.85265765765766,2011-01-25 13:26:00,2011-10-19 11:18:00,51,266,0.02631578947368421,559.9813157894737
12747.0,11,1275,4196.01,40.737961165048546,2010-12-05 15:38:00,2011-12-07 14:34:00,1,366,0.030054644808743168,126.10959016393443
12748.0,209,25747,33719.73,7.338352557127313,2010-12-01 12:48:00,2011-12-09 12:20:00,0,372,0.5618279569892473,18944.68701612903
12749.0,5,1471,4090.88,20.55718592964824,2011-05-10 15:25:00,2011-12-06 09:56:00,3,209,0.023923444976076555,97.86794258373206
12750.0,1,137,275.88,18.392,2011-08-03 09:13:00,2011-08-03 09:13:00,128,1,1.0,275.88
12752.0,1,2262,4366.78,82.3920754716981,2011-09-19 13:32:00,2011-09-19 13:32:00,80,1,1.0,4366.78
12753.0,6,11421,21429.39,108.77862944162436,2010-12-12 11:44:00,2011-11-17 10:52:00,22,339,0.017699115044247787,379.2812389380531
12754.0,3,6481,3010.74,47.78952380952381,2011-02-04 10:31:00,2011-04-18 09:00:00,235,72,0.041666666666666664,125.44749999999999
12755.0,2,1491,3811.95,952.9875,2010-12-09 10:44:00,2011-03-04 12:42:00,280,85,0.023529411764705882,89.69294117647058
12756.0,1,144,112.07999999999998,28.019999999999996,2011-09-14 09:31:00,2011-09-14 09:31:00,86,1,1.0,112.07999999999998
12757.0,13,2402,7857.1,21.178167115902966,2011-05-12 19:01:00,2011-11-24 12:30:00,15,195,0.06666666666666667,523.8066666666667
12758.0,2,2135,2791.59,28.779278350515465,2011-03-08 12:05:00,2011-08-15 10:22:00,116,159,0.012578616352201259,35.114339622641516
12759.0,3,902,1531.44,16.12042105263158,2011-03-09 08:09:00,2011-10-18 14:49:00,51,223,0.013452914798206279,20.602331838565025
12762.0,2,1227,1898.52,27.51478260869565,2011-11-14 14:23:00,2011-12-02 10:23:00,7,17,0.11764705882352941,223.35529411764705
12763.0,2,316,494.08,27.448888888888888,2010-12-05 15:46:00,2011-07-24 14:12:00,137,230,0.008695652173913044,4.296347826086956
12764.0,1,386,1693.88,37.64177777777778,2011-01-27 10:19:00,2011-01-27 10:19:00,316,1,1.0,1693.88
12766.0,7,3646,6989.63,22.547193548387096,2010-12-08 13:53:00,2011-12-06 08:46:00,3,362,0.019337016574585635,135.158591160221
12769.0,1,356,1143.6,35.7375,2011-04-15 10:25:00,2011-04-15 10:25:00,238,1,1.0,1143.6
12770.0,1,743,1351.45,112.62083333333334,2011-05-13 09:33:00,2011-05-13 09:33:00,210,1,1.0,1351.45
12772.0,1,556,892.47,16.226727272727274,2011-10-11 09:19:00,2011-10-11 09:19:00,59,1,1.0,892.47
12775.0,5,877,1386.04,21.00060606060606,2011-02-01 13:45:00,2011-11-22 16:33:00,16,294,0.017006802721088437,23.572108843537418
12778.0,6,825,822.23,16.4446,2011-01-31 14:35:00,2011-11-20 11:30:00,19,292,0.02054794520547945,16.89513698630137
12779.0,8,2024,3981.36,26.72053691275168,2010-12-03 13:40:00,2011-11-02 11:43:00,37,333,0.024024024024024024,95.64828828828828
12781.0,2,671,826.74,33.0696,2011-02-28 08:43:00,2011-10-07 10:37:00,63,221,0.00904977375565611,7.481809954751132
12782.0,5,1086,2330.92,22.630291262135923,2010-12-17 11:30:00,2011-12-05 09:16:00,4,352,0.014204545454545454,33.10965909090909
12783.0,6,624,2225.91,26.49892857142857,2011-09-25 15:35:00,2011-12-07 15:56:00,1,73,0.0821917808219178,182.95150684931505
12784.0,2,300,574.42,9.73593220338983,2011-11-24 12:53:00,2011-11-30 15:38:00,8,6,0.3333333333333333,191.4733333333333
12785.0,1,131,311.95,22.282142857142855,2010-12-10 13:48:00,2010-12-10 13:48:00,363,1,1.0,311.95
12787.0,3,261,463.66,23.183,2011-05-31 09:36:00,2011-11-30 08:44:00,9,182,0.016483516483516484,7.642747252747253
12789.0,1,4,91.85,22.9625,2011-10-05 13:34:00,2011-10-05 13:34:00,64,1,1.0,91.85
12790.0,1,166,324.92,15.472380952380954,2011-05-31 14:14:00,2011-05-31 14:14:00,191,1,1.0,324.92
12791.0,1,97,192.60000000000002,96.30000000000001,2010-12-01 11:27:00,2010-12-01 11:27:00,373,1,1.0,192.60000000000002
12792.0,1,217,400.53999999999996,16.0216,2011-03-28 11:36:00,2011-03-28 11:36:00,256,1,1.0,400.53999999999996
12793.0,2,295,545.48,22.728333333333335,2010-12-03 15:14:00,2011-01-09 12:12:00,334,36,0.05555555555555555,30.304444444444442
12794.0,2,592,860.41,19.12022222222222,2011-09-02 12:01:00,2011-10-17 14:54:00,52,45,0.044444444444444446,38.24044444444444
12795.0,1,68,430.48,30.74857142857143,2011-11-21 10:27:00,2011-11-21 10:27:00,18,1,1.0,430.48
12797.0,1,118,254.03,19.540769230769232,2010-12-09 10:55:00,2010-12-09 10:55:00,365,1,1.0,254.03
12798.0,3,5256,6977.04,872.13,2011-06-22 10:11:00,2011-11-29 15:52:00,9,160,0.01875,130.8195
12802.0,1,314,427.58,17.1032,2011-06-06 09:36:00,2011-06-06 09:36:00,186,1,1.0,427.58
12808.0,3,188,483.65000000000003,17.273214285714285,2010-12-06 10:27:00,2011-11-03 10:05:00,36,331,0.00906344410876133,4.383534743202418
12809.0,1,220,489.31,19.572400000000002,2011-06-15 10:51:00,2011-06-15 10:51:00,177,1,1.0,489.31
12811.0,3,230,514.85,16.608064516129033,2011-02-28 15:39:00,2011-03-24 09:42:00,260,23,0.13043478260869565,67.15434782608696
12812.0,1,164,229.64000000000001,15.309333333333335,2011-10-26 09:54:00,2011-10-26 09:54:00,44,1,1.0,229.64000000000001
12814.0,1,49,125.92,62.96,2011-08-30 12:11:00,2011-08-30 12:11:00,101,1,1.0,125.92
12815.0,2,379,1063.46,22.6268085106383,2011-05-25 13:34:00,2011-07-15 10:21:00,147,50,0.04,42.5384
12816.0,2,128,572.2,19.731034482758623,2011-06-16 13:24:00,2011-09-05 12:41:00,95,80,0.025,14.305000000000001
12817.0,1,53,166.04,41.51,2011-03-03 16:28:00,2011-03-03 16:28:00,280,1,1.0,166.04
12818.0,1,929,1542.08,110.14857142857143,2011-03-23 12:06:00,2011-03-23 12:06:00,261,1,1.0,1542.08
12820.0,4,722,942.34,15.97186440677966,2011-01-17 12:34:00,2011-12-06 15:12:00,2,323,0.01238390092879257,11.669845201238392
12821.0,1,70,92.72,15.453333333333333,2011-05-09 15:51:00,2011-05-09 15:51:00,213,1,1.0,92.72
12822.0,2,550,948.88,20.62782608695652,2011-09-13 13:46:00,2011-09-30 10:04:00,70,16,0.125,118.61
12823.0,5,230,1759.5,351.9,2011-02-16 12:15:00,2011-09-26 07:35:00,74,221,0.02262443438914027,39.80769230769231
12824.0,1,232,397.12,15.8848,2011-10-11 12:49:00,2011-10-11 12:49:00,59,1,1.0,397.12
12826.0,7,1058,1474.72,16.205714285714286,2010-12-09 15:21:00,2011-12-07 10:25:00,2,362,0.019337016574585635,28.51668508287293
12827.0,3,197,430.15000000000003,17.206000000000003,2011-10-26 15:44:00,2011-12-04 12:17:00,5,38,0.07894736842105263,33.95921052631579
12828.0,6,494,1018.71,18.19125,2011-08-01 16:16:00,2011-12-07 08:45:00,2,127,0.047244094488188976,48.128031496062995
12829.0,2,376,293.0,26.636363636363637,2010-12-14 14:54:00,2011-01-07 11:13:00,336,23,0.08695652173913043,25.478260869565215
12830.0,6,9848,6814.64,179.33263157894737,2011-06-21 10:53:00,2011-11-02 11:54:00,37,134,0.04477611940298507,305.1331343283582
12831.0,1,135,215.05,23.894444444444446,2011-03-22 13:02:00,2011-03-22 13:02:00,261,1,1.0,215.05
12832.0,2,195,383.03,14.186296296296295,2011-09-02 13:48:00,2011-11-07 13:30:00,31,65,0.03076923076923077,11.785538461538462
12833.0,1,156,417.38,17.390833333333333,2011-07-17 13:46:00,2011-07-17 13:46:00,144,1,1.0,417.38
12834.0,1,110,312.38,17.354444444444443,2011-03-02 09:49:00,2011-03-02 09:49:00,282,1,1.0,312.38
12836.0,4,1064,2612.86,14.930628571428572,2011-02-01 11:19:00,2011-10-11 15:10:00,58,252,0.015873015873015872,41.47396825396825
12837.0,1,24,134.1,11.174999999999999,2011-06-19 16:07:00,2011-06-19 16:07:00,172,1,1.0,134.1
12838.0,2,359,683.13,5.55390243902439,2010-12-01 11:57:00,2011-11-06 12:20:00,33,340,0.0058823529411764705,4.018411764705882
12839.0,14,3807,5591.42,17.80707006369427,2010-12-07 15:48:00,2011-12-07 12:33:00,2,364,0.038461538461538464,215.0546153846154
12840.0,4,1511,2726.77,24.13070796460177,2011-04-27 12:21:00,2011-07-19 09:29:00,143,82,0.04878048780487805,133.01317073170733
12841.0,25,2757,4022.35,9.577023809523808,2010-12-03 10:43:00,2011-12-05 11:13:00,4,367,0.0681198910081744,274.0020435967303
12842.0,2,547,1118.99,32.9114705882353,2011-02-04 12:36:00,2011-09-30 15:33:00,69,238,0.008403361344537815,9.40327731092437
12843.0,8,781,1702.26,16.526796116504855,2011-03-20 14:38:00,2011-10-05 12:09:00,65,198,0.04040404040404041,68.77818181818182
12844.0,2,125,325.96000000000004,6.268461538461539,2011-08-01 13:11:00,2011-11-10 13:31:00,28,101,0.019801980198019802,6.454653465346535
12845.0,4,204,354.09,13.114444444444443,2011-02-22 14:10:00,2011-03-17 13:34:00,266,22,0.18181818181818182,64.38
12847.0,1,909,871.54,9.577362637362636,2011-11-17 13:16:00,2011-11-17 13:16:00,21,1,1.0,871.54
12849.0,2,623,1050.8899999999999,20.6056862745098,2011-03-16 12:26:00,2011-11-08 13:41:00,30,237,0.008438818565400843,8.86827004219409
12851.0,1,109,135.18,2.7036000000000002,2011-09-04 12:41:00,2011-09-04 12:41:00,96,1,1.0,135.18
12852.0,1,149,311.55,18.326470588235296,2011-02-18 08:47:00,2011-02-18 08:47:00,294,1,1.0,311.55
12853.0,6,800,1957.1000000000001,25.09102564102564,2011-01-28 10:28:00,2011-07-28 11:29:00,134,181,0.03314917127071823,64.87624309392265
12854.0,3,627,1324.5,12.040909090909091,2011-01-25 13:35:00,2011-09-22 12:15:00,78,239,0.012552301255230125,16.6255230125523
12855.0,1,30,38.1,12.700000000000001,2010-12-02 09:37:00,2010-12-02 09:37:00,372,1,1.0,38.1
12856.0,6,1079,2179.93,6.942452229299363,2011-10-07 12:38:00,2011-12-02 10:52:00,7,55,0.10909090909090909,237.81054545454543
12857.0,2,343,1106.4,24.05217391304348,2011-02-10 12:32:00,2011-05-13 10:20:00,210,91,0.02197802197802198,24.31648351648352
12863.0,1,188,521.2,104.24000000000001,2011-10-18 14:15:00,2011-10-18 14:15:00,51,1,1.0,521.2
12864.0,1,216,147.12,49.04,2011-07-24 13:03:00,2011-07-24 13:03:00,137,1,1.0,147.12
12865.0,2,925,1568.23,16.507684210526318,2011-08-08 10:11:00,2011-11-13 14:31:00,25,97,0.020618556701030927,32.334639175257735
12866.0,1,171,559.12,21.504615384615384,2011-03-01 14:11:00,2011-03-01 14:11:00,282,1,1.0,559.12
12867.0,7,4298,4036.82,7.503382899628253,2010-12-14 16:39:00,2011-11-13 15:30:00,25,333,0.021021021021021023,84.8580780780781
12868.0,6,928,1607.0600000000002,15.0192523364486,2010-12-01 12:50:00,2011-06-07 10:42:00,185,187,0.03208556149732621,51.56342245989306
12871.0,2,200,380.64,34.60363636363636,2011-05-16 13:32:00,2011-09-16 15:07:00,83,123,0.016260162601626018,6.189268292682927
12872.0,2,319,599.97,9.090454545454547,2010-12-09 14:44:00,2011-01-17 10:52:00,326,38,0.05263157894736842,31.577368421052633
12873.0,1,128,374.0,93.5,2011-03-02 14:58:00,2011-03-02 14:58:00,281,1,1.0,374.0
12875.0,2,2019,343.2300000000001,171.61500000000004,2010-12-12 12:03:00,2011-07-19 15:30:00,142,219,0.0091324200913242,3.134520547945206
12876.0,2,1941,2218.02,26.09435294117647,2011-05-27 13:34:00,2011-10-13 12:26:00,57,138,0.014492753623188406,32.14521739130435
12877.0,12,1178,1535.77,9.972532467532467,2010-12-16 12:23:00,2011-12-06 10:30:00,3,354,0.03389830508474576,52.06
12878.0,2,547,854.99,18.191276595744682,2011-03-18 14:02:00,2011-04-17 13:07:00,235,29,0.06896551724137931,58.964827586206894
12879.0,3,370,573.22,57.322,2011-09-09 12:11:00,2011-10-26 12:24:00,44,47,0.06382978723404255,36.58851063829787
12881.0,1,21,298.0,42.57142857142857,2011-03-09 11:44:00,2011-03-09 11:44:00,275,1,1.0,298.0
12882.0,2,246,1463.04,112.54153846153847,2011-11-06 11:22:00,2011-11-30 16:18:00,8,24,0.08333333333333333,121.91999999999999
12883.0,4,196,703.47,16.749285714285715,2011-09-11 15:18:00,2011-11-15 09:32:00,24,64,0.0625,43.966875
12884.0,1,43,309.05,44.15,2011-09-12 13:10:00,2011-09-12 13:10:00,87,1,1.0,309.05
12885.0,3,655,1175.22,16.552394366197184,2011-08-08 11:45:00,2011-10-07 13:40:00,62,60,0.05,58.761
12886.0,2,770,1378.4,16.809756097560978,2011-05-04 11:21:00,2011-10-03 10:09:00,67,151,0.013245033112582781,18.256953642384108
12888.0,2,76,354.12,70.824,2011-03-29 14:31:00,2011-05-09 16:02:00,213,41,0.04878048780487805,17.274146341463414
12890.0,1,259,380.46999999999997,4.639878048780488,2011-11-15 17:26:00,2011-11-15 17:26:00,23,1,1.0,380.46999999999997
12891.0,3,950,331.0,110.33333333333333,2011-02-20 11:28:00,2011-06-07 12:31:00,185,107,0.028037383177570093,9.280373831775702
12893.0,1,96,188.14,5.533529411764706,2011-11-09 12:34:00,2011-11-09 12:34:00,30,1,1.0,188.14
12895.0,2,210,372.8,16.945454545454545,2011-09-14 08:35:00,2011-10-28 13:51:00,41,44,0.045454545454545456,16.945454545454545
12897.0,2,110,216.5,54.125,2011-02-11 11:40:00,2011-05-19 12:13:00,204,97,0.020618556701030927,4.463917525773196
12901.0,28,23075,17654.54,152.19431034482758,2011-03-14 10:41:00,2011-12-01 10:07:00,8,261,0.10727969348659004,1893.9736398467435
12902.0,1,66,138.68,13.868,2011-03-20 12:06:00,2011-03-20 12:06:00,264,1,1.0,138.68
12904.0,2,302,509.58,7.0775,2011-06-20 13:18:00,2011-11-21 14:34:00,17,154,0.012987012987012988,6.617922077922078
12906.0,5,1749,2919.81,46.34619047619047,2011-09-22 15:03:00,2011-11-28 09:55:00,11,66,0.07575757575757576,221.19772727272726
12908.0,2,1200,750.0,375.0,2011-01-31 12:37:00,2011-06-16 15:39:00,175,136,0.014705882352941176,11.029411764705882
12909.0,5,1280,2178.67,23.941428571428574,2011-03-31 12:51:00,2011-10-31 12:43:00,39,213,0.023474178403755867,51.142488262910796
12910.0,8,1692,3075.04,41.00053333333333,2011-04-12 10:01:00,2011-11-16 14:28:00,22,218,0.03669724770642202,112.84550458715597
12912.0,5,670,1662.3,69.2625,2011-10-30 11:35:00,2011-12-07 08:55:00,2,37,0.13513513513513514,224.63513513513513
12913.0,5,1419,2483.63,49.6726,2010-12-06 16:36:00,2011-12-05 12:11:00,4,363,0.013774104683195593,34.20977961432507
12915.0,2,93,363.65,16.529545454545453,2010-12-02 12:33:00,2011-07-14 11:34:00,148,223,0.008968609865470852,3.261434977578475
12916.0,4,1119,3006.15,28.094859813084113,2011-01-23 10:43:00,2011-07-24 10:35:00,138,181,0.022099447513812154,66.43425414364641
12917.0,1,120,594.0,297.0,2011-08-03 16:42:00,2011-08-03 16:42:00,127,1,1.0,594.0
12919.0,6,673,1335.19,26.7038,2011-06-23 09:22:00,2011-12-01 13:47:00,7,161,0.037267080745341616,49.75863354037267
12920.0,1,129,164.23,5.8653571428571425,2011-11-22 15:05:00,2011-11-22 15:05:00,16,1,1.0,164.23
12921.0,37,9526,16587.09,23.037625,2010-12-01 15:06:00,2011-11-30 16:22:00,8,364,0.10164835164835165,1686.0503571428571
12922.0,1,370,405.38,14.477857142857143,2011-07-01 15:35:00,2011-07-01 15:35:00,160,1,1.0,405.38
12923.0,1,69,176.97,6.102413793103448,2011-10-06 16:20:00,2011-10-06 16:20:00,63,1,1.0,176.97
12924.0,4,481,933.7,31.123333333333335,2011-01-16 11:49:00,2011-09-12 13:55:00,87,239,0.016736401673640166,15.626778242677824
12925.0,2,541,694.05,15.423333333333332,2011-09-26 11:05:00,2011-12-05 11:11:00,4,70,0.02857142857142857,19.83
12928.0,5,1472,2062.7000000000003,24.555952380952384,2010-12-15 15:45:00,2011-11-04 14:24:00,34,323,0.015479876160990712,31.930340557275546
12929.0,1,37,117.85,14.73125,2011-02-01 12:08:00,2011-02-01 12:08:00,311,1,1.0,117.85
12930.0,2,252,415.8,16.632,2011-06-21 13:25:00,2011-09-22 15:18:00,77,93,0.021505376344086023,8.941935483870969
12931.0,15,28004,42055.96,512.8775609756098,2010-12-17 09:45:00,2011-11-18 12:39:00,21,336,0.044642857142857144,1877.4982142857143
12933.0,3,499,607.53,5.7314150943396225,2011-03-01 11:30:00,2011-11-15 16:38:00,23,259,0.011583011583011582,7.037027027027026
12935.0,7,1853,2160.7,16.749612403100773,2011-01-24 13:58:00,2011-12-07 17:25:00,1,317,0.022082018927444796,47.71261829652997
12936.0,4,559,1063.9,17.15967741935484,2011-09-22 13:51:00,2011-11-22 17:32:00,16,61,0.06557377049180328,69.76393442622951
12937.0,4,1007,1504.27,12.535583333333333,2011-03-17 14:19:00,2011-11-24 15:05:00,14,252,0.015873015873015872,23.877301587301584
12938.0,1,140,114.14,12.682222222222222,2011-11-14 11:21:00,2011-11-14 11:21:00,25,1,1.0,114.14
12939.0,8,4876,11581.8,246.42127659574467,2011-01-09 11:20:00,2011-10-06 14:33:00,63,270,0.02962962962962963,343.1644444444444
12940.0,2,411,913.54,9.227676767676767,2011-09-13 10:16:00,2011-10-16 12:09:00,54,33,0.06060606060606061,55.36606060606061
12942.0,3,203,683.9,9.118666666666666,2010-12-09 09:34:00,2011-07-31 14:39:00,130,234,0.01282051282051282,8.767948717948718
12944.0,2,289,604.51,20.150333333333332,2010-12-20 10:41:00,2011-11-04 11:04:00,35,319,0.006269592476489028,3.7900313479623824
12945.0,1,165,462.95,20.128260869565217,2011-02-24 14:15:00,2011-02-24 14:15:00,287,1,1.0,462.95
12947.0,6,1165,1603.99,16.535979381443298,2010-12-01 16:21:00,2011-07-19 10:06:00,143,229,0.026200873362445413,42.02593886462882
12948.0,7,1080,2064.95,17.801293103448273,2011-03-20 10:17:00,2011-11-23 17:10:00,15,248,0.028225806451612902,58.28487903225806
12949.0,8,2381,4167.22,19.382418604651164,2011-04-01 13:20:00,2011-11-09 11:25:00,30,221,0.03619909502262444,150.84959276018103
12950.0,3,1380,1843.0,80.1304347826087,2011-11-15 13:48:00,2011-12-07 13:17:00,1,21,0.14285714285714285,263.2857142857143
12951.0,6,503,1064.07,16.89,2011-01-13 10:33:00,2011-12-01 12:14:00,8,322,0.018633540372670808,19.827391304347824
12952.0,4,653,1387.79,17.566962025316457,2011-09-22 16:37:00,2011-12-04 10:35:00,5,72,0.05555555555555555,77.09944444444444
12953.0,1,84,329.85,19.40294117647059,2011-11-30 09:24:00,2011-11-30 09:24:00,9,1,1.0,329.85
12955.0,11,3664,4757.16,26.428666666666665,2011-03-17 09:03:00,2011-12-08 16:29:00,0,266,0.041353383458646614,196.72466165413533
12956.0,1,34,108.07,5.687894736842105,2011-02-06 16:08:00,2011-02-06 16:08:00,305,1,1.0,108.07
12957.0,8,2549,4017.54,16.880420168067225,2011-01-04 12:18:00,2011-11-30 09:53:00,9,329,0.0243161094224924,97.69094224924012
12962.0,2,129,266.39,16.649375,2011-08-18 13:38:00,2011-12-02 15:55:00,6,106,0.018867924528301886,5.026226415094339
12963.0,8,881,1856.63,19.54347368421053,2010-12-09 09:14:00,2011-12-01 12:55:00,7,357,0.022408963585434174,41.60515406162465
12965.0,1,283,771.91,7.081743119266055,2011-09-11 15:31:00,2011-09-11 15:31:00,88,1,1.0,771.91
12966.0,1,75,160.18,16.018,2011-11-30 12:38:00,2011-11-30 12:38:00,9,1,1.0,160.18
12967.0,2,438,1660.9,87.41578947368421,2010-12-03 09:49:00,2010-12-16 19:10:00,357,13,0.15384615384615385,255.52307692307696
12968.0,1,73,135.95,27.189999999999998,2011-08-19 15:44:00,2011-08-19 15:44:00,111,1,1.0,135.95
12970.0,4,310,452.24,2.9949668874172186,2011-01-21 14:04:00,2011-12-02 14:30:00,6,315,0.012698412698412698,5.742730158730159
12971.0,86,9289,11189.91,36.68822950819672,2010-12-02 16:42:00,2011-12-06 12:20:00,3,368,0.23369565217391305,2615.033315217391
12974.0,1,24,144.8,18.1,2011-05-26 09:33:00,2011-05-26 09:33:00,197,1,1.0,144.8
12976.0,1,561,738.6,33.57272727272727,2011-05-12 09:55:00,2011-05-12 09:55:00,211,1,1.0,738.6
12977.0,1,12,39.239999999999995,4.359999999999999,2011-07-06 16:40:00,2011-07-06 16:40:00,155,1,1.0,39.239999999999995
12980.0,9,886,7374.900000000001,368.745,2010-12-16 11:36:00,2011-07-05 09:34:00,157,200,0.045,331.8705
12981.0,2,242,372.21999999999997,18.610999999999997,2011-07-29 14:14:00,2011-11-10 12:00:00,29,103,0.019417475728155338,7.227572815533979
12982.0,1,288,390.54,13.947857142857144,2011-04-11 11:51:00,2011-04-11 11:51:00,242,1,1.0,390.54
12984.0,1,26,97.5,24.375,2011-11-21 12:37:00,2011-11-21 12:37:00,18,1,1.0,97.5
12985.0,2,1533,1239.38,16.30763157894737,2011-11-11 12:44:00,2011-12-09 10:46:00,0,27,0.07407407407407407,91.80592592592593
12987.0,2,219,558.7,19.95357142857143,2011-05-26 12:00:00,2011-09-27 12:03:00,73,124,0.016129032258064516,9.011290322580646
12988.0,1,136,535.32,5.818695652173914,2011-02-20 14:31:00,2011-02-20 14:31:00,291,1,1.0,535.32
12989.0,15,2943,6924.110000000001,108.18921875000001,2010-12-10 13:24:00,2011-12-06 15:28:00,2,361,0.04155124653739612,287.7054016620499
12990.0,3,200,409.5,31.5,2011-02-02 15:39:00,2011-11-08 13:01:00,30,278,0.01079136690647482,4.419064748201439
12991.0,2,405,503.76,16.25032258064516,2011-08-19 14:39:00,2011-11-16 15:34:00,22,89,0.02247191011235955,11.320449438202246
12993.0,4,240,414.76,15.361481481481482,2011-02-14 14:29:00,2011-11-16 15:49:00,22,275,0.014545454545454545,6.032872727272727
12994.0,3,459,974.4200000000001,15.97409836065574,2011-03-16 08:31:00,2011-12-05 15:43:00,3,264,0.011363636363636364,11.072954545454547
12995.0,1,108,211.32,70.44,2011-09-15 15:44:00,2011-09-15 15:44:00,84,1,1.0,211.32
12997.0,4,664,1226.89,20.794745762711866,2011-01-26 15:49:00,2011-11-17 15:47:00,21,294,0.013605442176870748,16.692380952380955
12999.0,3,342,455.88,16.28142857142857,2011-04-08 10:26:00,2011-05-27 13:24:00,195,49,0.061224489795918366,27.911020408163264
13000.0,3,379,534.85,17.253225806451614,2010-12-10 10:26:00,2011-08-25 10:43:00,106,258,0.011627906976744186,6.219186046511628
13001.0,13,5505,9818.82,28.964070796460177,2011-01-17 12:45:00,2011-12-05 14:51:00,3,322,0.040372670807453416,396.41198757763976
13002.0,1,73,120.94999999999999,17.27857142857143,2011-01-25 15:18:00,2011-01-25 15:18:00,317,1,1.0,120.94999999999999
13003.0,3,103,149.05,24.84166666666667,2011-05-09 08:23:00,2011-08-26 10:50:00,105,109,0.027522935779816515,4.102293577981652
13004.0,18,4822,5655.91,13.999777227722772,2010-12-17 08:20:00,2011-11-28 11:27:00,11,346,0.05202312138728324,294.23809248554915
13005.0,2,172,513.7,19.75769230769231,2011-04-07 13:32:00,2011-06-19 10:53:00,173,72,0.027777777777777776,14.269444444444446
13006.0,1,55,81.57,20.3925,2011-10-14 13:49:00,2011-10-14 13:49:00,55,1,1.0,81.57
13008.0,1,175,229.46999999999997,16.390714285714285,2011-01-20 14:24:00,2011-01-20 14:24:00,322,1,1.0,229.46999999999997
13011.0,1,13,50.550000000000004,16.85,2010-12-02 17:22:00,2010-12-02 17:22:00,371,1,1.0,50.550000000000004
13012.0,8,824,1661.8400000000001,18.6723595505618,2011-02-18 09:43:00,2011-11-30 13:05:00,8,285,0.028070175438596492,46.6481403508772
13013.0,13,2224,4810.9400000000005,21.967762557077627,2010-12-03 12:28:00,2011-12-08 15:01:00,0,370,0.03513513513513514,169.03302702702706
13014.0,10,905,3466.2799999999997,31.800733944954125,2011-03-03 18:28:00,2011-11-29 12:27:00,10,270,0.037037037037037035,128.38074074074072
13015.0,5,1617,3346.28,19.012954545454548,2011-04-04 14:28:00,2011-10-17 13:19:00,52,195,0.02564102564102564,85.80205128205128
13016.0,3,527,789.89,16.806170212765956,2011-08-08 15:00:00,2011-09-27 14:08:00,72,49,0.061224489795918366,48.36061224489796
13017.0,1,48,204.0,204.0,2011-12-02 15:53:00,2011-12-02 15:53:00,6,1,1.0,204.0
13018.0,28,5435,7277.7,15.890174672489083,2011-02-17 11:05:00,2011-11-23 13:28:00,15,279,0.1003584229390681,730.3784946236559
13021.0,9,1352,2616.38,19.97236641221374,2010-12-16 10:12:00,2011-12-05 16:37:00,3,354,0.025423728813559324,66.51813559322035
13023.0,2,286,689.9,17.2475,2011-08-02 09:34:00,2011-10-06 16:27:00,63,65,0.03076923076923077,21.22769230769231
13026.0,5,1620,975.36,24.384,2011-03-09 11:35:00,2011-12-08 16:58:00,0,274,0.01824817518248175,17.7985401459854
13027.0,6,17280,6912.0,265.84615384615387,2010-12-20 12:45:00,2011-08-18 09:39:00,113,240,0.025,172.8
13028.0,2,798,661.3199999999999,14.695999999999998,2011-10-25 14:09:00,2011-11-17 11:10:00,22,22,0.09090909090909091,60.12
13029.0,3,134,1247.5,124.75,2010-12-21 13:53:00,2011-11-09 09:13:00,30,322,0.009316770186335404,11.622670807453417
13030.0,2,394,799.48,8.075555555555555,2010-12-06 14:31:00,2011-11-28 14:30:00,10,356,0.0056179775280898875,4.491460674157303
13032.0,2,375,1010.18,14.227887323943662,2011-09-13 16:40:00,2011-10-18 15:54:00,51,34,0.058823529411764705,59.42235294117647
13033.0,1,83,190.55,17.322727272727274,2010-12-17 14:23:00,2010-12-17 14:23:00,356,1,1.0,190.55
13034.0,2,369,642.77,17.372162162162162,2010-12-05 14:52:00,2011-10-16 12:21:00,54,314,0.006369426751592357,4.094076433121019
13035.0,2,644,921.88,34.1437037037037,2011-03-24 09:21:00,2011-09-27 08:57:00,73,186,0.010752688172043012,9.912688172043012
13037.0,3,431,881.07,18.355625,2011-03-28 15:42:00,2011-07-24 15:46:00,137,118,0.025423728813559324,22.400084745762715
13038.0,3,360,908.46,32.445,2011-02-22 11:43:00,2011-09-20 14:37:00,79,210,0.014285714285714285,12.978
13040.0,2,355,676.99,15.743953488372092,2011-11-06 13:53:00,2011-12-01 10:38:00,8,24,0.08333333333333333,56.41583333333333
13043.0,1,254,516.42,39.72461538461538,2011-03-11 14:52:00,2011-03-11 14:52:00,272,1,1.0,516.42
13044.0,1,429,560.47,16.983939393939394,2011-02-21 15:20:00,2011-02-21 15:20:00,290,1,1.0,560.47
13045.0,1,221,305.28000000000003,16.96,2011-09-01 15:04:00,2011-09-01 15:04:00,98,1,1.0,305.28000000000003
13046.0,2,264,629.31,17.980285714285714,2011-03-18 15:43:00,2011-11-09 08:36:00,30,235,0.00851063829787234,5.355829787234042
13047.0,10,1391,3237.54,18.822906976744186,2010-12-01 08:34:00,2011-11-08 12:06:00,31,342,0.029239766081871343,94.66491228070174
13048.0,4,1238,1835.91,13.499338235294118,2011-01-16 14:36:00,2011-11-25 13:23:00,13,312,0.01282051282051282,23.537307692307692
13049.0,2,268,656.6800000000001,46.90571428571429,2011-01-25 16:33:00,2011-10-06 15:31:00,63,253,0.007905138339920948,5.191146245059289
13050.0,17,3748,5836.86,14.483523573200992,2010-12-08 09:30:00,2011-11-25 09:18:00,14,351,0.04843304843304843,282.69692307692304
13052.0,1,222,348.15000000000003,19.34166666666667,2011-05-11 14:12:00,2011-05-11 14:12:00,211,1,1.0,348.15000000000003
13055.0,3,894,1214.41,15.979078947368421,2011-05-10 08:58:00,2011-09-22 14:26:00,77,135,0.022222222222222223,26.986888888888892
13058.0,3,52,271.40000000000003,33.925000000000004,2011-07-11 12:01:00,2011-11-15 12:43:00,24,127,0.023622047244094488,6.411023622047245
13059.0,1,35,183.4,22.925,2011-04-04 10:40:00,2011-04-04 10:40:00,249,1,1.0,183.4
13060.0,1,123,307.53,20.502,2011-03-31 11:37:00,2011-03-31 11:37:00,253,1,1.0,307.53
13061.0,1,107,248.61,24.861,2011-09-28 16:04:00,2011-09-28 16:04:00,71,1,1.0,248.61
13062.0,1,343,346.98,31.543636363636367,2011-06-01 15:12:00,2011-06-01 15:12:00,190,1,1.0,346.98
13064.0,4,516,1119.49,16.22449275362319,2011-01-16 13:41:00,2011-11-27 12:31:00,12,314,0.012738853503184714,14.261019108280255
13065.0,1,74,205.86,14.704285714285716,2010-12-01 16:52:00,2010-12-01 16:52:00,372,1,1.0,205.86
13066.0,2,322,470.8,9.808333333333334,2011-11-07 17:06:00,2011-11-15 12:57:00,23,7,0.2857142857142857,134.5142857142857
13067.0,1,32,115.46000000000001,7.697333333333334,2011-09-18 13:38:00,2011-09-18 13:38:00,81,1,1.0,115.46000000000001
13068.0,2,200,344.0,172.0,2011-01-24 08:20:00,2011-11-29 15:00:00,9,309,0.006472491909385114,2.226537216828479
13069.0,24,5885,4436.12,10.437929411764706,2010-12-05 11:02:00,2011-12-09 08:39:00,0,368,0.06521739130434782,289.31217391304347
13070.0,1,110,228.8,25.422222222222224,2011-05-31 13:45:00,2011-05-31 13:45:00,191,1,1.0,228.8
13072.0,1,69,177.15,25.307142857142857,2011-03-18 08:12:00,2011-03-18 08:12:00,266,1,1.0,177.15
13075.0,1,485,919.61,41.80045454545455,2011-08-02 10:19:00,2011-08-02 10:19:00,129,1,1.0,919.61
13077.0,4,863,729.27,6.5113392857142856,2010-12-08 14:59:00,2011-12-08 19:24:00,0,365,0.010958904109589041,7.992
13078.0,26,5630,12627.94,35.27357541899441,2010-12-08 09:07:00,2011-12-06 15:36:00,2,363,0.07162534435261708,904.4805509641874
13079.0,5,62,220.10000000000002,36.68333333333334,2011-07-22 14:41:00,2011-12-05 16:53:00,3,136,0.03676470588235294,8.091911764705884
13080.0,1,120,58.08,9.68,2011-06-13 14:59:00,2011-06-13 14:59:00,178,1,1.0,58.08
13081.0,11,19068,28337.38,27.67322265625,2010-12-03 17:20:00,2011-11-28 10:54:00,11,359,0.03064066852367688,868.2762674094707
13082.0,9,4324,3613.63,49.50178082191781,2011-01-05 15:42:00,2011-08-05 16:16:00,125,212,0.04245283018867924,153.40882075471697
13083.0,2,187,303.75,16.875,2011-09-25 10:46:00,2011-12-05 15:01:00,3,71,0.028169014084507043,8.556338028169014
13085.0,2,216,416.08000000000004,18.912727272727274,2011-02-17 13:57:00,2011-07-05 12:11:00,157,137,0.014598540145985401,6.074160583941606
13089.0,97,31070,58825.83,32.35744224422442,2010-12-05 10:27:00,2011-12-07 09:02:00,2,366,0.2650273224043716,15590.452213114755
13090.0,14,2263,8910.82,57.48916129032258,2010-12-02 07:48:00,2011-12-01 12:39:00,8,364,0.038461538461538464,342.7238461538462
13091.0,1,466,345.82,16.467619047619046,2011-11-11 15:54:00,2011-11-11 15:54:00,27,1,1.0,345.82
13092.0,5,279,477.83,19.1132,2010-12-15 12:27:00,2011-09-30 11:18:00,70,288,0.017361111111111112,8.295659722222222
13093.0,8,3961,7832.47,49.260817610062894,2010-12-01 15:00:00,2011-03-09 12:14:00,275,97,0.08247422680412371,645.9769072164949
13094.0,12,1716,1927.3200000000002,80.305,2010-12-06 10:34:00,2011-11-18 14:07:00,20,347,0.0345821325648415,66.65083573487033
13095.0,1,144,74.39999999999999,12.399999999999999,2011-09-30 12:03:00,2011-09-30 12:03:00,70,1,1.0,74.39999999999999
13097.0,10,2363,6010.42,14.209030732860521,2010-12-14 15:13:00,2011-11-07 10:43:00,32,327,0.03058103975535168,183.80489296636085
13098.0,28,15968,28882.44,50.49377622377622,2011-01-26 13:46:00,2011-12-08 14:14:00,0,316,0.08860759493670886,2559.2035443037976
13099.0,1,288,207.35999999999999,207.35999999999999,2011-09-01 17:40:00,2011-09-01 17:40:00,98,1,1.0,207.35999999999999
13101.0,1,113,101.19,12.64875,2011-04-19 14:37:00,2011-04-19 14:37:00,233,1,1.0,101.19
13102.0,24,4204,6424.09,21.131875,2010-12-09 13:38:00,2011-12-08 12:52:00,0,363,0.06611570247933884,424.7332231404959
13103.0,1,82,243.94,30.4925,2011-10-31 09:38:00,2011-10-31 09:38:00,39,1,1.0,243.94
13104.0,6,504,1098.48,54.924,2010-12-20 11:58:00,2011-12-06 13:10:00,2,351,0.017094017094017096,18.7774358974359
13106.0,1,18,76.5,76.5,2011-07-29 15:12:00,2011-07-29 15:12:00,132,1,1.0,76.5
13107.0,4,1293,1531.6200000000001,26.407241379310346,2011-01-10 12:28:00,2011-10-26 14:52:00,43,289,0.01384083044982699,21.198892733564016
13108.0,1,298,350.06,35.006,2010-12-02 10:35:00,2010-12-02 10:35:00,372,1,1.0,350.06
13109.0,2,520,786.54,16.734893617021275,2011-07-05 14:56:00,2011-10-11 10:16:00,59,97,0.020618556701030927,16.217319587628864
13110.0,7,388,1488.67,10.266689655172414,2011-02-01 15:24:00,2011-11-08 14:30:00,30,279,0.025089605734767026,37.35014336917563
13113.0,24,3045,12245.960000000001,61.229800000000004,2010-12-08 13:21:00,2011-12-09 12:49:00,0,365,0.06575342465753424,805.2138082191781
13115.0,4,1567,2294.78,19.12316666666667,2011-06-08 16:15:00,2011-11-28 12:38:00,11,172,0.023255813953488372,53.36697674418605
13116.0,1,291,501.14,16.704666666666665,2011-07-24 14:33:00,2011-07-24 14:33:00,137,1,1.0,501.14
13117.0,8,945,984.91,12.959342105263158,2010-12-02 13:11:00,2011-11-18 12:02:00,21,350,0.022857142857142857,22.512228571428572
13118.0,5,410,1197.81,15.162151898734177,2011-02-24 12:32:00,2011-11-20 12:46:00,19,269,0.01858736059479554,22.264126394052045
13120.0,1,12,30.599999999999998,30.599999999999998,2011-04-15 10:19:00,2011-04-15 10:19:00,238,1,1.0,30.599999999999998
13121.0,1,252,283.73,5.674600000000001,2011-03-15 16:47:00,2011-03-15 16:47:00,268,1,1.0,283.73
13122.0,2,585,922.39,16.77072727272727,2011-04-13 14:12:00,2011-09-06 15:53:00,93,146,0.0136986301369863,12.635479452054794
13124.0,3,2147,3866.33,16.452468085106382,2010-12-15 15:00:00,2011-09-11 12:45:00,89,269,0.011152416356877323,43.1189219330855
13126.0,8,2143,2099.64,14.997428571428571,2010-12-08 11:42:00,2011-12-05 10:00:00,4,361,0.0221606648199446,46.52941828254848
13127.0,1,127,259.17,17.278000000000002,2011-09-23 10:26:00,2011-09-23 10:26:00,77,1,1.0,259.17
13130.0,1,32,64.0,32.0,2011-09-06 15:30:00,2011-09-06 15:30:00,93,1,1.0,64.0
13131.0,3,447,1073.3,24.393181818181816,2011-06-05 10:54:00,2011-11-16 13:21:00,22,164,0.018292682926829267,19.633536585365853
13132.0,1,20,77.3,25.766666666666666,2011-03-23 12:44:00,2011-03-23 12:44:00,261,1,1.0,77.3
13133.0,2,32,109.8,15.685714285714285,2011-02-08 15:48:00,2011-03-11 10:31:00,273,30,0.06666666666666667,7.319999999999999
13134.0,4,1059,1793.58,18.301836734693875,2011-04-13 12:57:00,2011-09-15 10:35:00,85,154,0.025974025974025976,46.58649350649351
13135.0,1,4300,3096.0,3096.0,2011-05-27 10:52:00,2011-05-27 10:52:00,196,1,1.0,3096.0
13136.0,5,1328,2607.61,20.53236220472441,2011-05-11 12:47:00,2011-10-14 13:41:00,55,156,0.03205128205128205,83.57724358974359
13137.0,8,2226,3650.41,5.185241477272727,2011-02-04 11:54:00,2011-11-29 12:09:00,10,298,0.026845637583892617,97.99758389261744
13138.0,6,473,962.39,15.276031746031746,2010-12-02 15:03:00,2011-11-17 16:51:00,21,350,0.017142857142857144,16.498114285714287
13139.0,7,2425,5064.94,29.79376470588235,2011-03-25 11:57:00,2011-11-23 13:54:00,15,243,0.02880658436213992,145.90362139917696
13140.0,3,186,423.72,9.211304347826088,2010-12-08 15:12:00,2011-08-23 15:33:00,107,258,0.011627906976744186,4.926976744186047
13141.0,5,1548,2388.75,17.694444444444443,2011-01-28 13:04:00,2011-09-16 09:54:00,84,230,0.021739130434782608,51.92934782608695
13142.0,1,258,307.09,13.351739130434781,2011-11-20 16:07:00,2011-11-20 16:07:00,18,1,1.0,307.09
13144.0,1,21,110.95,36.983333333333334,2011-01-11 11:15:00,2011-01-11 11:15:00,332,1,1.0,110.95
13145.0,4,145,618.52,103.08666666666666,2010-12-02 18:06:00,2011-10-31 12:45:00,39,332,0.012048192771084338,7.452048192771085
13146.0,1,154,228.91,13.465294117647058,2011-11-13 15:29:00,2011-11-13 15:29:00,25,1,1.0,228.91
13147.0,4,144,712.8000000000001,178.20000000000002,2011-09-01 12:28:00,2011-11-29 13:59:00,9,89,0.0449438202247191,32.03595505617978
13148.0,12,1975,3707.12,11.621065830721003,2010-12-10 13:06:00,2011-11-10 15:23:00,28,335,0.03582089552238806,132.79235820895522
13149.0,4,1280,1676.06,19.48906976744186,2011-02-23 13:57:00,2011-11-25 13:09:00,13,274,0.014598540145985401,24.46802919708029
13151.0,1,363,1257.8700000000001,16.998243243243245,2011-02-17 12:29:00,2011-02-17 12:29:00,295,1,1.0,1257.8700000000001
13153.0,1,418,486.22,32.41466666666667,2011-12-04 12:14:00,2011-12-04 12:14:00,5,1,1.0,486.22
13155.0,4,497,971.76,11.432470588235294,2010-12-06 12:44:00,2011-11-06 15:41:00,32,335,0.011940298507462687,11.603104477611941
13157.0,4,1439,1741.22,20.014022988505747,2011-02-14 14:03:00,2011-10-21 13:50:00,48,248,0.016129032258064516,28.084193548387095
13158.0,4,784,1201.06,15.203291139240505,2011-01-25 09:58:00,2011-09-06 11:58:00,94,224,0.017857142857142856,21.447499999999998
13159.0,4,1059,1437.85,11.883057851239668,2011-08-16 11:44:00,2011-12-01 11:20:00,8,106,0.03773584905660377,54.25849056603773
13160.0,1,56,91.8,22.95,2011-11-17 13:07:00,2011-11-17 13:07:00,21,1,1.0,91.8
13161.0,1,29,112.75,14.09375,2011-01-30 14:03:00,2011-01-30 14:03:00,312,1,1.0,112.75
13162.0,4,1713,1688.29,21.370759493670885,2011-01-09 10:43:00,2011-08-09 15:59:00,121,212,0.018867924528301886,31.85452830188679
13165.0,2,1376,1021.48,24.32095238095238,2010-12-23 14:06:00,2011-10-24 15:05:00,45,305,0.006557377049180328,6.698229508196722
13166.0,1,216,417.2,10.175609756097561,2011-03-01 15:16:00,2011-03-01 15:16:00,282,1,1.0,417.2
13167.0,4,785,791.33,12.174307692307693,2011-07-19 12:13:00,2011-11-21 12:24:00,18,125,0.032,25.322560000000003
13168.0,4,682,1319.19,10.070152671755725,2011-01-25 13:55:00,2011-11-03 12:56:00,35,281,0.014234875444839857,18.778505338078293
13169.0,2,272,712.88,54.83692307692308,2011-04-01 14:24:00,2011-10-07 12:11:00,63,188,0.010638297872340425,7.583829787234042
13170.0,1,147,116.00999999999999,3.6253124999999997,2011-11-13 12:19:00,2011-11-13 12:19:00,26,1,1.0,116.00999999999999
13171.0,3,229,468.41,10.182826086956522,2011-02-13 14:16:00,2011-11-18 10:27:00,21,277,0.010830324909747292,5.073032490974729
13173.0,2,277,353.65,8.224418604651163,2010-12-07 14:30:00,2011-12-05 15:51:00,3,363,0.005509641873278237,1.9484848484848485
13174.0,3,1395,2817.03,8.971433121019109,2010-12-05 16:24:00,2011-11-23 14:35:00,15,352,0.008522727272727272,24.008778409090908
13176.0,1,453,492.84,6.845,2011-10-24 15:43:00,2011-10-24 15:43:00,45,1,1.0,492.84
13177.0,1,91,282.45,16.61470588235294,2011-10-06 09:56:00,2011-10-06 09:56:00,64,1,1.0,282.45
13178.0,11,3570,5725.47,21.60554716981132,2010-12-14 12:22:00,2011-11-13 16:14:00,25,334,0.03293413173652695,188.56338323353296
13182.0,1,201,121.18,11.016363636363637,2011-10-25 13:46:00,2011-10-25 13:46:00,44,1,1.0,121.18
13183.0,9,2208,3957.78,42.10404255319149,2011-01-09 10:50:00,2011-12-02 10:30:00,7,326,0.027607361963190184,109.26386503067485
13184.0,10,1692,1701.29,9.39939226519337,2011-02-22 17:25:00,2011-11-25 12:02:00,14,275,0.03636363636363636,61.8650909090909
13185.0,1,12,71.4,71.4,2011-03-17 11:56:00,2011-03-17 11:56:00,267,1,1.0,71.4
13186.0,3,820,1575.89,19.947974683544306,2011-08-03 09:09:00,2011-10-31 11:40:00,39,89,0.033707865168539325,53.11988764044944
13187.0,1,95,236.02,6.378918918918919,2011-01-06 18:57:00,2011-01-06 18:57:00,336,1,1.0,236.02
13188.0,1,25,114.60000000000001,57.300000000000004,2011-11-28 15:28:00,2011-11-28 15:28:00,10,1,1.0,114.60000000000001
13189.0,2,842,260.68,8.988965517241379,2011-08-16 13:12:00,2011-11-21 10:39:00,18,96,0.020833333333333332,5.430833333333333
13192.0,2,595,911.94,14.475238095238096,2011-05-18 14:57:00,2011-09-05 14:13:00,94,109,0.01834862385321101,16.732844036697248
13193.0,1,50,117.88,4.0648275862068965,2011-10-09 14:30:00,2011-10-09 14:30:00,60,1,1.0,117.88
13194.0,1,26,60.7,20.233333333333334,2011-07-27 09:01:00,2011-07-27 09:01:00,135,1,1.0,60.7
13196.0,4,1224,1797.78,16.343454545454545,2011-03-22 14:24:00,2011-11-28 13:54:00,10,250,0.016,28.76448
13198.0,6,2648,3401.2400000000002,15.049734513274338,2010-12-13 09:29:00,2011-11-29 15:17:00,9,351,0.017094017094017096,58.14085470085471
13199.0,38,6176,9817.12,82.49680672268909,2010-12-08 10:51:00,2011-12-06 12:30:00,3,363,0.1046831955922865,1027.6874931129478
13200.0,4,516,870.09,18.915,2011-08-05 14:50:00,2011-11-20 15:35:00,18,107,0.037383177570093455,32.52672897196261
13203.0,4,800,869.46,15.253684210526316,2011-04-11 14:40:00,2011-11-30 10:45:00,9,232,0.017241379310344827,14.990689655172414
13207.0,2,130,250.26000000000002,31.282500000000002,2011-07-12 11:35:00,2011-11-24 14:52:00,14,135,0.014814814814814815,3.707555555555556
13208.0,6,804,1223.9,8.214093959731544,2011-02-03 19:32:00,2011-10-12 09:54:00,58,250,0.024,29.373600000000003
13209.0,8,4253,5891.61,18.35392523364486,2010-12-13 10:31:00,2011-11-09 13:54:00,29,331,0.02416918429003021,142.39540785498488
13210.0,1,316,353.48,16.067272727272726,2011-09-07 08:18:00,2011-09-07 08:18:00,93,1,1.0,353.48
13211.0,3,874,1197.42,21.3825,2010-12-13 16:17:00,2011-11-29 14:43:00,9,350,0.008571428571428572,10.2636
13212.0,3,310,788.08,5.549859154929578,2011-10-09 14:48:00,2011-11-20 12:40:00,19,41,0.07317073170731707,57.66439024390244
13213.0,5,1360,1520.58,16.895333333333333,2011-05-24 12:22:00,2011-10-14 11:42:00,56,142,0.035211267605633804,53.54154929577465
13216.0,1,297,333.74,66.748,2011-03-17 12:18:00,2011-03-17 12:18:00,267,1,1.0,333.74
13217.0,3,262,533.98,133.495,2011-07-06 12:08:00,2011-08-09 15:32:00,121,34,0.08823529411764706,47.11588235294118
13218.0,1,88,62.63999999999999,12.527999999999999,2011-08-04 16:59:00,2011-08-04 16:59:00,126,1,1.0,62.63999999999999
13220.0,4,196,819.2900000000001,39.01380952380953,2011-04-17 10:59:00,2011-09-22 13:38:00,77,158,0.02531645569620253,20.741518987341774
13221.0,2,244,847.41,12.839545454545455,2010-12-15 13:24:00,2011-04-13 16:58:00,239,119,0.01680672268907563,14.24218487394958
13223.0,2,88,163.20000000000002,32.64,2011-04-21 15:16:00,2011-05-23 13:03:00,199,31,0.06451612903225806,10.529032258064516
13224.0,2,1518,2155.95,19.9625,2011-07-11 14:10:00,2011-10-10 14:55:00,59,91,0.02197802197802198,47.38351648351648
13225.0,7,3416,6463.84,201.995,2010-12-13 09:49:00,2011-12-06 13:29:00,2,358,0.019553072625698324,126.38793296089386
13226.0,1,80,108.21000000000001,6.7631250000000005,2011-03-11 14:35:00,2011-03-11 14:35:00,272,1,1.0,108.21000000000001
13227.0,1,99,257.7,28.633333333333333,2011-05-22 11:47:00,2011-05-22 11:47:00,201,1,1.0,257.7
13228.0,1,200,358.0,179.0,2011-09-19 14:28:00,2011-09-19 14:28:00,80,1,1.0,358.0
13229.0,1,63,160.95,16.095,2011-04-28 12:07:00,2011-04-28 12:07:00,225,1,1.0,160.95
13230.0,14,1665,2806.97,4.5940589198036,2010-12-09 19:28:00,2011-12-05 16:03:00,3,360,0.03888888888888889,109.15994444444443
13232.0,7,778,1357.6,6.558454106280193,2011-04-10 13:48:00,2011-11-27 10:39:00,12,230,0.030434782608695653,41.318260869565215
13233.0,2,1004,605.12,14.072558139534884,2011-01-07 14:49:00,2011-09-26 13:25:00,73,261,0.007662835249042145,4.636934865900383
13235.0,1,441,1031.07,17.77706896551724,2011-05-11 17:13:00,2011-05-11 17:13:00,211,1,1.0,1031.07
13236.0,2,416,744.85,20.69027777777778,2011-08-25 08:58:00,2011-11-15 12:50:00,24,82,0.024390243902439025,18.167073170731708
13238.0,4,298,700.73,22.604193548387098,2010-12-14 14:37:00,2011-11-22 15:37:00,16,343,0.011661807580174927,8.171778425655976
13239.0,1,327,329.56,15.693333333333333,2011-03-23 10:25:00,2011-03-23 10:25:00,261,1,1.0,329.56
13240.0,4,298,663.65,9.905223880597015,2010-12-09 12:49:00,2011-09-04 14:08:00,95,269,0.01486988847583643,9.868401486988846
13242.0,3,130,270.40000000000003,20.800000000000004,2011-05-10 12:26:00,2011-08-19 12:53:00,111,101,0.0297029702970297,8.031683168316832
13243.0,1,233,600.07,10.346034482758622,2011-05-20 13:14:00,2011-05-20 13:14:00,202,1,1.0,600.07
13244.0,1,38,121.74000000000001,4.508888888888889,2011-09-08 11:46:00,2011-09-08 11:46:00,92,1,1.0,121.74000000000001
13245.0,1,125,430.5,26.90625,2011-10-20 11:40:00,2011-10-20 11:40:00,50,1,1.0,430.5
13246.0,6,1602,1987.3,14.094326241134752,2011-01-13 13:36:00,2011-11-21 16:50:00,17,312,0.019230769230769232,38.21730769230769
13247.0,4,328,501.12,20.0448,2011-09-18 11:31:00,2011-11-22 10:59:00,17,64,0.0625,31.32
13248.0,2,305,465.68,17.91076923076923,2011-06-03 13:05:00,2011-08-07 12:40:00,124,64,0.03125,14.5525
13249.0,3,546,711.41,30.93086956521739,2011-03-23 15:26:00,2011-09-08 13:26:00,91,168,0.017857142857142856,12.70375
13253.0,2,1572,1030.4,28.622222222222224,2011-01-04 15:43:00,2011-07-06 10:09:00,156,182,0.01098901098901099,11.323076923076925
13255.0,2,177,399.51,30.73153846153846,2010-12-01 11:58:00,2011-11-30 13:14:00,8,364,0.005494505494505495,2.19510989010989
13258.0,3,287,698.58,18.383684210526315,2011-05-18 13:11:00,2011-11-28 09:31:00,11,193,0.015544041450777202,10.858756476683938
13259.0,1,132,292.32,3.36,2011-10-09 10:48:00,2011-10-09 10:48:00,61,1,1.0,292.32
13260.0,1,142,557.62,69.7025,2011-10-09 13:21:00,2011-10-09 13:21:00,60,1,1.0,557.62
13261.0,2,210,944.1,104.9,2011-02-27 10:41:00,2011-03-16 12:22:00,268,17,0.11764705882352941,111.07058823529412
13262.0,1,125,200.29,18.208181818181817,2011-03-21 15:06:00,2011-03-21 15:06:00,262,1,1.0,200.29
13263.0,35,4780,7454.07,4.444883720930233,2011-01-18 16:31:00,2011-12-08 13:59:00,0,323,0.10835913312693499,807.7165634674923
13265.0,5,1752,2107.66,23.1610989010989,2011-03-11 09:54:00,2011-10-17 15:02:00,52,220,0.022727272727272728,47.901363636363634
13266.0,12,4428,3834.2599999999998,20.504064171122995,2011-03-28 10:14:00,2011-11-28 14:39:00,10,245,0.04897959183673469,187.80048979591834
13267.0,19,1969,4521.49,21.428862559241704,2010-12-08 09:20:00,2011-12-07 11:12:00,2,364,0.0521978021978022,236.01184065934066
13268.0,11,3658,3214.69,7.306113636363636,2011-03-17 13:20:00,2011-11-22 11:51:00,17,249,0.04417670682730924,142.01441767068275
13269.0,15,3514,5346.2300000000005,16.91844936708861,2010-12-05 11:51:00,2011-12-08 14:53:00,0,368,0.04076086956521739,217.9169836956522
13270.0,1,200,590.0,590.0,2010-12-08 14:53:00,2010-12-08 14:53:00,365,1,1.0,590.0
13271.0,1,253,217.38,2.264375,2011-11-02 14:31:00,2011-11-02 14:31:00,36,1,1.0,217.38
13272.0,2,96,276.56,18.437333333333335,2011-09-11 12:06:00,2011-11-08 14:00:00,30,58,0.034482758620689655,9.536551724137931
13273.0,1,153,138.98,8.68625,2011-08-18 14:02:00,2011-08-18 14:02:00,112,1,1.0,138.98
13276.0,2,161,590.9300000000001,19.69766666666667,2011-09-01 10:03:00,2011-10-07 12:44:00,63,36,0.05555555555555555,32.82944444444445
13277.0,4,176,258.4,32.3,2011-07-29 10:06:00,2011-11-24 09:21:00,15,117,0.03418803418803419,8.834188034188035
13278.0,1,537,542.73,11.798478260869565,2011-10-30 11:49:00,2011-10-30 11:49:00,40,1,1.0,542.73
13279.0,1,73,137.75,15.305555555555555,2011-09-22 17:24:00,2011-09-22 17:24:00,77,1,1.0,137.75
13280.0,3,522,814.86,9.586588235294117,2011-01-06 17:10:00,2011-08-09 13:14:00,121,214,0.014018691588785047,11.423271028037384
13282.0,3,307,1132.14,30.59837837837838,2011-05-03 12:03:00,2011-11-21 15:33:00,17,202,0.01485148514851485,16.813960396039604
13283.0,2,90,93.66,13.379999999999999,2011-06-07 12:39:00,2011-10-11 09:50:00,59,125,0.016,1.49856
13284.0,1,91,201.19,15.476153846153846,2011-01-13 09:23:00,2011-01-13 09:23:00,330,1,1.0,201.19
13285.0,4,2051,2709.12,14.487272727272726,2011-02-22 17:13:00,2011-11-16 13:19:00,22,266,0.015037593984962405,40.73864661654135
13291.0,1,233,361.11,8.597857142857142,2011-07-07 10:36:00,2011-07-07 10:36:00,155,1,1.0,361.11
13292.0,2,347,578.9399999999999,18.67548387096774,2011-02-28 15:00:00,2011-11-01 10:04:00,38,245,0.00816326530612245,4.72604081632653
13294.0,2,453,873.74,16.18037037037037,2011-04-04 12:37:00,2011-06-03 08:54:00,189,59,0.03389830508474576,29.618305084745764
13295.0,1,82,201.20000000000002,20.12,2010-12-15 11:21:00,2010-12-15 11:21:00,359,1,1.0,201.20000000000002
13296.0,1,78,87.4,17.48,2011-07-25 13:46:00,2011-07-25 13:46:00,136,1,1.0,87.4
13297.0,4,963,2089.85,35.421186440677964,2011-10-03 15:08:00,2011-12-02 09:32:00,7,59,0.06779661016949153,141.68474576271186
13298.0,1,96,360.0,180.0,2011-12-08 13:11:00,2011-12-08 13:11:00,0,1,1.0,360.0
13299.0,1,30,142.5,28.5,2011-03-16 12:55:00,2011-03-16 12:55:00,267,1,1.0,142.5
13300.0,1,203,371.89,18.5945,2011-06-23 13:09:00,2011-06-23 13:09:00,168,1,1.0,371.89
13301.0,4,345,618.09,7.630740740740741,2011-02-20 13:13:00,2011-08-28 11:25:00,103,188,0.02127659574468085,13.150851063829787
13302.0,1,5,63.75,63.75,2011-07-07 17:56:00,2011-07-07 17:56:00,154,1,1.0,63.75
13304.0,1,238,300.42,14.305714285714286,2010-12-23 14:35:00,2010-12-23 14:35:00,350,1,1.0,300.42
13305.0,10,1232,2000.86,24.701975308641973,2010-12-02 12:10:00,2011-12-05 15:15:00,3,368,0.02717391304347826,54.37119565217391
13307.0,1,4,15.0,15.0,2011-08-11 17:14:00,2011-08-11 17:14:00,119,1,1.0,15.0
13308.0,3,843,1385.51,25.657592592592593,2011-05-20 13:13:00,2011-11-17 09:31:00,22,180,0.016666666666666666,23.091833333333334
13309.0,5,1544,1456.79,13.614859813084111,2011-02-04 12:29:00,2011-12-02 16:34:00,6,301,0.016611295681063124,24.199169435215946
13310.0,3,587,1132.03,15.722638888888888,2011-01-19 14:50:00,2011-11-11 17:23:00,27,296,0.010135135135135136,11.473277027027027
13311.0,2,305,598.57,23.02192307692308,2011-07-12 14:26:00,2011-12-05 12:55:00,3,145,0.013793103448275862,8.256137931034484
13313.0,5,851,1555.32,19.939999999999998,2011-01-04 10:00:00,2011-11-17 16:48:00,21,317,0.015772870662460567,24.531861198738167
13314.0,3,560,775.94,12.515161290322581,2011-09-27 10:20:00,2011-12-08 12:29:00,1,72,0.041666666666666664,32.33083333333333
13316.0,4,6948,5977.7300000000005,68.70954022988506,2011-03-30 13:01:00,2011-11-02 13:40:00,36,217,0.018433179723502304,110.18857142857144
13317.0,6,1035,2273.68,18.336129032258064,2010-12-16 09:22:00,2011-10-04 13:35:00,65,292,0.02054794520547945,46.719452054794516
13318.0,3,304,640.76,32.038,2011-11-02 13:26:00,2011-12-08 18:51:00,0,36,0.08333333333333333,53.39666666666666
13319.0,26,4724,10845.550000000001,22.784768907563027,2010-12-09 10:04:00,2011-12-04 13:34:00,4,360,0.07222222222222222,783.2897222222223
13320.0,4,1096,1548.7,14.610377358490567,2011-05-10 10:29:00,2011-09-22 18:07:00,77,135,0.02962962962962963,45.88740740740741
13321.0,2,372,567.36,51.57818181818182,2011-09-14 15:18:00,2011-09-28 15:24:00,71,14,0.14285714285714285,81.05142857142857
13322.0,1,117,199.48000000000002,7.9792000000000005,2011-11-22 14:21:00,2011-11-22 14:21:00,16,1,1.0,199.48000000000002
13323.0,5,175,787.85,37.516666666666666,2011-09-16 13:23:00,2011-12-06 17:12:00,2,81,0.06172839506172839,48.632716049382715
13324.0,10,5205,7121.95,94.95933333333333,2010-12-14 09:50:00,2011-11-03 16:28:00,35,324,0.030864197530864196,219.81327160493825
13325.0,1,240,675.3,56.275,2011-09-19 10:36:00,2011-09-19 10:36:00,81,1,1.0,675.3
13327.0,8,1600,3627.77,33.59046296296296,2010-12-09 15:32:00,2011-11-01 10:21:00,38,326,0.024539877300613498,89.02503067484663
13328.0,1,680,1308.48,76.96941176470588,2011-01-27 15:22:00,2011-01-27 15:22:00,315,1,1.0,1308.48
13329.0,2,463,789.0,46.411764705882355,2010-12-08 10:11:00,2011-11-08 10:29:00,31,335,0.005970149253731343,4.71044776119403
13330.0,3,751,1140.93,21.526981132075473,2011-01-28 10:08:00,2011-09-08 12:27:00,92,223,0.013452914798206279,15.34883408071749
13332.0,1,179,350.9,16.70952380952381,2011-11-25 13:30:00,2011-11-25 13:30:00,13,1,1.0,350.9
13334.0,3,1774,3536.82,13.197089552238806,2011-02-07 11:42:00,2011-09-18 15:21:00,81,223,0.013452914798206279,47.58053811659193
13336.0,1,559,795.12,15.590588235294117,2011-09-23 14:05:00,2011-09-23 14:05:00,76,1,1.0,795.12
13338.0,1,256,487.02,25.632631578947368,2011-07-05 09:06:00,2011-07-05 09:06:00,157,1,1.0,487.02
13339.0,1,326,860.12,15.928148148148148,2011-05-23 08:31:00,2011-05-23 08:31:00,200,1,1.0,860.12
13340.0,7,5770,10736.48,80.12298507462687,2011-03-08 11:39:00,2011-10-25 13:15:00,44,231,0.030303030303030304,325.34787878787876
13341.0,1,301,775.85,18.472619047619048,2011-03-24 09:50:00,2011-03-24 09:50:00,260,1,1.0,775.85
13343.0,1,135,353.43,18.60157894736842,2011-06-15 12:24:00,2011-06-15 12:24:00,177,1,1.0,353.43
13344.0,3,971,2543.72,21.37579831932773,2011-03-07 10:28:00,2011-10-03 09:45:00,67,209,0.014354066985645933,36.51272727272727
13345.0,1,141,389.5,19.475,2011-02-25 09:01:00,2011-02-25 09:01:00,287,1,1.0,389.5
13347.0,1,205,341.36,42.67,2011-09-30 13:28:00,2011-09-30 13:28:00,69,1,1.0,341.36
13348.0,1,136,233.76,16.697142857142858,2011-10-06 17:28:00,2011-10-06 17:28:00,63,1,1.0,233.76
13349.0,1,225,247.32,15.4575,2011-11-29 08:07:00,2011-11-29 08:07:00,10,1,1.0,247.32
13350.0,2,287,979.12,24.478,2011-09-21 13:33:00,2011-11-23 16:33:00,15,63,0.031746031746031744,31.0831746031746
13351.0,1,117,373.94,23.37125,2011-10-04 12:55:00,2011-10-04 12:55:00,65,1,1.0,373.94
13352.0,1,321,397.97999999999996,16.5825,2011-10-10 13:55:00,2011-10-10 13:55:00,59,1,1.0,397.97999999999996
13354.0,1,604,743.53,14.579019607843136,2011-09-29 13:17:00,2011-09-29 13:17:00,70,1,1.0,743.53
13355.0,1,314,674.7,21.084375,2011-08-09 14:48:00,2011-08-09 14:48:00,121,1,1.0,674.7
13356.0,1,325,768.24,18.291428571428572,2011-09-20 14:33:00,2011-09-20 14:33:00,79,1,1.0,768.24
13357.0,1,322,609.95,6.777222222222223,2011-03-27 13:56:00,2011-03-27 13:56:00,256,1,1.0,609.95
13358.0,1,285,439.03,15.138965517241378,2011-03-16 11:52:00,2011-03-16 11:52:00,268,1,1.0,439.03
13359.0,1,161,439.56,19.11130434782609,2011-10-07 09:30:00,2011-10-07 09:30:00,63,1,1.0,439.56
13362.0,4,1382,3090.7400000000002,18.618915662650604,2011-02-25 11:33:00,2011-11-30 14:41:00,8,278,0.014388489208633094,44.471079136690655
13363.0,2,710,992.5,16.541666666666668,2011-10-27 10:46:00,2011-11-22 12:40:00,17,26,0.07692307692307693,76.34615384615385
13364.0,1,71,134.95999999999998,13.495999999999999,2011-09-29 18:13:00,2011-09-29 18:13:00,70,1,1.0,134.95999999999998
13365.0,2,1247,2225.37,17.385703125,2011-05-06 12:00:00,2011-11-06 12:36:00,33,184,0.010869565217391304,24.188804347826085
13366.0,1,144,56.160000000000004,56.160000000000004,2011-10-20 13:37:00,2011-10-20 13:37:00,49,1,1.0,56.160000000000004
13368.0,2,327,623.4,21.49655172413793,2011-01-06 12:32:00,2011-03-28 09:59:00,256,80,0.025,15.585
13369.0,1,149,308.28000000000003,22.020000000000003,2010-12-09 11:30:00,2010-12-09 11:30:00,365,1,1.0,308.28000000000003
13370.0,1,343,754.87,19.355641025641027,2010-12-03 10:26:00,2010-12-03 10:26:00,371,1,1.0,754.87
13372.0,1,159,378.64,16.46260869565217,2011-09-11 12:46:00,2011-09-11 12:46:00,89,1,1.0,378.64
13373.0,3,1651,3312.25,20.963607594936708,2011-03-08 14:35:00,2011-10-10 10:51:00,60,215,0.013953488372093023,46.217441860465115
13375.0,1,442,778.65,21.044594594594592,2011-09-12 10:19:00,2011-09-12 10:19:00,88,1,1.0,778.65
13376.0,3,493,1019.76,19.240754716981133,2011-04-19 13:03:00,2011-09-01 16:16:00,98,135,0.022222222222222223,22.661333333333335
13379.0,3,601,572.56,5.902680412371134,2011-07-26 12:26:00,2011-11-13 13:45:00,25,110,0.02727272727272727,15.615272727272725
13381.0,6,2029,3639.31,21.15877906976744,2011-02-14 10:10:00,2011-11-08 11:58:00,31,267,0.02247191011235955,81.78224719101124
13382.0,1,131,222.99,14.866000000000001,2011-03-04 10:03:00,2011-03-04 10:03:00,280,1,1.0,222.99
13384.0,7,2422,4151.93,27.315328947368425,2011-06-14 12:47:00,2011-11-09 11:04:00,30,147,0.047619047619047616,197.7109523809524
13385.0,1,281,534.57,15.273428571428573,2011-01-14 09:52:00,2011-01-14 09:52:00,329,1,1.0,534.57
13388.0,2,282,677.1,19.345714285714287,2011-07-31 12:52:00,2011-07-31 12:52:00,130,1,2.0,1354.2
13389.0,3,429,797.96,15.646274509803922,2011-04-21 12:12:00,2011-11-28 14:01:00,10,221,0.013574660633484163,10.832036199095024
13390.0,1,224,544.08,41.8523076923077,2011-09-26 08:38:00,2011-09-26 08:38:00,74,1,1.0,544.08
13391.0,1,4,59.8,59.8,2011-05-20 10:50:00,2011-05-20 10:50:00,203,1,1.0,59.8
13394.0,8,2392,2520.02,16.258193548387098,2011-02-03 10:39:00,2011-12-08 11:36:00,1,308,0.025974025974025976,65.45506493506494
13395.0,1,336,307.72,14.653333333333334,2011-06-07 15:04:00,2011-06-07 15:04:00,184,1,1.0,307.72
13396.0,2,600,1360.99,31.65093023255814,2011-01-24 13:37:00,2011-11-10 16:59:00,28,290,0.006896551724137931,9.386137931034483
13397.0,5,430,1544.13,40.635000000000005,2011-01-04 13:50:00,2011-09-28 10:56:00,72,266,0.018796992481203006,29.025000000000002
13398.0,1,281,457.34,17.59,2011-05-31 13:17:00,2011-05-31 13:17:00,191,1,1.0,457.34
13402.0,2,479,621.23,15.92897435897436,2010-12-02 17:12:00,2011-08-04 15:51:00,126,244,0.00819672131147541,5.092049180327869
13403.0,1,44,75.0,25.0,2011-11-22 08:28:00,2011-11-22 08:28:00,17,1,1.0,75.0
13404.0,2,111,252.49,22.953636363636363,2011-05-11 11:57:00,2011-12-08 15:37:00,0,211,0.009478672985781991,2.393270142180095
13405.0,3,165,572.451,21.201888888888888,2011-01-26 09:27:00,2011-09-26 17:01:00,73,243,0.012345679012345678,7.067296296296296
13408.0,62,16232,28117.04,58.82225941422595,2010-12-01 10:39:00,2011-12-08 09:05:00,1,371,0.16711590296495957,4698.804528301887
13410.0,5,518,1003.06,35.82357142857143,2011-02-21 14:38:00,2011-11-15 15:33:00,23,267,0.018726591760299626,18.78389513108614
13411.0,1,72,213.55,11.863888888888889,2011-08-24 13:57:00,2011-08-24 13:57:00,106,1,1.0,213.55
13414.0,3,1574,1390.5,57.9375,2011-02-16 12:13:00,2011-07-29 11:45:00,133,162,0.018518518518518517,25.75
13416.0,2,142,712.5,37.5,2011-09-19 14:43:00,2011-10-27 08:56:00,43,37,0.05405405405405406,38.513513513513516
13417.0,2,162,640.83,22.886785714285715,2011-05-18 16:26:00,2011-12-05 08:49:00,4,200,0.01,6.4083000000000006
13418.0,18,3918,6127.43,20.156019736842108,2010-12-02 10:45:00,2011-11-28 10:23:00,11,360,0.05,306.3715
13419.0,1,275,221.06,13.81625,2011-10-07 12:49:00,2011-10-07 12:49:00,63,1,1.0,221.06
13420.0,2,101,159.85,19.98125,2011-06-22 11:35:00,2011-07-13 08:48:00,149,20,0.1,15.985
13421.0,2,1181,1851.08,17.798846153846153,2011-02-22 15:46:00,2011-10-30 14:21:00,39,249,0.008032128514056224,14.868112449799195
13422.0,1,1326,2626.3,20.67952755905512,2011-10-06 13:42:00,2011-10-06 13:42:00,63,1,1.0,2626.3
13425.0,3,1123,1624.21,20.823205128205128,2011-02-18 08:34:00,2011-08-23 17:13:00,107,186,0.016129032258064516,26.196935483870966
13426.0,10,2245,3641.32,23.193121019108283,2010-12-15 12:43:00,2011-12-09 08:59:00,0,358,0.027932960893854747,101.71284916201117
13427.0,3,545,582.6,20.089655172413792,2011-05-08 15:58:00,2011-11-20 13:02:00,18,195,0.015384615384615385,8.963076923076924
13428.0,1,156,218.47,2.952297297297297,2011-11-29 14:20:00,2011-11-29 14:20:00,9,1,1.0,218.47
13429.0,4,1390,1006.8,15.02686567164179,2011-09-25 15:59:00,2011-11-29 09:10:00,10,64,0.0625,62.925
13430.0,2,751,679.45,13.866326530612247,2011-09-14 14:26:00,2011-11-21 08:19:00,18,67,0.029850746268656716,20.28208955223881
13431.0,2,672,1269.1,27.589130434782607,2011-09-12 11:25:00,2011-10-03 13:49:00,66,21,0.09523809523809523,120.86666666666665
13434.0,2,300,534.24,53.424,2011-09-04 10:35:00,2011-09-26 14:30:00,73,22,0.09090909090909091,48.56727272727273
13435.0,7,2129,3809.8900000000003,37.72168316831684,2011-06-03 17:07:00,2011-12-04 14:45:00,4,183,0.03825136612021858,145.7334972677596
13436.0,1,76,196.89,16.4075,2011-12-08 10:33:00,2011-12-08 10:33:00,1,1,1.0,196.89
13437.0,7,1283,3408.06,20.40754491017964,2011-06-02 14:30:00,2011-11-25 14:00:00,13,175,0.04,136.3224
13439.0,1,242,283.71,5.253888888888889,2011-03-29 14:20:00,2011-03-29 14:20:00,254,1,1.0,283.71
13441.0,1,204,296.64,22.818461538461538,2011-09-09 09:38:00,2011-09-09 09:38:00,91,1,1.0,296.64
13447.0,3,584,1129.14,19.137966101694918,2011-11-04 10:10:00,2011-11-16 13:38:00,22,12,0.25,282.285
13448.0,6,1660,3539.37,18.150615384615385,2010-12-01 10:52:00,2011-11-23 12:33:00,16,357,0.01680672268907563,59.48521008403361
13449.0,1,222,291.88,15.362105263157895,2011-11-16 08:28:00,2011-11-16 08:28:00,23,1,1.0,291.88
13450.0,6,1982,2043.7199999999998,28.784788732394365,2011-05-05 19:48:00,2011-11-13 11:54:00,26,191,0.031413612565445025,64.2006282722513
13451.0,5,2149,2976.15,6.718171557562077,2011-01-09 15:35:00,2011-11-13 15:58:00,25,308,0.016233766233766232,48.31412337662337
13452.0,2,2,590.0,295.0,2011-03-14 11:38:00,2011-03-25 14:19:00,258,11,0.18181818181818182,107.27272727272728
13453.0,2,134,356.97999999999996,20.998823529411762,2011-02-23 09:44:00,2011-06-27 09:34:00,165,123,0.016260162601626018,5.804552845528455
13455.0,2,354,1058.34,23.007391304347824,2010-12-08 13:11:00,2011-11-15 11:21:00,24,341,0.005865102639296188,6.207272727272727
13456.0,6,765,1766.72,28.043174603174602,2011-05-16 15:34:00,2011-11-22 09:18:00,17,189,0.031746031746031744,56.086349206349205
13458.0,14,5508,9646.57,25.252801047120418,2010-12-15 12:05:00,2011-12-02 15:29:00,6,352,0.03977272727272727,383.6703977272727
13460.0,2,286,183.44,10.790588235294118,2011-10-21 09:50:00,2011-11-10 17:17:00,28,20,0.1,18.344
13461.0,3,1170,1445.0,53.51851851851852,2011-06-29 10:23:00,2011-11-01 09:01:00,38,124,0.024193548387096774,34.95967741935484
13462.0,1,62,151.5,16.833333333333332,2011-04-01 11:20:00,2011-04-01 11:20:00,252,1,1.0,151.5
13464.0,1,403,674.68,16.45560975609756,2011-10-12 15:01:00,2011-10-12 15:01:00,57,1,1.0,674.68
13466.0,1,259,307.9,18.11176470588235,2011-06-08 16:39:00,2011-06-08 16:39:00,183,1,1.0,307.9
13467.0,2,584,1083.71,10.946565656565657,2011-11-03 16:56:00,2011-11-29 10:01:00,10,25,0.08,86.69680000000001
13468.0,37,2589,5704.97,18.89062913907285,2010-12-01 15:08:00,2011-12-08 10:39:00,1,371,0.09973045822102426,568.9592722371968
13470.0,2,100,165.0,16.5,2011-08-16 17:06:00,2011-09-01 14:57:00,98,15,0.13333333333333333,22.0
13471.0,4,1590,2531.58,9.736846153846153,2011-10-23 13:10:00,2011-12-08 15:44:00,0,46,0.08695652173913043,220.1373913043478
13473.0,2,266,422.64,20.125714285714285,2011-01-11 08:45:00,2011-10-10 11:20:00,60,272,0.007352941176470588,3.107647058823529
13474.0,1,132,229.59,3.58734375,2011-04-17 13:53:00,2011-04-17 13:53:00,235,1,1.0,229.59
13475.0,4,1012,1431.78,16.648604651162792,2011-02-14 12:36:00,2011-06-01 13:52:00,190,107,0.037383177570093455,53.52448598130841
13476.0,2,417,1238.47,21.352931034482758,2011-03-03 14:43:00,2011-06-14 12:00:00,178,102,0.0196078431372549,24.28372549019608
13477.0,6,1021,1454.58,18.41240506329114,2011-02-21 12:29:00,2011-11-02 12:04:00,37,253,0.023715415019762844,34.49596837944664
13479.0,2,134,300.95,20.063333333333333,2011-04-19 11:27:00,2011-05-23 10:45:00,200,33,0.06060606060606061,18.23939393939394
13481.0,5,1142,1804.56,16.55559633027523,2011-03-28 09:07:00,2011-10-25 09:07:00,45,211,0.023696682464454975,42.76208530805687
13482.0,1,116,184.64,16.785454545454545,2011-04-21 17:03:00,2011-04-21 17:03:00,231,1,1.0,184.64
13483.0,1,160,140.34,14.034,2011-10-05 11:53:00,2011-10-05 11:53:00,65,1,1.0,140.34
13484.0,1,44,313.8,39.225,2011-04-12 16:30:00,2011-04-12 16:30:00,240,1,1.0,313.8
13485.0,1,277,454.24,19.749565217391304,2011-04-20 13:58:00,2011-04-20 13:58:00,232,1,1.0,454.24
13486.0,3,669,1122.41,16.2668115942029,2011-07-07 17:19:00,2011-09-22 13:13:00,77,76,0.039473684210526314,44.30565789473684
13487.0,3,265,575.4,16.923529411764704,2010-12-21 14:54:00,2011-10-13 12:07:00,57,295,0.010169491525423728,5.851525423728813
13488.0,13,4518,8968.31,21.25191943127962,2010-12-07 13:01:00,2011-11-22 14:41:00,16,350,0.037142857142857144,333.1086571428571
13489.0,4,560,449.52,32.10857142857143,2011-02-18 10:42:00,2011-08-26 13:16:00,104,189,0.021164021164021163,9.513650793650793
13491.0,10,903,1215.82,14.137441860465115,2010-12-02 14:30:00,2011-10-19 08:32:00,51,320,0.03125,37.994375
13492.0,3,408,1269.84,25.3968,2011-05-09 10:06:00,2011-07-26 14:25:00,135,78,0.038461538461538464,48.839999999999996
13493.0,2,380,618.63,77.32875,2011-02-25 16:42:00,2011-03-09 15:35:00,274,11,0.18181818181818182,112.47818181818182
13494.0,1,162,316.26000000000005,17.570000000000004,2011-02-01 11:58:00,2011-02-01 11:58:00,311,1,1.0,316.26000000000005
13495.0,5,829,2044.8700000000001,42.60145833333333,2010-12-06 15:14:00,2011-12-02 11:21:00,7,360,0.013888888888888888,28.400972222222222
13496.0,2,341,653.33,18.66657142857143,2010-12-15 10:17:00,2011-11-29 10:58:00,10,349,0.0057306590257879654,3.7440114613180517
13497.0,2,163,348.05,18.318421052631578,2010-12-06 11:37:00,2011-03-02 09:04:00,282,85,0.023529411764705882,8.189411764705882
13499.0,5,1365,1159.11,27.59785714285714,2011-03-15 08:52:00,2011-11-22 11:21:00,17,252,0.01984126984126984,22.998214285714283
13500.0,3,609,1166.77,17.950307692307693,2011-08-09 12:20:00,2011-11-16 15:35:00,22,99,0.030303030303030304,35.35666666666667
13501.0,1,560,1340.32,25.775384615384613,2011-02-24 18:59:00,2011-02-24 18:59:00,287,1,1.0,1340.32
13502.0,3,264,292.0,16.22222222222222,2011-01-20 09:03:00,2011-11-23 10:39:00,16,307,0.009771986970684038,2.8534201954397393
13503.0,1,248,216.85,12.755882352941176,2011-09-29 13:23:00,2011-09-29 13:23:00,70,1,1.0,216.85
13504.0,1,178,295.93,13.451363636363636,2011-10-06 13:20:00,2011-10-06 13:20:00,63,1,1.0,295.93
13505.0,4,2486,4393.63,20.435488372093022,2011-04-21 12:07:00,2011-09-28 11:56:00,72,159,0.025157232704402517,110.53157232704403
13506.0,2,324,458.52,17.635384615384616,2010-12-05 12:15:00,2011-01-27 13:53:00,315,53,0.03773584905660377,17.30264150943396
13507.0,4,1597,2479.16,15.303456790123455,2011-07-17 11:50:00,2011-12-06 13:13:00,2,142,0.028169014084507043,69.83549295774648
13508.0,1,24,110.97,9.2475,2011-04-10 11:58:00,2011-04-10 11:58:00,243,1,1.0,110.97
13509.0,7,1106,979.72,22.266363636363636,2011-02-28 13:27:00,2011-12-01 10:10:00,8,275,0.025454545454545455,24.938327272727275
13510.0,4,1386,1791.56,15.578782608695652,2011-06-09 09:32:00,2011-12-08 13:46:00,0,182,0.02197802197802198,39.37494505494506
13512.0,1,143,251.21,16.747333333333334,2011-03-24 10:03:00,2011-03-24 10:03:00,260,1,1.0,251.21
13513.0,1,109,205.1,20.509999999999998,2011-08-05 11:50:00,2011-08-05 11:50:00,126,1,1.0,205.1
13514.0,1,40,152.20000000000002,38.050000000000004,2011-09-27 09:39:00,2011-09-27 09:39:00,73,1,1.0,152.20000000000002
13515.0,4,681,891.12,15.103728813559322,2011-04-06 10:33:00,2011-09-28 11:26:00,72,175,0.022857142857142857,20.368457142857142
13516.0,3,985,1389.41,31.5775,2011-04-15 11:06:00,2011-11-18 13:15:00,20,217,0.013824884792626729,19.208433179723503
13517.0,3,1369,2128.42,15.09517730496454,2011-06-13 08:44:00,2011-10-11 11:43:00,59,120,0.025,53.2105
13518.0,1,392,659.4399999999999,17.353684210526314,2011-09-15 10:29:00,2011-09-15 10:29:00,85,1,1.0,659.4399999999999
13519.0,1,23,122.75,15.34375,2011-09-22 18:24:00,2011-09-22 18:24:00,77,1,1.0,122.75
13520.0,6,1649,3624.35,38.97150537634408,2010-12-03 10:36:00,2011-10-12 10:20:00,58,312,0.019230769230769232,69.69903846153846
13521.0,3,736,1093.65,2.508371559633028,2011-11-29 15:09:00,2011-12-08 13:50:00,0,8,0.375,410.11875000000003
13522.0,1,44,125.80000000000001,25.160000000000004,2011-11-09 15:11:00,2011-11-09 15:11:00,29,1,1.0,125.80000000000001
13523.0,5,1752,3964.88,23.051627906976744,2010-12-08 14:22:00,2011-11-06 15:11:00,32,333,0.015015015015015015,59.53273273273273
13524.0,5,324,680.1800000000001,25.191851851851855,2011-05-04 12:26:00,2011-10-30 12:34:00,40,179,0.027932960893854747,18.999441340782123
13525.0,2,394,628.78,104.79666666666667,2011-04-05 15:36:00,2011-11-25 12:01:00,14,233,0.008583690987124463,5.39725321888412
13527.0,7,1692,2287.51,10.257892376681616,2011-01-17 11:17:00,2011-11-06 12:04:00,33,293,0.023890784982935155,54.650409556314
13529.0,2,74,307.76,20.517333333333333,2011-05-19 11:50:00,2011-09-22 09:15:00,78,125,0.016,4.92416
13531.0,2,174,483.8,21.990909090909092,2010-12-08 15:03:00,2011-05-18 16:56:00,204,161,0.012422360248447204,6.009937888198757
13532.0,1,129,210.31,3.1865151515151515,2011-11-06 12:25:00,2011-11-06 12:25:00,33,1,1.0,210.31
13533.0,3,204,270.79,3.563026315789474,2011-03-17 12:47:00,2011-06-10 11:54:00,182,84,0.03571428571428571,9.671071428571429
13534.0,25,2961,5870.08,19.83135135135135,2010-12-16 15:23:00,2011-12-07 14:52:00,1,355,0.07042253521126761,413.38591549295774
13536.0,7,2136,3448.29,19.264189944134078,2011-09-25 13:30:00,2011-12-08 16:38:00,0,74,0.0945945945945946,326.1895945945946
13538.0,7,175,1280.85,51.233999999999995,2011-01-28 10:40:00,2011-10-27 16:34:00,42,272,0.025735294117647058,32.96305147058823
13539.0,3,320,631.34,17.063243243243242,2011-02-03 15:23:00,2011-09-15 10:18:00,85,223,0.013452914798206279,8.493363228699552
13544.0,2,127,291.41,3.349540229885058,2011-04-13 12:09:00,2011-10-31 11:57:00,39,200,0.01,2.9141000000000004
13546.0,3,359,626.99,6.397857142857143,2011-05-23 12:14:00,2011-11-27 14:50:00,11,188,0.015957446808510637,10.005159574468085
13548.0,2,441,682.41,5.503306451612903,2011-04-10 11:35:00,2011-09-04 14:50:00,95,147,0.013605442176870748,9.284489795918367
13549.0,7,458,918.2,18.00392156862745,2011-04-11 13:42:00,2011-11-14 09:20:00,25,216,0.032407407407407406,29.75648148148148
13551.0,1,12,91.80000000000001,22.950000000000003,2011-01-24 14:46:00,2011-01-24 14:46:00,318,1,1.0,91.80000000000001
13552.0,12,1417,3740.07,34.31256880733945,2011-01-28 10:10:00,2011-10-04 15:19:00,65,249,0.04819277108433735,180.2443373493976
13555.0,4,2660,4149.28,30.50941176470588,2011-05-22 11:06:00,2011-09-27 12:36:00,73,128,0.03125,129.665
13557.0,2,546,584.06,17.178235294117645,2011-03-04 12:14:00,2011-11-11 15:24:00,27,252,0.007936507936507936,4.635396825396825
13558.0,4,344,605.06,3.457485714285714,2011-10-02 13:01:00,2011-12-04 11:24:00,5,62,0.06451612903225806,39.03612903225806
13560.0,1,64,174.37,5.283939393939394,2011-12-02 13:11:00,2011-12-02 13:11:00,6,1,1.0,174.37
13561.0,1,83,141.85999999999999,10.132857142857143,2011-05-08 12:39:00,2011-05-08 12:39:00,215,1,1.0,141.85999999999999
13562.0,3,757,1799.33,21.943048780487803,2011-04-08 12:42:00,2011-09-19 10:51:00,81,163,0.018404907975460124,33.116503067484665
13563.0,2,209,777.53,15.867959183673468,2011-07-22 17:21:00,2011-09-16 14:45:00,83,55,0.03636363636363636,28.27381818181818
13564.0,3,661,1749.02,21.07253012048193,2010-12-06 17:26:00,2011-07-18 14:33:00,143,223,0.013452914798206279,23.529417040358744
13565.0,2,172,240.22,6.321578947368421,2011-01-09 14:28:00,2011-11-20 14:33:00,18,315,0.006349206349206349,1.5252063492063492
13566.0,2,575,874.71,4.969943181818182,2011-09-18 12:40:00,2011-10-30 11:59:00,40,41,0.04878048780487805,42.66878048780488
13568.0,1,70,192.85,4.382954545454545,2011-06-19 14:42:00,2011-06-19 14:42:00,172,1,1.0,192.85
13569.0,2,164,373.75,4.397058823529412,2010-12-07 12:29:00,2011-11-22 13:07:00,16,350,0.005714285714285714,2.1357142857142857
13570.0,1,161,239.49,8.870000000000001,2011-04-10 13:36:00,2011-04-10 13:36:00,242,1,1.0,239.49
13571.0,12,1759,2092.32,6.1358357771261005,2011-03-31 12:43:00,2011-11-27 10:47:00,12,240,0.05,104.61600000000001
13572.0,1,534,1384.25,41.946969696969695,2011-05-18 11:59:00,2011-05-18 11:59:00,205,1,1.0,1384.25
13573.0,2,303,294.4,11.323076923076922,2011-03-31 14:47:00,2011-10-20 14:33:00,49,202,0.009900990099009901,2.9148514851485148
13575.0,5,449,732.0699999999999,15.914565217391303,2011-06-16 14:24:00,2011-11-16 13:14:00,22,152,0.03289473684210526,24.081249999999997
13576.0,18,2646,6717.34,53.312222222222225,2010-12-01 17:24:00,2011-11-29 15:34:00,9,362,0.049723756906077346,334.0113812154696
13577.0,4,791,1687.6000000000001,20.33253012048193,2011-04-12 10:33:00,2011-11-14 15:19:00,24,216,0.018518518518518517,31.251851851851853
13579.0,2,176,467.04,20.30608695652174,2010-12-05 16:10:00,2011-11-25 08:41:00,14,354,0.005649717514124294,2.6386440677966103
13581.0,1,30,118.0,11.8,2011-02-03 14:41:00,2011-02-03 14:41:00,308,1,1.0,118.0
13583.0,1,725,781.03,14.736415094339621,2011-07-07 10:40:00,2011-07-07 10:40:00,155,1,1.0,781.03
13584.0,1,37,142.4,5.933333333333334,2011-02-06 12:49:00,2011-02-06 12:49:00,306,1,1.0,142.4
13587.0,1,180,712.4,89.05,2011-10-07 12:31:00,2011-10-07 12:31:00,63,1,1.0,712.4
13588.0,9,2606,2478.95,14.246839080459768,2011-03-29 15:53:00,2011-11-24 10:42:00,15,239,0.03765690376569038,93.34958158995815
13589.0,2,114,379.65,18.07857142857143,2011-06-13 12:44:00,2011-11-25 12:10:00,14,164,0.012195121951219513,4.629878048780488
13590.0,6,1848,1981.92,22.780689655172413,2011-02-09 13:25:00,2011-11-28 12:54:00,10,291,0.020618556701030927,40.864329896907215
13591.0,3,485,1117.13,19.26086206896552,2011-03-18 12:18:00,2011-10-06 12:26:00,64,202,0.01485148514851485,16.591039603960397
13592.0,4,84,247.95999999999998,15.497499999999999,2011-03-20 14:01:00,2011-11-04 09:49:00,35,228,0.017543859649122806,4.350175438596491
13593.0,5,731,2037.0800000000002,15.914687500000001,2011-01-07 16:32:00,2011-08-23 13:35:00,107,227,0.022026431718061675,44.86960352422908
13594.0,1,359,396.97,15.268076923076924,2011-10-18 10:19:00,2011-10-18 10:19:00,52,1,1.0,396.97
13596.0,2,406,697.04,4.199036144578313,2011-11-27 11:57:00,2011-12-04 12:01:00,5,7,0.2857142857142857,199.1542857142857
13598.0,1,58,180.17000000000002,4.504250000000001,2011-10-23 14:28:00,2011-10-23 14:28:00,46,1,1.0,180.17000000000002
13599.0,21,3294,5153.67,20.86506072874494,2010-12-08 10:11:00,2011-12-08 16:10:00,0,365,0.057534246575342465,296.5125205479452
13600.0,1,324,219.52,11.553684210526317,2011-01-31 15:27:00,2011-01-31 15:27:00,311,1,1.0,219.52
13601.0,2,548,693.32,7.003232323232324,2011-05-12 16:52:00,2011-10-25 17:31:00,44,166,0.012048192771084338,8.353253012048194
13602.0,1,267,428.89,18.647391304347824,2011-10-06 11:47:00,2011-10-06 11:47:00,64,1,1.0,428.89
13603.0,1,164,164.34,6.086666666666667,2011-11-13 15:57:00,2011-11-13 15:57:00,25,1,1.0,164.34
13606.0,3,279,280.53999999999996,6.524186046511627,2011-02-01 11:42:00,2011-11-10 17:46:00,28,282,0.010638297872340425,2.9844680851063825
13607.0,1,290,678.01,6.918469387755102,2011-10-30 16:17:00,2011-10-30 16:17:00,39,1,1.0,678.01
13610.0,7,516,1131.88,5.008318584070797,2011-02-27 14:44:00,2011-11-27 15:38:00,11,273,0.02564102564102564,29.022564102564104
13611.0,3,766,1171.8,15.835135135135134,2010-12-15 10:31:00,2011-09-11 14:51:00,88,270,0.011111111111111112,13.02
13614.0,4,570,1610.46,8.01223880597015,2011-01-13 12:37:00,2011-11-15 14:47:00,23,306,0.013071895424836602,21.051764705882356
13615.0,1,189,417.69,18.160434782608696,2011-01-25 08:21:00,2011-01-25 08:21:00,318,1,1.0,417.69
13617.0,3,300,544.18,12.367727272727272,2011-06-12 12:55:00,2011-10-30 13:50:00,39,140,0.02142857142857143,11.661
13618.0,1,246,177.34,13.641538461538461,2011-06-19 11:09:00,2011-06-19 11:09:00,173,1,1.0,177.34
13621.0,1,343,213.85,11.255263157894737,2011-08-15 08:26:00,2011-08-15 08:26:00,116,1,1.0,213.85
13623.0,5,294,747.78,9.231851851851852,2011-02-15 13:08:00,2011-11-09 12:00:00,30,266,0.018796992481203006,14.056015037593983
13626.0,1,209,257.23,13.53842105263158,2011-04-01 10:05:00,2011-04-01 10:05:00,252,1,1.0,257.23
13627.0,5,1269,1638.47,17.80945652173913,2010-12-17 09:52:00,2011-10-11 14:20:00,58,298,0.016778523489932886,27.491107382550336
13629.0,11,4372,7792.36,132.07389830508475,2011-01-05 12:09:00,2011-11-16 13:21:00,22,315,0.03492063492063492,272.11415873015875
13630.0,7,1391,2031.78,28.61661971830986,2011-02-27 12:49:00,2011-12-04 15:16:00,4,280,0.025,50.7945
13631.0,11,467,3070.42,279.1290909090909,2011-03-17 17:13:00,2011-09-01 09:57:00,99,167,0.0658682634730539,202.24323353293414
13632.0,5,1037,2121.27,14.529246575342466,2011-04-10 15:07:00,2011-11-15 10:51:00,24,218,0.022935779816513763,48.65298165137615
13634.0,5,704,1575.16,8.378510638297874,2011-01-16 15:30:00,2011-11-06 13:40:00,32,293,0.017064846416382253,26.87986348122867
13635.0,1,677,1071.03,17.274677419354838,2011-10-03 10:55:00,2011-10-03 10:55:00,67,1,1.0,1071.03
13636.0,5,592,949.12,15.065396825396826,2011-02-27 14:29:00,2011-11-03 10:30:00,36,248,0.020161290322580645,19.135483870967743
13637.0,3,409,810.5,8.024752475247524,2011-04-27 13:06:00,2011-10-18 13:32:00,51,174,0.017241379310344827,13.974137931034482
13638.0,1,93,122.64,15.33,2011-11-24 10:38:00,2011-11-24 10:38:00,15,1,1.0,122.64
13639.0,1,800,1033.34,25.833499999999997,2011-09-26 13:36:00,2011-09-26 13:36:00,73,1,1.0,1033.34
13642.0,1,173,354.8,5.375757575757576,2011-05-08 12:34:00,2011-05-08 12:34:00,215,1,1.0,354.8
13643.0,3,273,519.44,18.551428571428573,2011-06-07 11:40:00,2011-11-08 15:37:00,30,154,0.01948051948051948,10.11896103896104
13644.0,4,2067,2624.26,17.974383561643837,2011-08-26 11:53:00,2011-11-23 14:07:00,15,89,0.0449438202247191,117.94426966292136
13645.0,1,158,252.1,50.42,2011-08-11 16:11:00,2011-08-11 16:11:00,119,1,1.0,252.1
13647.0,4,895,1678.1200000000001,21.2420253164557,2011-04-19 09:49:00,2011-11-30 12:00:00,9,225,0.017777777777777778,29.833244444444446
13649.0,2,139,346.6,15.069565217391306,2010-12-08 14:46:00,2011-03-28 11:51:00,256,109,0.01834862385321101,6.3596330275229365
13650.0,6,922,1836.34,19.128541666666667,2011-03-17 12:37:00,2011-11-23 12:22:00,16,250,0.024,44.07216
13651.0,2,33,94.2,15.700000000000001,2011-10-31 12:11:00,2011-11-04 14:59:00,34,4,0.5,47.1
13652.0,3,578,1095.08,17.38222222222222,2010-12-06 09:21:00,2011-10-25 08:51:00,45,322,0.009316770186335404,10.202608695652174
13654.0,6,2182,2707.33,16.30921686746988,2011-03-11 12:54:00,2011-10-27 16:24:00,42,230,0.02608695652173913,70.62599999999999
13655.0,2,605,932.97,16.66017857142857,2011-04-12 09:53:00,2011-08-17 14:25:00,113,127,0.015748031496062992,14.69244094488189
13656.0,2,490,379.65,7.747959183673469,2011-01-06 15:42:00,2011-06-28 10:31:00,164,172,0.011627906976744186,4.41453488372093
13657.0,2,209,382.14,23.88375,2011-05-22 12:35:00,2011-11-29 12:32:00,10,190,0.010526315789473684,4.022526315789474
13658.0,5,1019,2639.17,24.43675925925926,2011-05-19 17:15:00,2011-11-30 10:13:00,9,194,0.02577319587628866,68.01984536082475
13659.0,2,894,1573.2,15.126923076923077,2011-01-23 12:08:00,2011-05-18 12:37:00,205,115,0.017391304347826087,27.36
13662.0,3,543,897.76,16.938867924528303,2011-03-25 13:23:00,2011-09-15 12:04:00,85,173,0.017341040462427744,15.568092485549132
13663.0,1,91,189.47,14.574615384615385,2011-06-13 15:44:00,2011-06-13 15:44:00,178,1,1.0,189.47
13666.0,3,41,84.65,7.054166666666667,2011-02-25 13:05:00,2011-10-10 15:39:00,59,227,0.013215859030837005,1.1187224669603526
13667.0,1,154,305.02,3.505977011494253,2011-07-13 15:42:00,2011-07-13 15:42:00,148,1,1.0,305.02
13668.0,21,3742,6363.59,13.539553191489363,2010-12-12 12:35:00,2011-12-07 12:11:00,2,359,0.0584958217270195,372.243426183844
13669.0,2,237,218.55,24.283333333333335,2011-07-13 11:44:00,2011-10-20 09:32:00,50,98,0.02040816326530612,4.460204081632653
13670.0,1,282,349.7,13.988,2011-09-25 15:25:00,2011-09-25 15:25:00,74,1,1.0,349.7
13672.0,2,57,186.39000000000001,31.065,2011-01-11 13:54:00,2011-02-11 13:53:00,300,30,0.06666666666666667,12.426
13673.0,2,119,396.92,6.106461538461539,2011-11-07 15:40:00,2011-11-21 12:11:00,18,13,0.15384615384615385,61.064615384615394
13675.0,2,330,486.82000000000005,19.472800000000003,2011-02-28 12:14:00,2011-07-11 12:57:00,150,133,0.015037593984962405,7.3206015037593986
13678.0,1,924,232.6,14.5375,2011-07-11 10:14:00,2011-07-11 10:14:00,151,1,1.0,232.6
13680.0,4,1936,3722.42,19.089333333333332,2011-01-04 14:12:00,2011-12-08 13:47:00,0,337,0.011869436201780416,44.18302670623146
13681.0,4,360,827.83,14.523333333333333,2011-07-07 15:21:00,2011-11-22 11:13:00,17,137,0.029197080291970802,24.17021897810219
13682.0,1,10,59.5,19.833333333333332,2011-06-05 14:06:00,2011-06-05 14:06:00,186,1,1.0,59.5
13684.0,1,39,67.23,2.241,2011-02-27 10:13:00,2011-02-27 10:13:00,285,1,1.0,67.23
13685.0,7,5056,3119.44,79.98564102564103,2011-10-10 12:59:00,2011-12-07 11:41:00,2,57,0.12280701754385964,383.08912280701753
13686.0,1,70,72.0,9.0,2011-06-10 09:10:00,2011-06-10 09:10:00,182,1,1.0,72.0
13689.0,1,512,910.0,151.66666666666666,2011-10-07 13:21:00,2011-10-07 13:21:00,62,1,1.0,910.0
13690.0,1,67,172.25,19.13888888888889,2011-10-11 15:03:00,2011-10-11 15:03:00,58,1,1.0,172.25
13692.0,3,1226,1488.32,28.081509433962264,2011-04-17 12:57:00,2011-11-15 11:17:00,24,211,0.014218009478672985,21.160947867298578
13694.0,50,63312,65039.62,114.50637323943663,2010-12-01 12:12:00,2011-12-06 09:32:00,3,369,0.13550135501355012,8812.956639566395
13695.0,15,1603,2504.13,27.823666666666668,2011-03-25 11:31:00,2011-11-08 14:26:00,30,228,0.06578947368421052,164.74539473684212
13697.0,1,177,151.29999999999998,12.608333333333333,2011-11-01 09:14:00,2011-11-01 09:14:00,38,1,1.0,151.29999999999998
13699.0,1,66,308.58000000000004,22.041428571428575,2011-07-07 16:51:00,2011-07-07 16:51:00,154,1,1.0,308.58000000000004
13700.0,10,2304,2265.12,11.498071065989848,2011-01-16 13:18:00,2011-11-13 13:00:00,25,300,0.03333333333333333,75.50399999999999
13703.0,1,10,99.5,99.5,2011-01-25 13:10:00,2011-01-25 13:10:00,317,1,1.0,99.5
13704.0,9,1531,2308.06,17.224328358208954,2011-09-12 14:40:00,2011-12-04 15:13:00,4,83,0.10843373493975904,250.27156626506024
13705.0,3,363,711.86,25.423571428571428,2010-12-01 10:29:00,2011-12-02 12:32:00,7,366,0.00819672131147541,5.834918032786885
13706.0,1,189,330.79,16.5395,2011-02-10 09:21:00,2011-02-10 09:21:00,302,1,1.0,330.79
13707.0,2,351,806.41,16.800208333333334,2011-01-28 13:27:00,2011-03-17 18:03:00,266,48,0.041666666666666664,33.60041666666666
13708.0,1,306,296.88,5.821176470588235,2011-03-13 13:46:00,2011-03-13 13:46:00,270,1,1.0,296.88
13709.0,13,3516,6328.05,18.833482142857143,2011-01-28 14:57:00,2011-12-06 10:28:00,3,311,0.04180064308681672,264.51655948553054
13710.0,1,176,180.48,22.56,2011-11-08 08:16:00,2011-11-08 08:16:00,31,1,1.0,180.48
13711.0,2,140,252.06,19.38923076923077,2011-05-05 10:29:00,2011-05-05 10:31:00,218,1,2.0,504.12
13712.0,1,352,228.84,22.884,2011-04-07 12:33:00,2011-04-07 12:33:00,246,1,1.0,228.84
13715.0,5,563,1079.34,10.279428571428571,2010-12-02 08:52:00,2011-03-03 19:21:00,280,91,0.054945054945054944,59.3043956043956
13716.0,1,138,138.28,6.584761904761905,2011-03-15 13:49:00,2011-03-15 13:49:00,268,1,1.0,138.28
13717.0,6,1959,1445.01,14.166764705882352,2011-02-14 13:21:00,2011-11-07 14:13:00,31,266,0.022556390977443608,32.594210526315784
13718.0,2,173,306.55,25.545833333333334,2011-02-17 11:58:00,2011-04-07 13:24:00,245,49,0.04081632653061224,12.512244897959183
13719.0,5,609,1041.68,17.361333333333334,2011-04-19 13:56:00,2011-11-24 15:26:00,14,219,0.0228310502283105,23.782648401826485
13720.0,4,501,799.9,18.60232558139535,2011-03-30 09:17:00,2011-08-15 12:46:00,116,138,0.028985507246376812,23.18550724637681
13721.0,1,316,524.14,18.719285714285714,2011-11-03 14:05:00,2011-11-03 14:05:00,35,1,1.0,524.14
13722.0,3,1401,2375.41,27.945999999999998,2011-03-02 11:43:00,2011-07-31 12:44:00,131,151,0.019867549668874173,47.193576158940395
13723.0,1,43,199.85000000000002,33.30833333333334,2011-05-06 17:04:00,2011-05-06 17:04:00,216,1,1.0,199.85000000000002
13725.0,8,806,1980.56,19.043846153846154,2011-02-04 12:18:00,2011-10-21 10:03:00,49,258,0.031007751937984496,61.412713178294574
13726.0,2,1054,1079.6599999999999,25.70619047619047,2011-08-31 11:06:00,2011-11-01 10:49:00,38,61,0.03278688524590164,35.39868852459016
13727.0,2,162,333.48,16.674,2011-11-06 12:16:00,2011-11-11 09:46:00,28,4,0.5,166.74
13728.0,6,458,1016.14,16.12920634920635,2011-02-02 12:09:00,2011-11-03 10:49:00,36,273,0.02197802197802198,22.332747252747254
13730.0,2,488,752.6,17.50232558139535,2011-07-01 12:47:00,2011-07-27 08:35:00,135,25,0.08,60.208000000000006
13731.0,2,278,610.59,16.068157894736842,2011-04-07 10:10:00,2011-05-04 14:33:00,218,27,0.07407407407407407,45.22888888888889
13732.0,1,498,491.86,14.904848484848486,2011-11-11 15:49:00,2011-11-11 15:49:00,27,1,1.0,491.86
13735.0,4,1130,2885.2400000000002,14.72061224489796,2011-04-19 13:49:00,2011-11-15 11:14:00,24,209,0.019138755980861243,55.2199043062201
13736.0,2,497,731.9,3.831937172774869,2011-03-24 13:04:00,2011-12-04 15:19:00,4,255,0.00784313725490196,5.740392156862745
13737.0,1,125,339.59999999999997,11.319999999999999,2011-05-23 16:32:00,2011-05-23 16:32:00,199,1,1.0,339.59999999999997
13739.0,1,54,216.9,72.3,2011-11-21 13:35:00,2011-11-21 13:35:00,17,1,1.0,216.9
13740.0,1,425,350.75,15.25,2011-04-13 10:32:00,2011-04-13 10:32:00,240,1,1.0,350.75
13741.0,3,218,668.4300000000001,19.65970588235294,2011-05-06 13:43:00,2011-09-29 09:19:00,71,145,0.020689655172413793,13.829586206896552
13742.0,12,1124,3131.02,9.753956386292835,2011-01-23 14:59:00,2011-11-23 11:07:00,16,303,0.039603960396039604,124.00079207920793
13743.0,7,1776,1341.6,32.72195121951219,2011-03-25 14:46:00,2011-12-07 10:09:00,2,256,0.02734375,36.684374999999996
13744.0,2,1249,1156.36,16.060555555555553,2011-02-20 14:08:00,2011-09-05 15:19:00,94,197,0.01015228426395939,11.739695431472079
13745.0,1,496,300.04,12.001600000000002,2011-06-30 16:43:00,2011-06-30 16:43:00,161,1,1.0,300.04
13747.0,1,8,79.6,79.6,2010-12-01 10:37:00,2010-12-01 10:37:00,373,1,1.0,79.6
13748.0,5,439,948.25,33.86607142857143,2010-12-01 09:00:00,2011-09-05 09:45:00,95,278,0.017985611510791366,17.054856115107913
13750.0,5,516,1647.26,68.63583333333334,2011-01-07 11:49:00,2011-10-17 12:16:00,53,283,0.0176678445229682,29.103533568904595
13751.0,1,152,296.25,32.916666666666664,2011-02-24 15:56:00,2011-02-24 15:56:00,287,1,1.0,296.25
13752.0,6,876,1186.28,15.608947368421052,2011-04-07 12:04:00,2011-08-07 14:16:00,123,122,0.04918032786885246,58.34163934426229
13753.0,1,512,741.26,21.178857142857144,2011-02-25 12:48:00,2011-02-25 12:48:00,287,1,1.0,741.26
13754.0,2,214,282.59999999999997,23.549999999999997,2011-01-26 14:58:00,2011-07-11 11:51:00,151,165,0.012121212121212121,3.425454545454545
13755.0,9,1264,2161.35,6.319736842105263,2011-10-07 15:45:00,2011-12-06 12:26:00,3,59,0.15254237288135594,329.69745762711864
13756.0,14,3188,5189.52,36.54591549295775,2010-12-07 11:41:00,2011-12-07 16:44:00,1,365,0.038356164383561646,199.05008219178086
13758.0,7,1844,3190.55,27.26965811965812,2010-12-01 12:08:00,2011-11-28 11:11:00,11,361,0.019390581717451522,61.86662049861496
13759.0,2,287,659.4100000000001,26.376400000000004,2011-09-29 15:40:00,2011-11-06 14:47:00,32,37,0.05405405405405406,35.64378378378379
13760.0,2,197,286.79,5.03140350877193,2011-03-28 12:52:00,2011-10-16 16:13:00,53,202,0.009900990099009901,2.8395049504950496
13761.0,2,642,1070.65,15.295000000000002,2011-06-13 08:43:00,2011-10-20 14:01:00,49,129,0.015503875968992248,16.59922480620155
13762.0,1,272,306.72,43.81714285714286,2011-05-05 09:15:00,2011-05-05 09:15:00,218,1,1.0,306.72
13763.0,1,728,1714.96,114.33066666666667,2011-10-07 15:13:00,2011-10-07 15:13:00,62,1,1.0,1714.96
13764.0,3,932,1521.76,7.3161538461538465,2011-01-06 14:53:00,2011-09-30 12:03:00,70,266,0.011278195488721804,17.162706766917292
13767.0,37,7322,17220.36,46.79445652173913,2010-12-01 10:47:00,2011-12-07 15:00:00,1,371,0.09973045822102426,1717.3943935309974
13769.0,10,1163,2796.51,20.71488888888889,2010-12-07 13:28:00,2011-12-07 15:08:00,1,365,0.0273972602739726,76.61671232876712
13771.0,4,1477,2634.45,22.138235294117646,2011-04-06 15:47:00,2011-10-06 14:18:00,63,182,0.02197802197802198,57.9
13772.0,3,546,1132.13,6.396214689265538,2011-04-14 12:31:00,2011-11-06 11:43:00,33,205,0.014634146341463415,16.567756097560977
13774.0,1,192,345.0,15.681818181818182,2011-09-19 12:06:00,2011-09-19 12:06:00,81,1,1.0,345.0
13777.0,33,12897,25977.16,131.86375634517768,2010-12-01 16:01:00,2011-12-09 12:25:00,0,372,0.08870967741935484,2304.425483870968
13778.0,1,70,178.7,19.855555555555554,2011-08-28 15:25:00,2011-08-28 15:25:00,102,1,1.0,178.7
13780.0,2,318,360.01,6.315964912280702,2011-06-22 11:43:00,2011-12-02 13:49:00,6,163,0.012269938650306749,4.417300613496932
13781.0,1,30,127.84,7.5200000000000005,2011-04-03 12:08:00,2011-04-03 12:08:00,250,1,1.0,127.84
13782.0,6,371,912.0,7.930434782608696,2011-01-16 11:08:00,2011-11-27 11:54:00,12,315,0.01904761904761905,17.371428571428574
13784.0,11,2493,2462.79,79.44483870967741,2011-01-11 14:38:00,2011-11-30 09:33:00,9,322,0.034161490683229816,84.13257763975156
13786.0,1,136,230.39999999999998,32.91428571428571,2010-12-07 13:53:00,2010-12-07 13:53:00,366,1,1.0,230.39999999999998
13787.0,2,337,309.04,9.969032258064518,2010-12-10 14:45:00,2011-09-25 12:06:00,75,288,0.006944444444444444,2.1461111111111113
13790.0,1,748,348.8,7.751111111111111,2011-12-05 15:48:00,2011-12-05 15:48:00,3,1,1.0,348.8
13791.0,2,1200,1516.0,137.8181818181818,2011-06-24 16:38:00,2011-08-04 11:44:00,127,40,0.05,75.8
13792.0,2,92,195.55,15.042307692307693,2011-02-25 14:03:00,2011-10-04 14:31:00,65,221,0.00904977375565611,1.7696832579185522
13798.0,57,23948,37153.85,106.4580229226361,2010-12-02 17:24:00,2011-12-08 15:51:00,0,370,0.15405405405405406,5723.701216216216
13799.0,2,402,688.86,17.663076923076922,2011-02-18 14:18:00,2011-08-15 12:07:00,116,177,0.011299435028248588,7.783728813559322
13800.0,1,331,558.32,16.91878787878788,2011-02-03 12:27:00,2011-02-03 12:27:00,309,1,1.0,558.32
13801.0,1,168,324.8,14.121739130434783,2011-10-04 10:15:00,2011-10-04 10:15:00,66,1,1.0,324.8
13802.0,3,2572,4599.42,76.657,2011-02-01 12:03:00,2011-07-24 10:54:00,138,172,0.01744186046511628,80.22244186046511
13803.0,1,121,277.07,16.298235294117646,2011-03-29 12:57:00,2011-03-29 12:57:00,254,1,1.0,277.07
13804.0,7,1498,2635.79,19.23934306569343,2011-02-23 09:09:00,2011-11-09 12:32:00,30,259,0.02702702702702703,71.23756756756757
13805.0,2,1900,924.6,71.12307692307692,2011-08-02 15:29:00,2011-10-18 14:50:00,51,76,0.02631578947368421,24.33157894736842
13806.0,1,56,256.38,25.637999999999998,2011-10-07 11:43:00,2011-10-07 11:43:00,63,1,1.0,256.38
13807.0,1,36,112.6,16.085714285714285,2010-12-07 15:48:00,2010-12-07 15:48:00,366,1,1.0,112.6
13808.0,5,782,1747.66,22.995526315789476,2011-09-04 12:07:00,2011-12-04 12:18:00,5,91,0.054945054945054944,96.02527472527473
13809.0,1,29,155.05,12.920833333333334,2011-02-07 13:15:00,2011-02-07 13:15:00,304,1,1.0,155.05
13810.0,3,312,1499.01,42.828857142857146,2011-10-14 12:57:00,2011-11-11 08:33:00,28,27,0.1111111111111111,166.55666666666664
13811.0,3,68,814.5,62.65384615384615,2011-04-14 18:40:00,2011-06-09 09:54:00,183,55,0.05454545454545454,44.42727272727272
13812.0,3,333,539.0,14.972222222222221,2011-08-26 12:54:00,2011-10-28 14:27:00,41,63,0.047619047619047616,25.666666666666664
13813.0,4,552,1366.8600000000001,19.809565217391306,2011-07-28 10:33:00,2011-10-31 10:38:00,39,95,0.042105263157894736,57.55200000000001
13814.0,2,864,1579.12,27.703859649122805,2011-07-25 13:54:00,2011-09-08 13:48:00,91,44,0.045454545454545456,71.77818181818182
13815.0,4,2560,4027.36,22.882727272727273,2011-01-25 12:16:00,2011-11-17 14:19:00,21,296,0.013513513513513514,54.42378378378379
13816.0,2,269,571.6700000000001,20.416785714285716,2011-10-06 14:37:00,2011-11-16 08:38:00,23,40,0.05,28.583500000000004
13817.0,2,211,382.98,15.957500000000001,2010-12-23 11:46:00,2011-11-10 17:49:00,28,322,0.006211180124223602,2.3787577639751554
13819.0,3,1109,1140.35,31.676388888888887,2011-01-24 10:38:00,2011-02-11 10:38:00,301,18,0.16666666666666666,190.0583333333333
13821.0,2,153,385.64,6.536271186440678,2011-03-23 11:30:00,2011-07-18 09:49:00,144,116,0.017241379310344827,6.648965517241379
13822.0,2,611,632.0,6.583333333333333,2011-10-30 15:55:00,2011-12-04 12:13:00,5,34,0.058823529411764705,37.1764705882353
13823.0,2,439,957.66,23.941499999999998,2011-09-09 10:42:00,2011-11-21 10:22:00,18,72,0.027777777777777776,26.601666666666663
13824.0,5,768,1698.94,36.93347826086956,2011-02-02 13:07:00,2011-11-07 12:41:00,32,277,0.018050541516245487,30.66678700361011
13826.0,1,82,189.5,18.95,2011-06-16 13:48:00,2011-06-16 13:48:00,175,1,1.0,189.5
13827.0,3,141,412.05,4.430645161290323,2011-07-19 15:38:00,2011-10-13 12:38:00,57,85,0.03529411764705882,14.542941176470588
13828.0,1,311,209.49,13.966000000000001,2011-11-17 16:02:00,2011-11-17 16:02:00,21,1,1.0,209.49
13831.0,6,745,2202.99,29.77013513513513,2010-12-05 12:13:00,2011-11-23 15:41:00,15,353,0.0169971671388102,37.44458923512748
13832.0,1,28,52.199999999999996,17.4,2011-11-20 15:36:00,2011-11-20 15:36:00,18,1,1.0,52.199999999999996
13833.0,1,118,384.8,13.26896551724138,2011-07-03 13:27:00,2011-07-03 13:27:00,158,1,1.0,384.8
13835.0,4,442,834.57,15.174000000000001,2011-05-08 15:22:00,2011-11-14 15:37:00,24,190,0.021052631578947368,17.569894736842105
13837.0,2,183,271.24,14.275789473684211,2011-01-26 12:15:00,2011-05-12 12:10:00,211,105,0.01904761904761905,5.1664761904761916
13838.0,4,263,691.73,3.975459770114943,2010-12-05 10:45:00,2011-12-04 11:00:00,5,364,0.01098901098901099,7.601428571428572
13841.0,1,100,85.0,85.0,2011-04-01 12:10:00,2011-04-01 12:10:00,252,1,1.0,85.0
13842.0,9,1768,3385.62,16.43504854368932,2010-12-08 10:39:00,2011-10-12 10:51:00,58,308,0.02922077922077922,98.93045454545454
13844.0,1,196,361.62,18.081,2011-11-28 13:21:00,2011-11-28 13:21:00,10,1,1.0,361.62
13845.0,1,182,312.98,34.775555555555556,2011-10-06 08:25:00,2011-10-06 08:25:00,64,1,1.0,312.98
13846.0,3,388,865.0600000000001,15.728363636363637,2010-12-14 16:07:00,2011-11-15 12:07:00,24,335,0.008955223880597015,7.746805970149254
13848.0,3,3700,1255.0,251.0,2010-12-08 15:10:00,2011-09-08 12:58:00,91,273,0.01098901098901099,13.791208791208792
13849.0,2,1016,1537.95,15.227227722772279,2011-06-22 10:11:00,2011-10-19 10:59:00,51,119,0.01680672268907563,25.847899159663864
13850.0,1,944,1595.48,17.155698924731183,2011-08-02 14:04:00,2011-08-02 14:04:00,128,1,1.0,1595.48
13851.0,3,1705,2651.46,32.73407407407407,2011-02-24 17:18:00,2011-09-05 12:36:00,95,192,0.015625,41.4290625
13853.0,1,312,1090.14,47.39739130434783,2011-10-13 14:18:00,2011-10-13 14:18:00,56,1,1.0,1090.14
13854.0,25,2296,8109.5199999999995,73.72290909090908,2010-12-09 10:48:00,2011-12-01 09:06:00,8,356,0.0702247191011236,569.4887640449439
13856.0,3,494,388.5,27.75,2011-05-20 13:13:00,2011-06-24 10:03:00,168,34,0.08823529411764706,34.279411764705884
13858.0,1,75,216.17,19.651818181818182,2011-10-13 16:17:00,2011-10-13 16:17:00,56,1,1.0,216.17
13859.0,1,129,201.16,7.184285714285714,2011-01-17 16:14:00,2011-01-17 16:14:00,325,1,1.0,201.16
13860.0,5,591,1245.9,16.39342105263158,2011-09-14 09:27:00,2011-12-08 12:57:00,0,85,0.058823529411764705,73.28823529411765
13862.0,8,1688,2209.36,15.894676258992806,2011-01-11 15:13:00,2011-11-21 16:24:00,17,314,0.025477707006369428,56.289426751592366
13863.0,1,224,305.78,15.288999999999998,2011-04-06 10:20:00,2011-04-06 10:20:00,247,1,1.0,305.78
13865.0,4,204,501.56,16.718666666666667,2011-02-23 12:04:00,2011-10-12 13:31:00,57,231,0.017316017316017316,8.685021645021646
13866.0,1,57,145.67000000000002,20.810000000000002,2011-09-26 14:54:00,2011-09-26 14:54:00,73,1,1.0,145.67000000000002
13867.0,3,513,1015.29,16.644098360655736,2011-05-05 17:28:00,2011-11-08 15:48:00,30,186,0.016129032258064516,16.375645161290322
13868.0,2,1964,3192.54,96.74363636363637,2011-11-01 12:45:00,2011-12-02 16:32:00,6,31,0.06451612903225806,205.97032258064516
13869.0,4,1721,3104.95,10.11384364820847,2010-12-17 15:14:00,2011-08-08 13:53:00,122,233,0.017167381974248927,53.303862660944205
13870.0,8,1325,2770.94,24.095130434782607,2011-02-25 09:09:00,2011-12-07 13:23:00,1,285,0.028070175438596492,77.78077192982457
13871.0,13,2806,6403.25,19.057291666666668,2011-02-04 09:30:00,2011-11-17 10:49:00,22,286,0.045454545454545456,291.0568181818182
13873.0,3,140,389.6,16.93913043478261,2011-02-03 09:37:00,2011-08-12 10:08:00,119,190,0.015789473684210527,6.151578947368422
13874.0,1,180,540.45,30.025000000000002,2010-12-16 18:20:00,2010-12-16 18:20:00,357,1,1.0,540.45
13875.0,5,1316,1786.79,17.180673076923078,2011-02-11 15:39:00,2011-10-17 09:36:00,53,247,0.020242914979757085,36.16983805668016
13876.0,1,36,122.7,17.52857142857143,2011-10-07 10:22:00,2011-10-07 10:22:00,63,1,1.0,122.7
13877.0,1,108,117.24,39.08,2011-09-14 15:49:00,2011-09-14 15:49:00,85,1,1.0,117.24
13878.0,1,475,1281.53,35.598055555555554,2011-10-16 12:19:00,2011-10-16 12:19:00,54,1,1.0,1281.53
13880.0,13,1842,3219.77,19.513757575757577,2010-12-07 14:00:00,2011-11-18 13:44:00,20,345,0.03768115942028986,121.32466666666667
13881.0,20,10118,17159.52,96.40179775280899,2011-02-01 10:14:00,2011-12-06 12:50:00,3,308,0.06493506493506493,1114.2545454545455
13882.0,5,953,1191.13,18.325076923076924,2011-10-06 15:28:00,2011-12-07 11:16:00,2,61,0.08196721311475409,97.63360655737705
13883.0,5,1436,2674.48,18.834366197183098,2011-03-31 17:17:00,2011-11-29 10:45:00,10,242,0.02066115702479339,55.25785123966942
13884.0,5,300,787.6,13.349152542372881,2011-03-01 13:40:00,2011-12-02 16:30:00,6,276,0.018115942028985508,14.268115942028986
13885.0,2,182,506.8,18.1,2011-05-23 08:52:00,2011-06-03 15:07:00,188,11,0.18181818181818182,92.14545454545456
13886.0,1,126,243.56,15.2225,2011-09-29 13:17:00,2011-09-29 13:17:00,70,1,1.0,243.56
13887.0,1,147,349.55,18.397368421052633,2011-05-19 17:22:00,2011-05-19 17:22:00,203,1,1.0,349.55
13888.0,2,258,605.63,15.14075,2011-05-05 14:41:00,2011-08-12 10:13:00,119,98,0.02040816326530612,12.359795918367347
13889.0,1,146,416.90000000000003,27.793333333333337,2011-09-08 09:13:00,2011-09-08 09:13:00,92,1,1.0,416.90000000000003
13890.0,10,831,1883.8100000000002,17.125545454545456,2010-12-16 09:31:00,2011-12-08 15:36:00,0,357,0.028011204481792718,52.767787114845945
13892.0,4,983,632.97,23.443333333333335,2011-04-07 12:04:00,2011-11-13 11:50:00,26,219,0.0182648401826484,11.561095890410959
13893.0,1,190,821.1,39.1,2011-02-15 11:30:00,2011-02-15 11:30:00,297,1,1.0,821.1
13894.0,3,354,564.62,20.911851851851853,2011-02-02 12:54:00,2011-11-16 09:44:00,23,286,0.01048951048951049,5.922587412587413
13895.0,4,1365,2593.07,21.975169491525424,2011-06-28 10:17:00,2011-11-11 16:57:00,27,136,0.029411764705882353,76.26676470588235
13897.0,1,200,311.16,18.303529411764707,2011-10-20 14:30:00,2011-10-20 14:30:00,49,1,1.0,311.16
13898.0,1,133,155.93,12.994166666666667,2011-01-18 10:28:00,2011-01-18 10:28:00,325,1,1.0,155.93
13899.0,2,156,388.52,20.448421052631577,2011-03-10 09:30:00,2011-11-23 13:40:00,15,258,0.007751937984496124,3.011782945736434
13900.0,3,430,740.95,17.23139534883721,2011-03-22 10:13:00,2011-06-09 19:26:00,182,79,0.0379746835443038,28.137341772151903
13901.0,5,1739,2867.2,19.242953020134227,2011-01-25 09:01:00,2011-09-28 14:48:00,71,246,0.02032520325203252,58.27642276422764
13904.0,2,332,332.64,12.793846153846154,2011-02-18 11:18:00,2011-11-02 13:41:00,36,257,0.007782101167315175,2.5886381322957197
13908.0,4,1478,2369.55,19.42254098360656,2011-03-08 12:04:00,2011-09-21 11:49:00,79,196,0.02040816326530612,48.358163265306125
13911.0,9,2731,2580.91,17.43858108108108,2011-02-04 14:46:00,2011-10-13 15:43:00,56,251,0.035856573705179286,92.54258964143426
13914.0,2,380,626.45,18.983333333333334,2011-11-03 16:28:00,2011-11-28 10:35:00,11,24,0.08333333333333333,52.204166666666666
13917.0,2,228,272.04,15.113333333333335,2011-06-01 12:46:00,2011-10-21 09:56:00,49,141,0.014184397163120567,3.8587234042553193
13918.0,2,1140,1212.8400000000001,40.428000000000004,2011-03-31 18:05:00,2011-10-21 12:25:00,49,203,0.009852216748768473,11.949162561576356
13919.0,2,474,384.81,13.743214285714286,2011-08-10 10:15:00,2011-10-11 14:24:00,58,62,0.03225806451612903,12.413225806451612
13922.0,1,93,172.25,24.607142857142858,2010-12-23 10:38:00,2010-12-23 10:38:00,351,1,1.0,172.25
13923.0,1,185,351.13,17.5565,2011-10-17 12:33:00,2011-10-17 12:33:00,53,1,1.0,351.13
13924.0,6,1575,1838.8500000000001,15.716666666666669,2011-09-28 15:07:00,2011-12-08 09:39:00,1,70,0.08571428571428572,157.6157142857143
13925.0,4,331,678.25,16.54268292682927,2011-07-28 12:09:00,2011-09-08 12:47:00,92,42,0.09523809523809523,64.59523809523809
13926.0,1,104,223.85000000000002,20.35,2011-11-16 13:16:00,2011-11-16 13:16:00,22,1,1.0,223.85000000000002
13927.0,1,214,348.99,16.61857142857143,2011-09-26 12:00:00,2011-09-26 12:00:00,74,1,1.0,348.99
13928.0,4,129,464.57,17.206296296296298,2011-07-29 15:59:00,2011-11-29 10:33:00,10,122,0.03278688524590164,15.231803278688526
13929.0,2,143,842.65,93.62777777777778,2011-01-17 15:11:00,2011-06-23 15:26:00,168,157,0.012738853503184714,10.734394904458599
13930.0,2,274,337.34,19.843529411764706,2011-07-26 11:00:00,2011-10-13 09:45:00,57,78,0.02564102564102564,8.649743589743588
13931.0,2,725,1237.53,21.336724137931036,2011-03-04 08:43:00,2011-09-05 10:12:00,95,185,0.010810810810810811,13.378702702702704
13932.0,1,72,307.4,19.2125,2011-02-18 12:02:00,2011-02-18 12:02:00,294,1,1.0,307.4
13933.0,2,205,608.7900000000001,26.469130434782613,2011-07-14 13:35:00,2011-08-22 14:03:00,108,39,0.05128205128205128,31.220000000000002
13934.0,1,390,922.1,29.74516129032258,2011-03-21 08:39:00,2011-03-21 08:39:00,263,1,1.0,922.1
13936.0,1,330,376.58,14.483846153846153,2011-06-13 08:47:00,2011-06-13 08:47:00,179,1,1.0,376.58
13937.0,1,123,158.85,17.65,2011-06-23 16:35:00,2011-06-23 16:35:00,168,1,1.0,158.85
13938.0,1,70,71.66,10.237142857142857,2011-11-04 14:37:00,2011-11-04 14:37:00,34,1,1.0,71.66
13939.0,3,847,568.55,12.634444444444444,2011-02-01 11:30:00,2011-11-16 13:33:00,22,288,0.010416666666666666,5.922395833333333
13940.0,4,516,839.14,17.12530612244898,2011-07-18 16:05:00,2011-11-22 15:15:00,16,126,0.031746031746031744,26.639365079365078
13941.0,5,2364,5112.96,113.62133333333334,2010-12-02 10:17:00,2011-11-18 09:43:00,21,350,0.014285714285714285,73.04228571428571
13946.0,3,443,561.5699999999999,51.05181818181818,2011-03-17 10:02:00,2011-09-21 13:33:00,78,188,0.015957446808510637,8.961223404255318
13947.0,1,44,90.6,18.119999999999997,2011-10-05 14:42:00,2011-10-05 14:42:00,64,1,1.0,90.6
13948.0,1,40,102.0,34.0,2010-12-14 10:18:00,2010-12-14 10:18:00,360,1,1.0,102.0
13949.0,6,2474,2427.32,15.170750000000002,2011-09-06 11:55:00,2011-12-07 09:35:00,2,91,0.06593406593406594,160.04307692307694
13950.0,4,323,745.06,21.28742857142857,2011-04-07 11:29:00,2011-11-28 14:44:00,10,235,0.01702127659574468,12.681872340425532
13951.0,3,459,674.45,17.293589743589745,2011-02-18 15:21:00,2011-06-16 16:43:00,175,118,0.025423728813559324,17.147033898305086
13952.0,2,1431,3251.071,23.730445255474454,2011-04-15 09:27:00,2011-05-06 09:00:00,217,20,0.1,325.1071
13953.0,7,2724,3515.68,175.784,2010-12-22 10:29:00,2011-12-02 16:04:00,6,345,0.020289855072463767,71.33263768115941
13954.0,2,150,439.92,17.5968,2011-09-30 10:52:00,2011-12-08 12:50:00,1,69,0.028985507246376812,12.751304347826087
13955.0,2,154,322.96,9.786666666666665,2011-02-07 12:24:00,2011-07-08 17:19:00,153,151,0.013245033112582781,4.277615894039735
13956.0,5,491,1026.42,6.752763157894737,2011-03-13 12:51:00,2011-12-04 13:20:00,4,266,0.018796992481203006,19.293609022556392
13959.0,3,357,598.2,6.502173913043479,2010-12-12 13:56:00,2011-09-21 15:06:00,78,283,0.01060070671378092,6.341342756183747
13960.0,2,142,230.22,19.185,2011-09-29 12:39:00,2011-11-18 15:27:00,20,50,0.04,9.2088
13962.0,2,87,169.55,15.413636363636364,2011-04-08 11:21:00,2011-11-18 08:47:00,21,223,0.008968609865470852,1.520627802690583
13963.0,4,460,664.54,18.986857142857144,2010-12-07 09:21:00,2011-02-04 14:43:00,307,59,0.06779661016949153,45.0535593220339
13967.0,1,42,80.7,40.35,2011-07-17 12:02:00,2011-07-17 12:02:00,145,1,1.0,80.7
13969.0,18,4542,9053.94,14.463162939297126,2010-12-09 19:32:00,2011-12-02 15:11:00,6,357,0.05042016806722689,456.5011764705883
13971.0,8,1844,2758.26,18.511812080536913,2011-02-27 12:27:00,2011-11-21 12:06:00,18,266,0.03007518796992481,82.95518796992481
13972.0,2,187,190.25,12.683333333333334,2011-05-22 11:34:00,2011-09-30 11:54:00,70,131,0.015267175572519083,2.9045801526717554
13973.0,1,109,264.7,24.063636363636363,2011-02-25 15:21:00,2011-02-25 15:21:00,286,1,1.0,264.7
13974.0,1,249,413.59000000000003,14.77107142857143,2011-10-21 14:41:00,2011-10-21 14:41:00,48,1,1.0,413.59000000000003
13975.0,6,1732,2526.28,7.474201183431953,2011-03-08 12:19:00,2011-11-08 13:19:00,30,245,0.024489795918367346,61.868081632653066
13976.0,1,154,357.98,35.798,2011-05-17 09:13:00,2011-05-17 09:13:00,206,1,1.0,357.98
13978.0,2,315,196.79000000000002,13.119333333333335,2011-10-25 15:04:00,2011-11-25 11:36:00,14,30,0.06666666666666667,13.119333333333335
13979.0,1,639,869.87,16.108703703703704,2011-09-27 13:32:00,2011-09-27 13:32:00,72,1,1.0,869.87
13980.0,1,172,200.14,18.19454545454545,2011-10-10 13:34:00,2011-10-10 13:34:00,59,1,1.0,200.14
13982.0,4,1136,1871.81,16.863153153153153,2010-12-09 13:57:00,2011-10-31 16:24:00,38,326,0.012269938650306749,22.966993865030673
13983.0,12,1183,2603.43,24.3311214953271,2010-12-08 10:38:00,2011-11-10 11:06:00,29,337,0.03560830860534125,92.70373887240356
13984.0,5,679,920.51,57.531875,2010-12-08 15:58:00,2011-11-13 12:38:00,26,339,0.014749262536873156,13.57684365781711
13985.0,15,3445,7060.13,20.229598853868197,2011-03-20 13:48:00,2011-12-05 17:06:00,3,260,0.057692307692307696,407.3151923076923
13986.0,1,430,320.46,24.650769230769228,2011-11-22 15:00:00,2011-11-22 15:00:00,16,1,1.0,320.46
13988.0,6,3044,4147.96,17.726324786324785,2011-03-30 11:48:00,2011-11-20 10:15:00,19,234,0.02564102564102564,106.35794871794872
13989.0,2,1313,1266.08,30.88,2011-04-14 15:39:00,2011-10-05 09:47:00,65,173,0.011560693641618497,14.636763005780345
13990.0,1,190,311.3,19.45625,2011-05-10 15:19:00,2011-05-10 15:19:00,212,1,1.0,311.3
13991.0,6,998,855.97,10.190119047619048,2011-07-19 12:58:00,2011-11-27 16:18:00,11,131,0.04580152671755725,39.20473282442748
13992.0,1,64,76.8,15.36,2011-11-09 15:23:00,2011-11-09 15:23:00,29,1,1.0,76.8
13993.0,9,900,3466.36,28.647603305785125,2011-01-13 10:43:00,2011-10-28 09:06:00,42,287,0.0313588850174216,108.70118466898955
13994.0,6,940,2313.14,14.923483870967742,2011-07-14 18:28:00,2011-12-06 11:05:00,3,144,0.041666666666666664,96.38083333333333
13995.0,5,879,1393.69,16.205697674418605,2011-04-08 08:20:00,2011-11-24 14:22:00,14,230,0.021739130434782608,30.297608695652173
13999.0,12,2243,3901.81,18.758701923076924,2010-12-13 11:23:00,2011-11-29 13:40:00,9,351,0.03418803418803419,133.39521367521368
14000.0,1,710,635.66,42.37733333333333,2011-05-12 16:50:00,2011-05-12 16:50:00,210,1,1.0,635.66
14001.0,3,962,2043.0800000000002,52.38666666666667,2010-12-01 12:58:00,2011-10-25 10:31:00,45,327,0.009174311926605505,18.743853211009178
14002.0,2,877,529.73,11.270851063829788,2011-07-06 14:59:00,2011-07-28 15:55:00,133,22,0.09090909090909091,48.15727272727273
14004.0,7,2668,4582.64,26.799064327485382,2011-02-24 09:28:00,2011-10-27 14:40:00,42,245,0.02857142857142857,130.93257142857144
14005.0,5,2478,2874.72,34.22285714285714,2011-05-08 10:33:00,2011-11-30 12:41:00,9,206,0.024271844660194174,69.77475728155339
14006.0,3,641,962.19,32.073,2011-01-31 15:11:00,2011-08-16 09:39:00,115,196,0.015306122448979591,14.727397959183675
14009.0,2,365,695.61,16.562142857142856,2011-05-18 13:00:00,2011-05-25 15:47:00,197,7,0.2857142857142857,198.74571428571429
14012.0,1,160,328.8,29.89090909090909,2011-03-07 12:26:00,2011-03-07 12:26:00,277,1,1.0,328.8
14013.0,3,462,473.02,13.91235294117647,2011-03-09 08:59:00,2011-08-21 15:01:00,109,165,0.01818181818181818,8.600363636363635
14014.0,1,1076,505.18,12.953333333333333,2011-09-23 13:18:00,2011-09-23 13:18:00,76,1,1.0,505.18
14015.0,1,378,917.34,45.867000000000004,2011-10-18 10:02:00,2011-10-18 10:02:00,52,1,1.0,917.34
14016.0,4,2125,4341.21,26.964037267080744,2010-12-17 14:21:00,2011-07-01 11:29:00,161,195,0.020512820512820513,89.05046153846153
14019.0,3,1037,1421.61,21.539545454545454,2011-07-24 15:39:00,2011-10-24 10:13:00,46,91,0.03296703296703297,46.86626373626373
14020.0,2,441,642.8,16.48205128205128,2011-09-12 15:32:00,2011-11-23 09:22:00,16,71,0.028169014084507043,18.107042253521126
14021.0,3,192,631.9,28.722727272727273,2011-03-28 15:10:00,2011-07-07 15:46:00,154,101,0.0297029702970297,18.769306930693066
14022.0,1,487,440.0,15.714285714285714,2011-04-28 14:39:00,2011-04-28 14:39:00,224,1,1.0,440.0
14023.0,2,345,584.07,18.840967741935486,2011-04-03 15:50:00,2011-12-02 13:58:00,6,242,0.008264462809917356,4.82702479338843
14024.0,2,150,327.7,20.48125,2011-08-07 13:31:00,2011-08-10 11:30:00,121,2,1.0,327.7
14027.0,1,62,104.82,17.47,2011-10-10 09:01:00,2011-10-10 09:01:00,60,1,1.0,104.82
14029.0,2,198,467.66,31.177333333333333,2011-07-18 16:57:00,2011-10-07 14:46:00,62,80,0.025,11.691500000000001
14030.0,8,1479,2360.09,9.712304526748971,2010-12-08 16:11:00,2011-11-21 16:48:00,17,348,0.022988505747126436,54.25494252873563
14031.0,19,5788,17286.86,69.14744,2010-12-02 16:34:00,2011-12-02 17:13:00,6,365,0.052054794520547946,899.8639452054795
14032.0,11,2032,2975.59,20.80832167832168,2010-12-08 10:53:00,2011-12-07 15:23:00,1,364,0.03021978021978022,89.92167582417584
14034.0,3,423,651.8199999999999,7.323820224719101,2011-07-05 13:06:00,2011-11-17 14:02:00,21,135,0.022222222222222223,14.484888888888888
14035.0,5,739,1428.02,21.636666666666667,2011-02-15 12:48:00,2011-11-11 10:03:00,28,268,0.018656716417910446,26.642164179104476
14036.0,1,268,626.65,16.49078947368421,2011-02-28 09:26:00,2011-02-28 09:26:00,284,1,1.0,626.65
14037.0,2,46,147.20000000000002,5.257142857142858,2010-12-10 11:39:00,2011-06-16 13:57:00,175,188,0.010638297872340425,1.5659574468085107
14038.0,3,965,1560.38,16.960652173913044,2011-05-16 14:05:00,2011-09-22 13:37:00,77,128,0.0234375,36.57140625
14039.0,1,92,152.2,25.366666666666664,2011-11-06 13:48:00,2011-11-06 13:48:00,32,1,1.0,152.2
14040.0,12,1554,3614.92,15.38263829787234,2011-01-12 14:57:00,2011-10-30 12:42:00,40,290,0.041379310344827586,149.58289655172413
14041.0,1,94,141.41,6.733809523809524,2011-03-18 13:25:00,2011-03-18 13:25:00,265,1,1.0,141.41
14044.0,4,308,652.82,3.1235406698564594,2011-02-03 11:39:00,2011-11-13 12:05:00,26,283,0.014134275618374558,9.22713780918728
14045.0,4,535,1659.75,276.625,2010-12-01 11:32:00,2011-08-22 15:27:00,108,264,0.015151515151515152,25.147727272727273
14046.0,1,460,154.99,11.070714285714287,2011-02-28 14:48:00,2011-02-28 14:48:00,283,1,1.0,154.99
14047.0,5,381,1308.6100000000001,40.894062500000004,2010-12-02 10:09:00,2011-12-01 11:43:00,8,364,0.013736263736263736,17.97541208791209
14048.0,1,288,409.93,4.822705882352941,2011-02-07 14:53:00,2011-02-07 14:53:00,304,1,1.0,409.93
14049.0,4,3870,5681.72,11.642868852459017,2011-01-26 11:27:00,2011-11-23 12:20:00,16,301,0.013289036544850499,75.50458471760798
14050.0,2,689,746.36,13.821481481481483,2011-08-25 13:46:00,2011-11-08 10:00:00,31,74,0.02702702702702703,20.171891891891892
14051.0,23,3756,15610.390000000001,74.33519047619048,2010-12-08 12:49:00,2011-12-09 10:20:00,0,365,0.06301369863013699,983.6684109589042
14052.0,1,89,225.36,4.024285714285715,2011-11-20 12:30:00,2011-11-20 12:30:00,19,1,1.0,225.36
14053.0,2,215,260.25,65.0625,2011-07-03 12:21:00,2011-08-07 14:27:00,123,35,0.05714285714285714,14.87142857142857
14054.0,1,62,92.46,15.409999999999998,2011-10-05 15:49:00,2011-10-05 15:49:00,64,1,1.0,92.46
14055.0,1,216,725.6400000000001,72.56400000000001,2011-08-25 15:04:00,2011-08-25 15:04:00,105,1,1.0,725.6400000000001
14056.0,23,4273,8214.65,7.427350813743218,2011-02-28 15:19:00,2011-12-08 13:36:00,0,282,0.08156028368794327,669.9891843971632
14057.0,17,4876,6217.96,21.894225352112677,2010-12-14 12:11:00,2011-11-16 10:32:00,23,336,0.050595238095238096,314.5991666666667
14059.0,1,128,183.6,22.95,2011-03-18 10:06:00,2011-03-18 10:06:00,266,1,1.0,183.6
14060.0,19,5386,6140.42,30.39811881188119,2010-12-02 12:11:00,2011-12-05 12:29:00,4,368,0.051630434782608696,317.0325543478261
14062.0,12,5593,10464.85,94.27792792792793,2010-12-10 15:56:00,2011-11-30 10:04:00,9,354,0.03389830508474576,354.7406779661017
14064.0,5,1788,1353.74,16.92175,2011-03-10 12:59:00,2011-11-10 13:14:00,28,245,0.02040816326530612,27.62734693877551
14066.0,1,45,152.55,21.792857142857144,2011-03-18 12:21:00,2011-03-18 12:21:00,266,1,1.0,152.55
14067.0,2,361,374.7,7.2057692307692305,2011-09-04 12:00:00,2011-10-07 10:21:00,63,32,0.0625,23.41875
14068.0,1,73,265.85,11.077083333333334,2011-01-23 16:02:00,2011-01-23 16:02:00,319,1,1.0,265.85
14071.0,8,995,1438.82,4.440802469135802,2011-03-20 11:33:00,2011-12-06 12:27:00,3,261,0.03065134099616858,44.10176245210727
14073.0,1,130,151.04,11.618461538461538,2011-11-07 15:49:00,2011-11-07 15:49:00,31,1,1.0,151.04
14075.0,3,754,942.26,21.913023255813954,2011-03-23 16:35:00,2011-12-05 08:38:00,4,256,0.01171875,11.042109374999999
14076.0,1,81,122.47,2.662391304347826,2011-08-02 15:19:00,2011-08-02 15:19:00,128,1,1.0,122.47
14077.0,5,268,499.41999999999996,11.89095238095238,2011-03-10 15:52:00,2011-10-30 12:35:00,40,233,0.02145922746781116,10.717167381974248
14078.0,6,310,1049.37,16.144153846153845,2010-12-01 12:54:00,2011-08-30 12:16:00,101,271,0.02214022140221402,23.233284132841323
14079.0,1,301,375.1,31.258333333333336,2011-08-07 12:10:00,2011-08-07 12:10:00,124,1,1.0,375.1
14080.0,1,48,45.599999999999994,11.399999999999999,2011-11-07 11:09:00,2011-11-07 11:09:00,32,1,1.0,45.599999999999994
14081.0,2,596,934.52,6.10797385620915,2010-12-05 15:47:00,2011-02-10 16:17:00,301,67,0.029850746268656716,27.896119402985075
14082.0,1,110,182.25,6.2844827586206895,2010-12-10 11:02:00,2010-12-10 11:02:00,364,1,1.0,182.25
14083.0,9,732,1018.43,5.626685082872928,2010-12-03 12:24:00,2011-12-05 13:14:00,3,367,0.02452316076294278,24.975122615803816
14085.0,18,3184,4448.54,9.885644444444445,2010-12-06 12:39:00,2011-12-07 13:46:00,1,366,0.04918032786885246,218.7806557377049
14087.0,1,251,194.42,2.8176811594202897,2011-12-07 12:41:00,2011-12-07 12:41:00,2,1,1.0,194.42
14088.0,13,12665,50491.81,85.7246349745331,2011-01-21 13:07:00,2011-11-29 16:16:00,9,312,0.041666666666666664,2103.8254166666666
14089.0,1,134,161.0,11.5,2011-10-14 10:38:00,2011-10-14 10:38:00,56,1,1.0,161.0
14090.0,1,72,76.32000000000001,76.32000000000001,2011-01-19 10:51:00,2011-01-19 10:51:00,324,1,1.0,76.32000000000001
14092.0,14,2066,4076.91,19.050981308411213,2010-12-16 15:47:00,2011-12-02 12:13:00,7,350,0.04,163.0764
14093.0,1,406,442.85,4.217619047619048,2011-11-27 16:27:00,2011-11-27 16:27:00,11,1,1.0,442.85
14096.0,17,16352,65164.79,12.749909998043435,2011-08-30 10:49:00,2011-12-05 17:17:00,3,97,0.17525773195876287,11420.63329896907
14098.0,1,104,147.35,7.016666666666667,2011-11-03 10:13:00,2011-11-03 10:13:00,36,1,1.0,147.35
14099.0,11,2179,3104.17,12.41668,2010-12-20 11:14:00,2011-11-23 13:53:00,15,338,0.03254437869822485,101.02328402366864
14100.0,1,64,194.9,7.496153846153846,2011-07-25 11:01:00,2011-07-25 11:01:00,137,1,1.0,194.9
14101.0,6,6942,5976.79,170.76542857142857,2011-01-17 13:09:00,2011-09-27 12:28:00,73,252,0.023809523809523808,142.3045238095238
14102.0,5,961,1360.28,17.21873417721519,2011-10-26 12:46:00,2011-12-04 15:38:00,4,39,0.1282051282051282,174.3948717948718
14104.0,2,72,216.20999999999998,10.295714285714284,2011-06-27 12:49:00,2011-07-08 12:50:00,154,11,0.18181818181818182,39.310909090909085
14105.0,1,800,1266.23,17.111216216216217,2011-04-14 17:58:00,2011-04-14 17:58:00,238,1,1.0,1266.23
14107.0,7,1793,2703.23,21.977479674796747,2010-12-10 13:29:00,2011-10-19 12:12:00,51,312,0.022435897435897436,60.64939102564102
14108.0,2,381,597.91,17.585588235294118,2011-08-30 11:32:00,2011-11-09 10:41:00,30,70,0.02857142857142857,17.083142857142857
14109.0,1,88,144.2,16.022222222222222,2011-09-28 10:18:00,2011-09-28 10:18:00,72,1,1.0,144.2
14110.0,12,2445,5683.15,36.66548387096774,2011-03-18 09:59:00,2011-12-06 12:26:00,3,263,0.045627376425855515,259.30722433460073
14111.0,4,458,692.85,69.285,2011-04-12 11:36:00,2011-11-25 13:44:00,13,227,0.01762114537444934,12.208810572687225
14112.0,7,1651,2915.15,18.2196875,2011-03-09 11:28:00,2011-11-17 12:30:00,22,253,0.02766798418972332,80.65632411067195
14113.0,4,745,1840.42,54.13,2010-12-20 12:14:00,2011-12-06 12:18:00,3,351,0.011396011396011397,20.973447293447297
14114.0,2,101,386.53,25.768666666666665,2011-01-13 11:05:00,2011-03-11 09:42:00,273,56,0.03571428571428571,13.804642857142856
14116.0,5,707,1382.74,19.204722222222223,2011-08-10 12:44:00,2011-11-20 10:29:00,19,101,0.04950495049504951,68.45247524752476
14117.0,1,72,90.0,30.0,2011-07-19 09:49:00,2011-07-19 09:49:00,143,1,1.0,90.0
14121.0,4,2082,2780.15,17.485220125786164,2011-10-11 10:39:00,2011-12-06 12:19:00,3,56,0.07142857142857142,198.58214285714286
14124.0,1,1618,419.58000000000004,83.91600000000001,2011-09-16 13:32:00,2011-09-16 13:32:00,83,1,1.0,419.58000000000004
14125.0,3,1640,2740.43,16.409760479041914,2011-09-22 15:40:00,2011-11-29 12:47:00,10,67,0.04477611940298507,122.70582089552238
14126.0,3,508,706.1300000000001,47.07533333333334,2011-11-29 12:21:00,2011-12-02 11:45:00,7,2,1.5,1059.1950000000002
14127.0,3,321,709.71,16.129772727272726,2011-02-02 12:26:00,2011-08-09 10:49:00,122,187,0.016042780748663103,11.38572192513369
14128.0,2,564,637.5,13.858695652173912,2011-03-29 10:49:00,2011-10-10 12:00:00,60,195,0.010256410256410256,6.538461538461538
14129.0,5,592,1123.8600000000001,21.61269230769231,2011-03-24 08:44:00,2011-12-08 11:02:00,1,259,0.019305019305019305,21.696138996139
14130.0,1,258,483.86,7.221791044776119,2011-01-24 16:05:00,2011-01-24 16:05:00,318,1,1.0,483.86
14132.0,11,3368,3586.0299999999997,17.930149999999998,2011-06-09 12:04:00,2011-12-07 13:35:00,1,181,0.06077348066298342,217.93552486187843
14133.0,3,348,605.64,21.63,2011-01-28 11:27:00,2011-08-02 11:34:00,129,186,0.016129032258064516,9.768387096774193
14135.0,15,3850,4690.31,35.00231343283583,2010-12-02 10:27:00,2011-12-08 11:38:00,1,371,0.04043126684636118,189.63517520215635
14138.0,2,610,982.3800000000001,20.901702127659576,2011-10-07 09:38:00,2011-12-08 12:44:00,1,62,0.03225806451612903,31.68967741935484
14139.0,1,510,415.82,15.993076923076924,2011-10-24 13:34:00,2011-10-24 13:34:00,45,1,1.0,415.82
14140.0,2,811,935.05,14.167424242424241,2011-11-08 11:20:00,2011-12-06 09:05:00,3,27,0.07407407407407407,69.26296296296296
14141.0,4,355,915.13,22.87825,2011-08-26 14:40:00,2011-12-07 09:53:00,2,102,0.0392156862745098,35.88745098039215
14142.0,1,313,311.81,14.173181818181819,2010-12-01 16:33:00,2010-12-01 16:33:00,372,1,1.0,311.81
14143.0,1,30,115.8,16.54285714285714,2011-07-29 09:48:00,2011-07-29 09:48:00,133,1,1.0,115.8
14145.0,4,756,3742.2,340.2,2011-05-06 13:01:00,2011-10-24 12:10:00,46,170,0.023529411764705882,88.05176470588235
14146.0,5,2437,4191.0,19.957142857142856,2010-12-17 15:52:00,2011-12-01 10:18:00,8,348,0.014367816091954023,60.21551724137931
14147.0,2,108,483.4,96.67999999999999,2011-02-27 11:42:00,2011-09-22 18:10:00,77,207,0.00966183574879227,4.670531400966183
14148.0,1,16,157.2,52.4,2011-04-20 12:02:00,2011-04-20 12:02:00,233,1,1.0,157.2
14149.0,1,218,446.62,15.950714285714286,2011-05-03 09:44:00,2011-05-03 09:44:00,220,1,1.0,446.62
14150.0,2,496,658.64,25.33230769230769,2010-12-15 10:04:00,2011-11-04 10:05:00,35,324,0.006172839506172839,4.0656790123456785
14152.0,2,711,621.29,12.67938775510204,2011-04-19 15:46:00,2011-09-25 12:54:00,74,158,0.012658227848101266,7.8644303797468345
14154.0,2,465,1345.62,25.87730769230769,2011-04-14 15:58:00,2011-04-14 16:26:00,238,1,2.0,2691.24
14155.0,1,25,118.75,19.791666666666668,2011-03-18 14:13:00,2011-03-18 14:13:00,265,1,1.0,118.75
14156.0,55,57885,117379.63,83.84259285714286,2010-12-03 11:48:00,2011-11-30 10:54:00,9,361,0.1523545706371191,17883.323130193905
14157.0,2,284,432.88,9.018333333333333,2011-02-27 13:04:00,2011-11-20 11:32:00,19,265,0.007547169811320755,3.2670188679245284
14158.0,1,781,507.66,12.381951219512196,2011-10-30 15:08:00,2011-10-30 15:08:00,39,1,1.0,507.66
14159.0,11,4408,4693.01,3.8978488372093025,2010-12-12 11:17:00,2011-11-20 12:36:00,19,343,0.03206997084548105,150.50469387755103
14161.0,3,455,1110.52,10.282592592592593,2010-12-05 13:18:00,2011-05-08 11:41:00,215,153,0.0196078431372549,21.774901960784312
14162.0,2,142,289.36,11.5744,2011-02-20 12:32:00,2011-06-19 11:36:00,173,118,0.01694915254237288,4.904406779661017
14163.0,4,893,2445.91,47.036730769230765,2011-04-14 17:33:00,2011-09-13 15:18:00,86,151,0.026490066225165563,64.7923178807947
14164.0,2,1033,1631.77,56.26793103448276,2011-09-20 12:18:00,2011-09-30 12:24:00,70,10,0.2,326.35400000000004
14165.0,1,54,122.53999999999999,4.901599999999999,2011-03-09 12:39:00,2011-03-09 12:39:00,275,1,1.0,122.53999999999999
14167.0,4,150,574.84,11.054615384615385,2011-01-12 15:44:00,2011-10-31 14:29:00,38,291,0.013745704467353952,7.901580756013746
14171.0,1,167,363.79,6.272241379310345,2011-09-02 16:43:00,2011-09-02 16:43:00,97,1,1.0,363.79
14173.0,4,150,450.84,15.546206896551723,2011-05-04 14:03:00,2011-11-29 11:54:00,10,208,0.019230769230769232,8.67
14174.0,1,94,134.46,5.171538461538462,2011-11-06 13:17:00,2011-11-06 13:17:00,32,1,1.0,134.46
14175.0,3,1515,3222.3,21.626174496644296,2011-01-14 12:22:00,2011-10-11 11:55:00,59,269,0.011152416356877323,35.9364312267658
14176.0,4,209,576.9000000000001,18.609677419354842,2010-12-07 11:45:00,2011-02-15 13:12:00,296,70,0.05714285714285714,32.96571428571429
14177.0,4,205,559.41,13.319285714285714,2011-06-13 11:10:00,2011-09-14 15:11:00,85,93,0.043010752688172046,24.060645161290324
14178.0,7,1505,1620.93,4.9569724770642205,2011-06-10 12:51:00,2011-12-01 12:01:00,8,173,0.04046242774566474,65.58676300578036
14179.0,2,330,719.78,4.36230303030303,2011-10-18 14:00:00,2011-10-30 12:07:00,40,11,0.18181818181818182,130.86909090909091
14180.0,25,719,4748.52,19.785500000000003,2010-12-02 13:08:00,2011-11-29 10:56:00,10,361,0.06925207756232687,328.84487534626044
14184.0,1,127,452.89,18.870416666666667,2011-10-04 12:43:00,2011-10-04 12:43:00,66,1,1.0,452.89
14185.0,1,6,197.65,65.88333333333334,2011-01-12 13:52:00,2011-01-12 13:52:00,330,1,1.0,197.65
14188.0,6,1162,2054.36,31.605538461538462,2011-02-02 13:46:00,2011-11-09 12:45:00,30,279,0.021505376344086023,44.179784946236566
14189.0,15,3937,4654.08,17.56256603773585,2010-12-06 11:42:00,2011-12-07 15:55:00,1,366,0.040983606557377046,190.74098360655736
14191.0,13,3662,4684.76,18.08787644787645,2011-05-03 10:30:00,2011-12-08 09:23:00,1,218,0.05963302752293578,279.36642201834866
14193.0,2,445,853.39,20.318809523809524,2011-03-15 11:38:00,2011-10-03 09:34:00,67,201,0.009950248756218905,8.491442786069651
14194.0,21,5840,11349.52,19.601934369602763,2011-02-04 14:51:00,2011-12-05 10:38:00,4,303,0.06930693069306931,786.6003960396041
14195.0,2,760,1012.0,144.57142857142858,2011-04-01 16:50:00,2011-05-22 10:29:00,201,50,0.04,40.480000000000004
14196.0,1,142,335.52,55.919999999999995,2011-08-25 10:25:00,2011-08-25 10:25:00,106,1,1.0,335.52
14198.0,4,290,701.4,17.984615384615385,2011-04-14 14:54:00,2011-11-21 16:35:00,17,221,0.01809954751131222,12.69502262443439
14199.0,1,28,185.39999999999998,92.69999999999999,2011-05-05 13:44:00,2011-05-05 13:44:00,217,1,1.0,185.39999999999998
14201.0,7,590,747.44,20.20108108108108,2010-12-15 13:25:00,2011-10-10 13:27:00,59,299,0.023411371237458192,17.49859531772575
14204.0,1,82,161.03,3.659772727272727,2011-12-07 13:38:00,2011-12-07 13:38:00,1,1,1.0,161.03
14205.0,2,204,466.7,19.445833333333333,2011-03-20 15:07:00,2011-11-23 10:55:00,16,247,0.008097165991902834,3.7789473684210524
14206.0,1,276,328.15999999999997,16.407999999999998,2011-04-14 16:38:00,2011-04-14 16:38:00,238,1,1.0,328.15999999999997
14208.0,1,114,151.74,15.174000000000001,2011-09-06 12:48:00,2011-09-06 12:48:00,94,1,1.0,151.74
14209.0,6,691,2073.43,23.83252873563218,2011-01-11 12:56:00,2011-11-29 10:18:00,10,321,0.018691588785046728,38.75570093457943
14210.0,6,760,1905.8400000000001,18.684705882352944,2010-12-03 12:43:00,2011-08-26 12:36:00,105,265,0.022641509433962263,43.151094339622645
14211.0,9,1242,2241.1,20.009821428571428,2011-02-17 15:50:00,2011-10-17 13:23:00,52,241,0.03734439834024896,83.69253112033195
14212.0,1,1152,1070.48,118.94222222222223,2011-09-11 12:45:00,2011-09-11 12:45:00,89,1,1.0,1070.48
14214.0,5,751,1004.38,14.990746268656716,2011-03-07 12:26:00,2011-11-09 10:31:00,30,246,0.02032520325203252,20.414227642276423
14215.0,6,1358,1789.72,16.57148148148148,2010-12-06 15:34:00,2011-11-28 12:19:00,11,356,0.016853932584269662,30.1638202247191
14216.0,4,594,1839.3,31.17457627118644,2011-11-02 10:51:00,2011-12-06 14:56:00,2,34,0.11764705882352941,216.38823529411764
14217.0,17,689,2004.98,20.0498,2010-12-08 13:28:00,2011-12-08 11:53:00,1,364,0.046703296703296704,93.63917582417582
14218.0,1,160,169.48000000000002,14.123333333333335,2011-10-28 10:00:00,2011-10-28 10:00:00,42,1,1.0,169.48000000000002
14219.0,1,78,89.94,12.848571428571429,2011-12-05 16:23:00,2011-12-05 16:23:00,3,1,1.0,89.94
14220.0,2,272,632.4,30.114285714285714,2010-12-16 18:18:00,2011-04-06 13:23:00,246,110,0.01818181818181818,11.498181818181818
14221.0,9,2191,3432.8,17.78652849740933,2011-01-04 15:33:00,2011-10-28 13:42:00,41,296,0.030405405405405407,104.37567567567568
14222.0,1,607,683.17,16.662682926829266,2011-06-15 16:42:00,2011-06-15 16:42:00,176,1,1.0,683.17
14223.0,3,585,991.13,16.518833333333333,2011-03-20 16:02:00,2011-09-08 13:38:00,91,171,0.017543859649122806,17.388245614035085
14224.0,4,514,1050.12,8.899322033898304,2011-01-23 13:58:00,2011-08-21 13:24:00,109,209,0.019138755980861243,20.097990430622005
14226.0,5,1308,2232.19,33.31626865671642,2011-03-15 15:36:00,2011-11-11 11:34:00,28,240,0.020833333333333332,46.50395833333333
14227.0,10,1820,3350.96,19.148342857142858,2011-02-28 12:27:00,2011-11-13 15:48:00,25,258,0.03875968992248062,129.88217054263566
14229.0,3,610,1547.2,38.68,2011-01-10 12:03:00,2011-10-19 10:04:00,51,281,0.010676156583629894,16.51814946619217
14231.0,3,409,925.71,18.514200000000002,2011-02-24 11:55:00,2011-06-09 11:05:00,183,104,0.028846153846153848,26.70317307692308
14232.0,5,1941,2048.07,17.80930434782609,2011-03-20 12:44:00,2011-10-28 11:09:00,42,221,0.02262443438914027,46.33642533936652
14233.0,4,680,1462.72,41.792,2011-01-26 12:43:00,2011-10-21 15:54:00,48,268,0.014925373134328358,21.831641791044778
14234.0,4,963,775.46,4.877106918238994,2011-10-13 13:58:00,2011-11-17 17:53:00,21,35,0.11428571428571428,88.624
14235.0,5,1959,3144.86,39.80835443037975,2011-03-24 13:23:00,2011-09-25 14:37:00,74,185,0.02702702702702703,84.99621621621623
14236.0,2,310,490.86,32.724000000000004,2010-12-02 18:49:00,2011-09-20 09:13:00,80,291,0.006872852233676976,3.3736082474226805
14237.0,1,38,161.0,17.88888888888889,2010-12-01 13:20:00,2010-12-01 13:20:00,372,1,1.0,161.0
14238.0,1,111,146.85,18.35625,2011-01-17 14:40:00,2011-01-17 14:40:00,325,1,1.0,146.85
14239.0,11,993,2380.85,21.257589285714285,2011-01-27 14:45:00,2011-10-27 14:40:00,42,272,0.04044117647058824,96.284375
14240.0,2,418,890.34,21.19857142857143,2011-04-28 11:40:00,2011-11-09 13:45:00,29,195,0.010256410256410256,9.131692307692308
14241.0,1,146,213.70000000000002,21.37,2011-06-09 11:46:00,2011-06-09 11:46:00,183,1,1.0,213.70000000000002
14242.0,2,123,280.55,17.534375,2011-01-18 08:53:00,2011-04-19 11:46:00,234,91,0.02197802197802198,6.165934065934066
14243.0,10,1221,2588.77,18.360070921985816,2010-12-09 08:34:00,2011-12-01 11:12:00,8,357,0.028011204481792718,72.51456582633054
14245.0,2,976,1693.45,15.680092592592594,2011-03-21 10:41:00,2011-05-04 08:40:00,219,43,0.046511627906976744,78.76511627906977
14246.0,3,804,1474.06,19.654133333333334,2011-04-08 08:25:00,2011-08-21 11:50:00,110,135,0.022222222222222223,32.75688888888889
14247.0,1,47,136.76999999999998,6.838499999999999,2011-03-06 15:21:00,2011-03-06 15:21:00,277,1,1.0,136.76999999999998
14248.0,1,102,302.58,37.8225,2011-01-25 14:45:00,2011-01-25 14:45:00,317,1,1.0,302.58
14250.0,3,1200,1904.05,17.153603603603603,2011-09-11 13:44:00,2011-12-02 14:30:00,6,82,0.036585365853658534,69.66036585365853
14251.0,5,1674,2879.7000000000003,36.91923076923077,2011-10-13 12:46:00,2011-12-08 08:32:00,1,55,0.09090909090909091,261.7909090909091
14256.0,2,414,969.0600000000001,18.284150943396227,2010-12-10 11:44:00,2011-03-24 13:17:00,259,104,0.019230769230769232,18.635769230769235
14257.0,5,1682,3099.7200000000003,29.242641509433966,2011-01-25 10:49:00,2011-10-06 16:54:00,63,254,0.01968503937007874,61.01811023622048
14258.0,9,7100,12669.98,114.14396396396396,2011-01-06 12:18:00,2011-11-30 15:27:00,8,328,0.027439024390243903,347.6518902439024
14259.0,1,68,120.0,24.0,2011-07-21 10:44:00,2011-07-21 10:44:00,141,1,1.0,120.0
14261.0,2,406,1163.45,22.37403846153846,2011-09-22 10:47:00,2011-10-20 10:04:00,50,27,0.07407407407407407,86.18148148148148
14262.0,8,1645,2618.23,18.3093006993007,2011-04-13 12:23:00,2011-12-01 14:17:00,7,232,0.034482758620689655,90.28379310344828
14264.0,2,70,333.97,19.64529411764706,2011-04-08 12:20:00,2011-07-08 10:20:00,154,90,0.022222222222222223,7.421555555555557
14265.0,2,330,530.18,17.10258064516129,2011-07-14 09:10:00,2011-08-22 13:32:00,108,39,0.05128205128205128,27.188717948717944
14267.0,3,530,1516.24,27.568,2011-03-24 11:38:00,2011-06-30 10:09:00,162,97,0.030927835051546393,46.8940206185567
14270.0,1,197,492.65000000000003,16.98793103448276,2011-01-12 09:33:00,2011-01-12 09:33:00,331,1,1.0,492.65000000000003
14271.0,1,88,112.32,11.232,2011-04-28 12:47:00,2011-04-28 12:47:00,225,1,1.0,112.32
14272.0,2,599,437.96,13.271515151515151,2011-03-30 13:57:00,2011-09-27 10:08:00,73,180,0.011111111111111112,4.8662222222222224
14273.0,4,264,559.97,19.309310344827587,2011-04-11 13:24:00,2011-10-19 13:20:00,50,190,0.021052631578947368,11.788842105263159
14276.0,3,744,1119.74,17.4959375,2011-02-23 09:38:00,2011-09-02 09:45:00,98,191,0.015706806282722512,17.587539267015707
14277.0,3,1984,4216.2,18.738666666666667,2011-05-11 13:20:00,2011-11-24 15:01:00,14,197,0.015228426395939087,64.20609137055837
14280.0,1,52,134.04,16.755,2011-05-27 10:37:00,2011-05-27 10:37:00,196,1,1.0,134.04
14282.0,15,2668,3729.34,23.906025641025643,2010-12-07 12:21:00,2011-12-06 17:04:00,2,364,0.04120879120879121,153.6815934065934
14284.0,2,161,595.25,18.6015625,2011-09-14 13:04:00,2011-11-09 08:11:00,30,55,0.03636363636363636,21.645454545454545
14285.0,4,541,1910.01,70.74111111111111,2011-06-16 12:36:00,2011-11-18 14:50:00,20,155,0.025806451612903226,49.29058064516129
14286.0,3,4338,4628.75,16.53125,2011-04-11 08:16:00,2011-11-16 10:34:00,23,219,0.0136986301369863,63.40753424657534
14287.0,3,261,176.63,19.625555555555554,2011-05-25 11:41:00,2011-12-01 13:25:00,7,190,0.015789473684210527,2.788894736842105
14288.0,1,188,426.6,26.6625,2011-05-10 13:22:00,2011-05-10 13:22:00,212,1,1.0,426.6
14289.0,6,292,911.26,19.388510638297873,2011-02-23 12:33:00,2011-12-01 11:44:00,8,280,0.02142857142857143,19.527
14290.0,5,915,2314.65,22.917326732673267,2010-12-13 10:24:00,2011-11-28 14:02:00,10,350,0.014285714285714285,33.066428571428574
14291.0,11,2749,3883.25,16.385021097046412,2011-03-09 15:20:00,2011-12-08 10:26:00,1,273,0.040293040293040296,156.46794871794873
14292.0,9,1663,4871.93,48.719300000000004,2011-03-02 08:26:00,2011-12-02 11:50:00,7,275,0.03272727272727273,159.44498181818184
14293.0,4,709,1046.56,17.15672131147541,2010-12-06 10:18:00,2011-12-06 15:17:00,2,365,0.010958904109589041,11.469150684931506
14295.0,1,84,166.20000000000002,33.24,2011-10-30 15:50:00,2011-10-30 15:50:00,39,1,1.0,166.20000000000002
14297.0,4,865,1305.33,21.053709677419352,2011-03-10 08:31:00,2011-11-22 09:06:00,17,257,0.01556420233463035,20.316420233463035
14298.0,44,58343,51527.3,31.476664630421503,2010-12-14 12:59:00,2011-12-01 13:12:00,7,352,0.125,6440.9125
14299.0,9,2149,3965.62,27.73160839160839,2010-12-09 10:30:00,2011-12-01 16:05:00,7,357,0.025210084033613446,99.97361344537815
14300.0,1,32,43.2,14.4,2011-11-21 08:57:00,2011-11-21 08:57:00,18,1,1.0,43.2
14301.0,1,606,640.14,49.24153846153846,2011-08-14 15:33:00,2011-08-14 15:33:00,116,1,1.0,640.14
14304.0,1,139,383.45,22.555882352941175,2011-05-01 11:50:00,2011-05-01 11:50:00,222,1,1.0,383.45
14305.0,3,1089,1858.96,17.70438095238095,2011-07-27 14:14:00,2011-09-29 15:29:00,70,64,0.046875,87.13875
14306.0,2,1075,2093.32,63.4339393939394,2011-09-15 10:31:00,2011-10-19 13:23:00,50,34,0.058823529411764705,123.1364705882353
14307.0,6,2058,2995.72,16.642888888888887,2010-12-01 11:41:00,2011-09-12 09:38:00,88,284,0.02112676056338028,63.28985915492957
14309.0,9,1633,2352.53,20.10709401709402,2010-12-16 13:05:00,2011-12-01 13:33:00,7,350,0.025714285714285714,60.49362857142857
14311.0,1,146,310.26,15.513,2011-04-11 10:14:00,2011-04-11 10:14:00,242,1,1.0,310.26
14312.0,6,1012,1611.59,18.524022988505745,2011-01-06 16:35:00,2011-10-24 09:46:00,46,290,0.020689655172413793,33.34324137931034
14314.0,1,296,120.0,15.0,2011-08-25 10:39:00,2011-08-25 10:39:00,106,1,1.0,120.0
14315.0,6,1021,2481.13,24.565643564356435,2011-03-18 12:59:00,2011-10-26 12:06:00,44,221,0.027149321266968326,67.36099547511313
14317.0,1,255,508.58000000000004,21.190833333333334,2011-10-06 10:44:00,2011-10-06 10:44:00,64,1,1.0,508.58000000000004
14320.0,2,325,477.79,15.412580645161292,2011-01-11 09:12:00,2011-05-17 09:24:00,206,126,0.015873015873015872,7.583968253968254
14321.0,5,2406,1530.75,12.445121951219512,2011-01-10 11:35:00,2011-11-29 09:47:00,10,322,0.015527950310559006,23.7694099378882
14323.0,2,350,605.0600000000001,16.807222222222222,2011-04-15 11:44:00,2011-08-17 11:37:00,114,123,0.016260162601626018,9.838373983739839
14326.0,1,103,183.85,22.98125,2011-04-11 15:04:00,2011-04-11 15:04:00,241,1,1.0,183.85
14327.0,1,139,311.65,25.97083333333333,2011-06-29 13:58:00,2011-06-29 13:58:00,162,1,1.0,311.65
14329.0,7,3095,5014.84,19.362316602316604,2011-01-14 13:42:00,2011-11-22 15:50:00,16,312,0.022435897435897436,112.5124358974359
14331.0,2,252,462.65999999999997,16.523571428571426,2011-07-27 15:14:00,2011-08-07 13:17:00,123,10,0.2,92.532
14332.0,3,481,866.31,33.31961538461538,2011-07-15 10:33:00,2011-11-17 11:54:00,22,125,0.024,20.791439999999998
14333.0,1,58,415.2,27.68,2011-10-03 10:38:00,2011-10-03 10:38:00,67,1,1.0,415.2
14334.0,8,1731,2552.21,15.754382716049383,2010-12-16 17:37:00,2011-11-23 10:01:00,16,341,0.02346041055718475,59.87589442815249
14335.0,2,379,468.26,7.432698412698413,2011-09-04 13:07:00,2011-11-23 13:41:00,15,80,0.025,11.7065
14336.0,4,1759,1614.91,17.943444444444445,2011-03-08 16:48:00,2011-11-23 11:40:00,16,259,0.015444015444015444,24.940694980694982
14338.0,2,335,588.22,18.97483870967742,2011-05-27 13:30:00,2011-07-01 14:08:00,160,35,0.05714285714285714,33.61257142857143
14339.0,1,168,309.52,22.108571428571427,2011-04-11 11:06:00,2011-04-11 11:06:00,242,1,1.0,309.52
14340.0,1,58,134.7,22.45,2011-05-05 09:44:00,2011-05-05 09:44:00,218,1,1.0,134.7
14341.0,8,1403,2182.28,16.916899224806205,2011-01-25 13:55:00,2011-10-25 15:48:00,44,273,0.029304029304029304,63.949597069597075
14342.0,4,347,668.5600000000001,31.836190476190477,2011-05-13 13:50:00,2011-11-18 13:21:00,20,188,0.02127659574468085,14.22468085106383
14344.0,8,477,889.9300000000001,12.534225352112676,2010-12-06 11:58:00,2011-08-04 13:51:00,126,241,0.03319502074688797,29.54124481327801
14345.0,1,50,108.97999999999999,18.16333333333333,2011-11-01 09:51:00,2011-11-01 09:51:00,38,1,1.0,108.97999999999999
14346.0,2,605,1021.58,17.026333333333334,2011-02-15 13:52:00,2011-08-11 09:47:00,120,176,0.011363636363636364,11.608863636363637
14348.0,1,183,409.57,22.753888888888888,2011-03-24 16:23:00,2011-03-24 16:23:00,259,1,1.0,409.57
14349.0,1,86,133.5,4.306451612903226,2011-11-29 15:39:00,2011-11-29 15:39:00,9,1,1.0,133.5
14350.0,1,183,282.93,15.718333333333334,2011-03-10 14:14:00,2011-03-10 14:14:00,273,1,1.0,282.93
14351.0,1,12,51.0,51.0,2011-06-28 11:56:00,2011-06-28 11:56:00,164,1,1.0,51.0
14352.0,4,538,1078.96,22.95659574468085,2011-03-11 14:58:00,2011-07-05 15:41:00,156,116,0.034482758620689655,37.20551724137931
14353.0,1,64,90.6,15.1,2011-05-08 16:06:00,2011-05-08 16:06:00,214,1,1.0,90.6
14354.0,2,210,163.62,18.18,2011-11-09 15:36:00,2011-12-04 11:32:00,5,24,0.08333333333333333,13.635
14355.0,1,92,174.4,15.854545454545455,2010-12-09 12:16:00,2010-12-09 12:16:00,365,1,1.0,174.4
14356.0,2,277,701.23,21.24939393939394,2011-09-19 14:43:00,2011-09-21 09:18:00,79,1,2.0,1402.46
14357.0,1,148,225.77,5.506585365853659,2011-10-27 16:23:00,2011-10-27 16:23:00,42,1,1.0,225.77
14359.0,3,371,912.18,16.58509090909091,2011-09-13 09:03:00,2011-11-20 13:17:00,18,68,0.04411764705882353,40.243235294117646
14360.0,4,1151,2128.23,18.035847457627117,2011-09-06 11:58:00,2011-11-08 09:12:00,31,62,0.06451612903225806,137.3051612903226
14362.0,1,100,161.2,3.9317073170731707,2011-11-17 15:08:00,2011-11-17 15:08:00,21,1,1.0,161.2
14364.0,8,1967,3717.35,53.87463768115942,2011-05-12 12:56:00,2011-08-23 11:01:00,108,102,0.0784313725490196,291.55686274509804
14367.0,16,4438,9261.52,17.67465648854962,2011-03-08 14:12:00,2011-12-01 13:19:00,7,267,0.0599250936329588,554.9974531835206
14368.0,1,36,155.0,19.375,2011-01-24 09:52:00,2011-01-24 09:52:00,319,1,1.0,155.0
14371.0,1,34,100.5,25.125,2011-02-17 16:35:00,2011-02-17 16:35:00,294,1,1.0,100.5
14373.0,1,17,76.55,19.1375,2010-12-16 15:40:00,2010-12-16 15:40:00,357,1,1.0,76.55
14375.0,1,194,257.68,3.4357333333333333,2011-06-07 13:44:00,2011-06-07 13:44:00,184,1,1.0,257.68
14377.0,2,219,617.05,56.095454545454544,2011-03-22 13:38:00,2011-06-01 13:32:00,190,70,0.02857142857142857,17.63
14379.0,2,292,348.1,7.567391304347827,2011-02-17 15:03:00,2011-10-26 16:43:00,43,251,0.00796812749003984,2.7737051792828686
14381.0,1,146,202.68,3.619285714285714,2011-10-18 17:10:00,2011-10-18 17:10:00,51,1,1.0,202.68
14382.0,1,1237,626.0699999999999,4.7791603053435106,2011-11-13 16:18:00,2011-11-13 16:18:00,25,1,1.0,626.0699999999999
14383.0,3,817,1247.69,21.14728813559322,2011-06-29 10:18:00,2011-11-01 15:53:00,37,125,0.024,29.944560000000003
14385.0,3,159,202.11,14.436428571428573,2011-11-16 11:55:00,2011-11-30 15:36:00,8,14,0.21428571428571427,43.309285714285714
14386.0,1,54,142.4,20.342857142857145,2011-02-16 09:45:00,2011-02-16 09:45:00,296,1,1.0,142.4
14387.0,3,819,1770.56,12.646857142857142,2011-08-22 14:13:00,2011-11-07 12:29:00,32,76,0.039473684210526314,69.89052631578947
14388.0,8,1941,3212.84,17.273333333333333,2010-12-02 11:02:00,2011-11-29 13:32:00,9,362,0.022099447513812154,71.00198895027624
14389.0,2,729,1043.46,23.188000000000002,2011-06-02 12:04:00,2011-10-05 15:17:00,64,125,0.016,16.69536
14390.0,9,2136,4652.82,16.268601398601398,2010-12-02 11:57:00,2011-11-29 13:49:00,9,362,0.024861878453038673,115.67784530386739
14393.0,1,13,67.95,13.59,2011-05-05 18:16:00,2011-05-05 18:16:00,217,1,1.0,67.95
14395.0,9,1693,3507.71,10.02202857142857,2010-12-02 18:15:00,2011-12-07 14:34:00,1,369,0.024390243902439025,85.5539024390244
14396.0,2,225,487.99,6.684794520547945,2010-12-03 15:19:00,2011-10-05 16:09:00,64,306,0.006535947712418301,3.1894771241830067
14397.0,19,1890,2612.96,30.034022988505747,2011-05-10 12:25:00,2011-12-07 09:22:00,2,210,0.09047619047619047,236.41066666666666
14400.0,1,454,574.7,22.988000000000003,2011-07-13 15:50:00,2011-07-13 15:50:00,148,1,1.0,574.7
14401.0,13,4507,4051.48,22.26087912087912,2010-12-15 09:07:00,2011-12-05 13:30:00,3,355,0.036619718309859155,148.36405633802818
14403.0,4,519,1475.81,73.7905,2011-04-06 14:23:00,2011-08-01 12:57:00,129,116,0.034482758620689655,50.89
14404.0,6,839,1474.32,14.31378640776699,2010-12-05 16:00:00,2011-11-06 12:30:00,33,335,0.01791044776119403,26.405731343283584
14406.0,1,77,156.75,19.59375,2011-08-12 16:54:00,2011-08-12 16:54:00,118,1,1.0,156.75
14407.0,6,1415,2157.73,29.557945205479452,2011-03-08 11:59:00,2011-08-24 14:02:00,106,169,0.03550295857988166,76.60579881656805
14408.0,7,1616,2606.53,24.360093457943925,2011-03-20 14:41:00,2011-11-29 11:41:00,10,253,0.02766798418972332,72.11743083003952
14409.0,6,1230,2059.4500000000003,38.137962962962966,2010-12-06 15:03:00,2011-09-29 18:18:00,70,297,0.020202020202020204,41.605050505050514
14410.0,9,571,1105.07,5.725751295336787,2011-02-07 09:36:00,2011-09-08 15:08:00,91,213,0.04225352112676056,46.693098591549294
14411.0,1,196,1063.0,75.92857142857143,2011-02-02 10:56:00,2011-02-02 10:56:00,310,1,1.0,1063.0
14412.0,2,786,770.03,17.90767441860465,2011-09-28 08:48:00,2011-10-28 10:45:00,42,30,0.06666666666666667,51.33533333333333
14413.0,1,68,122.7,5.334782608695653,2010-12-12 13:37:00,2010-12-12 13:37:00,361,1,1.0,122.7
14414.0,7,2512,1496.98,15.432783505154639,2010-12-16 11:11:00,2011-09-09 12:09:00,91,267,0.026217228464419477,39.24666666666667
14415.0,13,3011,5900.28,10.000474576271186,2010-12-14 13:31:00,2011-12-08 14:38:00,0,359,0.036211699164345405,213.6591643454039
14416.0,2,326,490.22,35.01571428571429,2011-10-28 15:10:00,2011-11-17 15:22:00,21,20,0.1,49.022000000000006
14418.0,3,1711,1937.25,15.622983870967742,2011-08-23 17:18:00,2011-12-06 11:39:00,3,104,0.028846153846153848,55.88221153846154
14419.0,6,487,1058.06,5.13621359223301,2010-12-10 10:56:00,2011-11-29 11:22:00,10,354,0.01694915254237288,17.93322033898305
14420.0,1,334,387.52,13.362758620689654,2011-09-01 18:07:00,2011-09-01 18:07:00,98,1,1.0,387.52
14421.0,2,365,813.11,30.115185185185187,2011-05-12 10:49:00,2011-10-13 13:24:00,56,154,0.012987012987012988,10.55987012987013
14422.0,6,2906,4263.64,19.205585585585588,2011-03-17 17:26:00,2011-12-09 11:26:00,0,266,0.022556390977443608,96.17233082706767
14423.0,1,120,265.2,88.39999999999999,2011-05-05 15:12:00,2011-05-05 15:12:00,217,1,1.0,265.2
14424.0,1,48,322.08,322.08,2011-11-22 11:48:00,2011-11-22 11:48:00,17,1,1.0,322.08
14426.0,10,2699,4481.67,20.007455357142856,2011-01-31 09:51:00,2011-11-16 12:25:00,23,289,0.03460207612456748,155.0750865051903
14427.0,2,228,363.34000000000003,21.37294117647059,2011-10-07 09:10:00,2011-10-20 14:23:00,49,13,0.15384615384615385,55.89846153846155
14428.0,5,436,1244.83,8.644652777777777,2011-01-18 16:39:00,2011-12-02 13:17:00,6,317,0.015772870662460567,19.634542586750786
14431.0,1,130,470.36,27.668235294117647,2011-02-10 10:40:00,2011-02-10 10:40:00,302,1,1.0,470.36
14432.0,6,2070,2255.51,5.904476439790576,2011-09-11 14:09:00,2011-11-30 08:04:00,9,79,0.0759493670886076,171.30455696202534
14434.0,6,368,1372.8,114.39999999999999,2011-09-28 15:31:00,2011-11-18 08:56:00,21,50,0.12,164.736
14436.0,1,129,89.06,9.895555555555555,2011-09-02 10:13:00,2011-09-02 10:13:00,98,1,1.0,89.06
14437.0,1,60,63.0,12.6,2010-12-09 09:27:00,2010-12-09 09:27:00,365,1,1.0,63.0
14438.0,1,82,131.9,14.655555555555557,2011-02-06 14:56:00,2011-02-06 14:56:00,305,1,1.0,131.9
14439.0,1,526,2661.24,83.16375,2011-01-24 11:39:00,2011-01-24 11:39:00,319,1,1.0,2661.24
14440.0,5,588,2357.6800000000003,42.8669090909091,2010-12-09 12:49:00,2011-12-01 15:42:00,7,357,0.014005602240896359,33.02072829131653
14441.0,4,446,1712.89,33.58607843137255,2011-03-29 12:01:00,2011-12-09 09:07:00,0,254,0.015748031496062992,26.97464566929134
14442.0,2,482,1589.82,25.235238095238095,2011-01-27 09:33:00,2011-05-19 11:36:00,204,112,0.017857142857142856,28.389642857142853
14443.0,4,938,1420.2,15.270967741935484,2010-12-06 11:03:00,2011-10-17 10:10:00,53,314,0.012738853503184714,18.09171974522293
14446.0,4,933,1039.58,3.548054607508532,2011-04-07 12:10:00,2011-12-09 11:34:00,0,245,0.0163265306122449,16.972734693877552
14447.0,5,571,1163.23,16.617571428571427,2011-03-04 10:49:00,2011-11-21 08:28:00,18,261,0.019157088122605363,22.284099616858235
14448.0,2,104,375.35,18.767500000000002,2010-12-10 17:26:00,2011-11-30 13:50:00,8,354,0.005649717514124294,2.120621468926554
14449.0,4,757,907.1,3.5158914728682173,2010-12-02 14:09:00,2011-11-21 12:06:00,18,353,0.0113314447592068,10.278753541076489
14450.0,3,241,483.25,12.08125,2011-01-23 11:53:00,2011-06-12 10:46:00,180,139,0.02158273381294964,10.429856115107913
14451.0,2,389,662.59,6.078807339449542,2011-05-29 12:35:00,2011-10-10 13:38:00,59,134,0.014925373134328358,9.889402985074627
14452.0,2,119,264.44,4.26516129032258,2011-09-07 11:32:00,2011-11-29 12:06:00,10,83,0.024096385542168676,6.372048192771085
14453.0,1,49,119.93,5.451363636363637,2011-06-02 14:15:00,2011-06-02 14:15:00,189,1,1.0,119.93
14456.0,9,2908,3062.4,3.1571134020618556,2011-07-20 13:06:00,2011-12-04 13:59:00,4,137,0.06569343065693431,201.17956204379564
14457.0,1,88,113.64,28.41,2011-02-02 09:39:00,2011-02-02 09:39:00,310,1,1.0,113.64
14459.0,1,760,1837.92,49.67351351351351,2011-07-07 13:35:00,2011-07-07 13:35:00,154,1,1.0,1837.92
14460.0,3,881,434.34,27.14625,2011-02-02 11:55:00,2011-08-21 14:19:00,109,200,0.015,6.5150999999999994
14461.0,3,766,2103.06,11.683666666666666,2011-03-23 12:15:00,2011-07-14 17:11:00,147,113,0.02654867256637168,55.83345132743363
14462.0,11,964,2004.02,8.350083333333334,2011-01-04 12:45:00,2011-10-04 15:55:00,65,273,0.040293040293040296,80.74805860805861
14463.0,3,179,529.62,88.27,2011-05-18 14:42:00,2011-09-02 15:20:00,97,107,0.028037383177570093,14.849158878504673
14465.0,3,405,1058.6200000000001,8.14323076923077,2011-02-10 12:13:00,2011-04-07 12:38:00,246,56,0.05357142857142857,56.71178571428572
14466.0,7,1006,2272.4,31.561111111111114,2010-12-02 13:36:00,2011-11-10 14:07:00,28,343,0.02040816326530612,46.37551020408163
14467.0,4,278,598.76,6.652888888888889,2011-01-31 12:35:00,2011-11-22 12:48:00,17,295,0.013559322033898305,8.11877966101695
14470.0,2,193,461.19,10.725348837209303,2011-02-25 11:56:00,2011-11-28 10:31:00,11,275,0.007272727272727273,3.3541090909090907
14472.0,8,1160,1936.84,6.892669039145908,2010-12-19 14:03:00,2011-08-28 11:01:00,103,251,0.03187250996015936,61.73195219123506
14473.0,2,88,234.34000000000003,33.47714285714286,2011-03-02 13:56:00,2011-09-26 15:10:00,73,208,0.009615384615384616,2.2532692307692312
14474.0,1,140,547.66,18.884827586206896,2011-10-24 13:26:00,2011-10-24 13:26:00,45,1,1.0,547.66
14475.0,3,447,925.85,22.04404761904762,2011-02-08 10:12:00,2011-09-29 10:46:00,71,233,0.012875536480686695,11.920815450643778
14476.0,1,132,215.7,11.352631578947367,2011-03-27 15:39:00,2011-03-27 15:39:00,256,1,1.0,215.7
14477.0,4,720,1309.6,130.95999999999998,2011-02-15 15:44:00,2011-11-20 11:11:00,19,277,0.01444043321299639,18.91119133574007
14479.0,2,117,316.25,17.569444444444443,2010-12-09 12:59:00,2011-03-31 09:07:00,253,111,0.018018018018018018,5.698198198198198
14480.0,1,143,279.05,21.465384615384615,2011-11-28 16:35:00,2011-11-28 16:35:00,10,1,1.0,279.05
14481.0,2,489,636.51,21.217,2011-02-25 13:53:00,2011-06-28 10:38:00,164,122,0.01639344262295082,10.434590163934427
14482.0,6,1646,2068.15,14.362152777777778,2011-04-14 16:41:00,2011-11-21 13:14:00,17,220,0.02727272727272727,56.40409090909091
14483.0,1,97,137.1,15.233333333333333,2011-03-03 10:26:00,2011-03-03 10:26:00,281,1,1.0,137.1
14484.0,1,210,321.92,22.994285714285716,2011-10-20 14:11:00,2011-10-20 14:11:00,49,1,1.0,321.92
14485.0,1,71,165.75,3.526595744680851,2011-11-01 12:25:00,2011-11-01 12:25:00,38,1,1.0,165.75
14487.0,6,735,1196.33,8.307847222222222,2010-12-06 13:22:00,2011-11-13 12:17:00,26,341,0.017595307917888565,21.049794721407626
14488.0,1,799,1064.28,23.136521739130433,2011-10-03 09:30:00,2011-10-03 09:30:00,67,1,1.0,1064.28
14489.0,1,299,463.38,15.446,2011-05-16 14:51:00,2011-05-16 14:51:00,206,1,1.0,463.38
14491.0,2,139,340.93,20.05470588235294,2010-12-02 12:10:00,2011-06-17 15:22:00,174,197,0.01015228426395939,3.461218274111675
14493.0,5,1285,2383.2400000000002,19.860333333333337,2011-07-07 16:59:00,2011-12-02 16:14:00,6,147,0.034013605442176874,81.06258503401362
14494.0,1,92,139.56,19.937142857142856,2011-11-14 09:21:00,2011-11-14 09:21:00,25,1,1.0,139.56
14495.0,2,62,123.8,20.633333333333333,2011-08-10 14:13:00,2011-10-20 12:28:00,50,70,0.02857142857142857,3.537142857142857
14496.0,2,159,538.8100000000001,28.35842105263158,2010-12-01 15:35:00,2011-02-01 09:01:00,311,61,0.03278688524590164,17.665901639344266
14497.0,1,235,475.37,16.392068965517243,2011-02-03 17:01:00,2011-02-03 17:01:00,308,1,1.0,475.37
14498.0,5,1098,1957.32,10.141554404145078,2010-12-13 11:29:00,2011-10-28 12:09:00,42,319,0.01567398119122257,30.678996865203757
14499.0,3,501,815.32,4.2026804123711345,2011-03-06 11:55:00,2011-11-13 13:01:00,25,252,0.011904761904761904,9.706190476190477
14500.0,3,117,356.85,50.978571428571435,2011-06-03 10:08:00,2011-09-12 16:45:00,87,101,0.0297029702970297,10.59950495049505
14501.0,2,161,251.21,25.121000000000002,2011-01-24 10:43:00,2011-06-09 12:02:00,183,136,0.014705882352941176,3.694264705882353
14502.0,11,1498,2470.67,3.9594070512820516,2011-01-30 15:52:00,2011-11-20 11:50:00,19,293,0.03754266211604096,92.75552901023892
14503.0,6,2004,3543.26,21.605243902439025,2011-06-14 10:00:00,2011-12-06 13:30:00,2,175,0.03428571428571429,121.48320000000001
14504.0,4,308,673.26,6.2921495327102805,2011-03-06 14:38:00,2011-10-23 16:00:00,46,231,0.017316017316017316,11.658181818181818
14505.0,8,2759,5905.64,7.391289111389237,2010-12-12 16:14:00,2011-11-22 15:45:00,16,344,0.023255813953488372,137.34046511627906
14506.0,5,730,2012.17,6.367626582278481,2010-12-05 14:25:00,2011-11-22 13:02:00,16,351,0.014245014245014245,28.663390313390316
14507.0,6,600,1383.18,14.408125,2011-03-08 17:23:00,2011-11-16 12:21:00,23,252,0.023809523809523808,32.932857142857145
14508.0,2,131,276.42,4.849473684210526,2011-09-11 11:29:00,2011-11-17 19:48:00,21,67,0.029850746268656716,8.25134328358209
14511.0,5,784,1314.81,19.33544117647059,2011-07-29 12:13:00,2011-11-28 17:05:00,10,122,0.040983606557377046,53.88565573770491
14512.0,2,122,275.28,11.968695652173912,2011-04-21 19:05:00,2011-06-05 12:39:00,187,44,0.045454545454545456,12.512727272727272
14513.0,3,361,455.59000000000003,37.965833333333336,2011-02-24 09:36:00,2011-08-31 11:25:00,100,188,0.015957446808510637,7.270053191489362
14514.0,3,589,1055.35,14.456849315068492,2011-01-12 15:22:00,2011-10-09 16:05:00,60,270,0.011111111111111112,11.726111111111111
14515.0,6,1134,2102.09,20.812772277227726,2011-05-05 12:13:00,2011-11-22 11:37:00,17,200,0.03,63.0627
14517.0,2,91,330.45,18.358333333333334,2011-07-21 11:42:00,2011-11-06 14:20:00,32,108,0.018518518518518517,6.119444444444444
14518.0,1,278,174.37,10.898125,2011-10-06 14:43:00,2011-10-06 14:43:00,63,1,1.0,174.37
14520.0,2,146,270.6,67.65,2011-02-22 09:15:00,2011-12-08 09:46:00,1,289,0.006920415224913495,1.872664359861592
14522.0,4,525,974.54,57.32588235294117,2011-05-25 16:01:00,2011-11-15 13:24:00,23,173,0.023121387283236993,22.53271676300578
14523.0,1,251,241.09,20.090833333333332,2011-08-23 13:13:00,2011-08-23 13:13:00,107,1,1.0,241.09
14524.0,9,676,1867.68,9.20039408866995,2010-12-14 11:01:00,2011-11-08 12:29:00,31,329,0.02735562310030395,51.09155015197569
14525.0,9,2696,4332.2,14.887285223367696,2010-12-13 17:40:00,2011-11-20 11:37:00,19,341,0.026392961876832845,114.33958944281525
14527.0,55,2089,8508.82,8.753930041152262,2010-12-05 13:17:00,2011-12-07 12:19:00,2,366,0.15027322404371585,1278.6478142076503
14528.0,1,278,364.21999999999997,20.234444444444442,2011-11-02 17:09:00,2011-11-02 17:09:00,36,1,1.0,364.21999999999997
14529.0,3,348,620.04,2.707598253275109,2011-08-21 14:10:00,2011-10-10 15:27:00,59,50,0.06,37.2024
14530.0,6,1410,2925.91,13.54587962962963,2011-02-16 10:47:00,2011-11-14 10:38:00,25,270,0.022222222222222223,65.02022222222222
14532.0,4,284,932.85,14.57578125,2010-12-22 13:48:00,2011-04-17 13:05:00,235,115,0.034782608695652174,32.44695652173913
14533.0,7,4019,1949.72,31.44709677419355,2010-12-22 11:07:00,2011-11-15 12:05:00,24,328,0.021341463414634148,41.609878048780494
14534.0,18,2047,4447.05,8.56849710982659,2011-01-25 12:33:00,2011-12-07 12:19:00,2,315,0.05714285714285714,254.11714285714285
14535.0,3,1831,2864.19,8.679363636363636,2011-04-05 12:50:00,2011-10-10 15:39:00,59,188,0.015957446808510637,45.705159574468084
14536.0,1,40,171.8,9.042105263157895,2011-03-25 12:21:00,2011-03-25 12:21:00,259,1,1.0,171.8
14537.0,1,120,355.56,35.556,2011-10-13 10:54:00,2011-10-13 10:54:00,57,1,1.0,355.56
14538.0,2,155,388.25,20.43421052631579,2011-03-28 14:57:00,2011-10-06 10:31:00,64,191,0.010471204188481676,4.06544502617801
14539.0,2,428,537.48,16.79625,2011-10-26 12:03:00,2011-11-24 09:50:00,15,28,0.07142857142857142,38.39142857142857
14540.0,3,421,996.26,13.108684210526315,2011-02-03 15:02:00,2011-11-30 10:15:00,9,299,0.010033444816053512,9.995919732441472
14541.0,8,647,1461.65,13.168018018018019,2011-01-24 14:16:00,2011-10-12 10:08:00,58,260,0.03076923076923077,44.97384615384616
14542.0,1,19,103.25,20.65,2011-06-07 08:19:00,2011-06-07 08:19:00,185,1,1.0,103.25
14543.0,16,679,3630.33,50.42125,2010-12-10 11:51:00,2011-11-11 12:45:00,28,336,0.047619047619047616,172.87285714285713
14544.0,2,1543,2024.45,17.758333333333333,2010-12-13 12:50:00,2011-11-15 15:06:00,23,337,0.005934718100890208,12.014540059347182
14546.0,5,1317,2578.09,6.4613784461152886,2011-04-05 12:37:00,2011-12-04 13:00:00,4,243,0.0205761316872428,53.047119341563786
14547.0,8,2668,4007.54,10.949562841530055,2011-10-16 14:35:00,2011-12-06 11:06:00,3,50,0.16,641.2064
14548.0,2,256,652.8,163.2,2011-01-26 08:38:00,2011-07-12 12:19:00,150,167,0.011976047904191617,7.817964071856287
14549.0,1,136,289.24,5.165,2011-02-01 13:47:00,2011-02-01 13:47:00,310,1,1.0,289.24
14550.0,2,394,765.62,15.950416666666667,2011-10-26 12:14:00,2011-11-29 12:12:00,10,33,0.06060606060606061,46.401212121212126
14551.0,2,106,186.23,18.622999999999998,2011-05-19 18:21:00,2011-11-21 13:36:00,17,185,0.010810810810810811,2.013297297297297
14552.0,1,91,165.07,2.8460344827586206,2011-07-11 12:49:00,2011-07-11 12:49:00,151,1,1.0,165.07
14553.0,5,493,859.27,7.604159292035398,2011-01-04 15:40:00,2011-11-20 13:20:00,18,319,0.01567398119122257,13.468181818181817
14554.0,4,1478,2381.04,11.023333333333333,2011-10-18 13:04:00,2011-11-29 16:44:00,9,42,0.09523809523809523,226.76571428571427
14555.0,2,130,324.14,15.435238095238095,2011-02-10 17:19:00,2011-10-13 16:24:00,56,244,0.00819672131147541,2.6568852459016394
14557.0,1,510,788.38,49.27375,2011-09-15 15:48:00,2011-09-15 15:48:00,84,1,1.0,788.38
14560.0,22,1260,2237.77,30.240135135135134,2010-12-17 09:22:00,2011-12-02 15:22:00,6,350,0.06285714285714286,140.6598285714286
14561.0,3,1014,1080.76,15.6631884057971,2011-06-08 13:26:00,2011-09-25 12:39:00,75,108,0.027777777777777776,30.02111111111111
14562.0,18,1834,5074.77,11.997092198581562,2011-02-08 14:45:00,2011-12-06 11:05:00,3,300,0.06,304.4862
14565.0,4,1540,3099.12,24.40251968503937,2010-12-13 13:25:00,2011-09-05 09:07:00,95,265,0.01509433962264151,46.779169811320756
14566.0,1,800,1432.0,358.0,2011-08-21 11:05:00,2011-08-21 11:05:00,110,1,1.0,1432.0
14567.0,2,412,1530.3600000000001,46.374545454545455,2011-08-01 13:48:00,2011-10-14 10:21:00,56,73,0.0273972602739726,41.92767123287671
14569.0,1,79,227.39,18.949166666666667,2011-12-08 14:58:00,2011-12-08 14:58:00,0,1,1.0,227.39
14570.0,2,95,218.06,7.519310344827586,2011-03-04 10:39:00,2011-03-04 10:58:00,280,1,2.0,436.12
14572.0,7,1428,2832.84,10.492,2011-01-19 17:23:00,2011-12-06 14:40:00,2,320,0.021875,61.968375
14573.0,9,544,1653.42,7.035829787234043,2010-12-02 19:59:00,2011-06-13 11:15:00,179,192,0.046875,77.5040625
14576.0,1,12,35.400000000000006,35.400000000000006,2010-12-02 17:51:00,2010-12-02 17:51:00,371,1,1.0,35.400000000000006
14577.0,4,353,859.71,6.989512195121952,2010-12-12 11:26:00,2011-11-27 12:47:00,12,350,0.011428571428571429,9.825257142857144
14578.0,1,240,168.63,7.02625,2011-12-06 17:18:00,2011-12-06 17:18:00,2,1,1.0,168.63
14581.0,1,217,138.6,8.152941176470588,2011-11-23 12:39:00,2011-11-23 12:39:00,16,1,1.0,138.6
14582.0,1,73,114.11,19.018333333333334,2011-10-30 11:56:00,2011-10-30 11:56:00,40,1,1.0,114.11
14583.0,5,792,1052.55,3.1895454545454545,2011-05-18 11:28:00,2011-12-04 12:32:00,5,200,0.025,26.31375
14584.0,4,383,1042.26,10.4226,2011-05-25 17:31:00,2011-06-23 18:33:00,168,29,0.13793103448275862,143.76
14585.0,1,91,157.05,5.415517241379311,2011-10-20 14:33:00,2011-10-20 14:33:00,49,1,1.0,157.05
14586.0,1,444,237.36,12.49263157894737,2011-03-08 10:04:00,2011-03-08 10:04:00,276,1,1.0,237.36
14587.0,9,761,1601.14,4.180522193211488,2011-01-12 13:16:00,2011-11-21 11:34:00,18,312,0.028846153846153848,46.18673076923078
14589.0,1,5,39.75,13.25,2010-12-03 11:42:00,2010-12-03 11:42:00,371,1,1.0,39.75
14591.0,4,1297,1447.14,7.345888324873097,2011-05-10 14:09:00,2011-11-24 13:57:00,14,197,0.02030456852791878,29.383553299492384
14592.0,3,415,570.46,3.4784146341463416,2011-10-06 18:08:00,2011-11-04 16:35:00,34,28,0.10714285714285714,61.120714285714286
14593.0,3,332,617.99,4.065723684210527,2011-05-25 11:14:00,2011-11-18 12:48:00,21,177,0.01694915254237288,10.474406779661017
14594.0,2,185,379.83,7.166603773584906,2010-12-01 13:54:00,2011-12-02 13:28:00,6,365,0.005479452054794521,2.0812602739726027
14595.0,6,978,1740.6,17.06470588235294,2011-01-30 13:36:00,2011-11-20 12:12:00,19,293,0.020477815699658702,35.64368600682594
14597.0,2,577,883.15,16.05727272727273,2011-06-01 12:33:00,2011-11-28 13:13:00,10,180,0.011111111111111112,9.812777777777779
14598.0,1,189,221.97,4.4394,2011-10-26 13:19:00,2011-10-26 13:19:00,43,1,1.0,221.97
14600.0,1,125,393.33000000000004,15.733200000000002,2011-02-07 09:48:00,2011-02-07 09:48:00,305,1,1.0,393.33000000000004
14601.0,1,168,213.96,30.565714285714286,2011-11-29 09:48:00,2011-11-29 09:48:00,10,1,1.0,213.96
14603.0,1,400,660.0,330.0,2011-03-10 10:27:00,2011-03-10 10:27:00,274,1,1.0,660.0
14606.0,93,6224,12156.65,4.502462962962963,2010-12-01 16:57:00,2011-12-08 19:28:00,0,372,0.25,3039.1625
14607.0,14,11766,16569.5,192.66860465116278,2011-03-23 15:22:00,2011-11-24 10:35:00,15,245,0.05714285714285714,946.8285714285714
14608.0,4,437,1785.15,89.25750000000001,2010-12-12 14:49:00,2011-12-05 16:52:00,3,358,0.0111731843575419,19.945810055865923
14609.0,4,7026,601.56,150.39,2011-02-16 12:10:00,2011-09-28 12:54:00,71,224,0.017857142857142856,10.742142857142856
14616.0,3,104,406.08000000000004,135.36,2011-01-26 12:42:00,2011-04-11 09:54:00,242,74,0.04054054054054054,16.462702702702707
14618.0,3,264,553.44,34.59,2011-01-06 11:59:00,2011-11-30 13:45:00,8,328,0.009146341463414634,5.061951219512196
14619.0,1,152,394.44,19.722,2011-04-08 07:37:00,2011-04-08 07:37:00,245,1,1.0,394.44
14620.0,2,214,412.78000000000003,15.876153846153848,2011-03-01 08:30:00,2011-05-18 11:58:00,205,78,0.02564102564102564,10.584102564102565
14621.0,5,993,1788.3600000000001,19.438695652173916,2010-12-16 13:00:00,2011-12-08 16:22:00,0,357,0.014005602240896359,25.047058823529415
14622.0,1,146,320.58000000000004,15.265714285714287,2011-06-08 12:42:00,2011-06-08 12:42:00,184,1,1.0,320.58000000000004
14623.0,5,419,889.25,6.6361940298507465,2011-04-18 13:54:00,2011-11-07 13:56:00,31,203,0.024630541871921183,21.90270935960591
14624.0,2,162,225.85,17.373076923076923,2011-10-11 14:39:00,2011-10-13 13:44:00,56,1,2.0,451.7
14625.0,2,335,899.63,16.974150943396225,2010-12-13 15:36:00,2011-05-27 15:32:00,195,164,0.012195121951219513,10.97109756097561
14626.0,4,1403,2791.27,22.87926229508197,2011-04-20 13:18:00,2011-11-16 10:37:00,23,209,0.019138755980861243,53.42143540669856
14628.0,2,272,671.96,27.998333333333335,2011-04-11 14:43:00,2011-09-09 14:58:00,90,151,0.013245033112582781,8.900132450331126
14629.0,2,380,959.01,6.309276315789473,2011-10-23 16:13:00,2011-12-05 16:55:00,3,43,0.046511627906976744,44.60511627906977
14631.0,3,622,1006.98,24.56048780487805,2011-02-14 09:31:00,2011-10-20 11:17:00,50,248,0.012096774193548387,12.181209677419355
14632.0,1,96,114.56,14.32,2011-03-22 08:49:00,2011-03-22 08:49:00,262,1,1.0,114.56
14633.0,1,96,344.90000000000003,17.245,2011-03-18 17:07:00,2011-03-18 17:07:00,265,1,1.0,344.90000000000003
14636.0,2,241,609.85,21.780357142857145,2011-03-16 09:52:00,2011-11-03 16:12:00,35,232,0.008620689655172414,5.257327586206896
14638.0,1,166,443.6,27.725,2011-10-20 10:10:00,2011-10-20 10:10:00,50,1,1.0,443.6
14639.0,6,1431,2984.49,17.351686046511627,2010-12-13 13:50:00,2011-10-18 15:06:00,51,309,0.019417475728155338,57.95126213592232
14640.0,6,886,2125.08,20.047924528301888,2011-04-26 12:31:00,2011-11-15 13:07:00,23,203,0.029556650246305417,62.810246305418715
14641.0,1,90,110.46,15.78,2011-11-18 10:42:00,2011-11-18 10:42:00,21,1,1.0,110.46
14642.0,1,76,96.12,48.06,2011-10-12 11:08:00,2011-10-12 11:08:00,58,1,1.0,96.12
14643.0,2,815,693.8100000000001,22.380967741935486,2010-12-16 17:53:00,2011-06-22 14:41:00,169,187,0.0106951871657754,7.420427807486631
14644.0,2,258,830.76,31.95230769230769,2011-02-14 14:14:00,2011-10-03 08:30:00,67,230,0.008695652173913044,7.224
14645.0,2,381,597.09,19.903000000000002,2011-03-09 09:52:00,2011-07-06 09:15:00,156,118,0.01694915254237288,10.120169491525424
14646.0,73,196915,280206.02,134.97399807321773,2010-12-20 10:09:00,2011-12-08 12:12:00,1,353,0.20679886685552407,57946.28742209632
14647.0,1,95,243.22,8.107333333333333,2011-05-22 13:40:00,2011-05-22 13:40:00,200,1,1.0,243.22
14649.0,4,1018,1417.29,7.122060301507537,2011-05-11 14:37:00,2011-12-05 12:30:00,4,207,0.01932367149758454,27.387246376811593
14651.0,2,344,654.6,6.41764705882353,2011-05-12 16:29:00,2011-10-03 15:52:00,66,143,0.013986013986013986,9.155244755244755
14652.0,1,53,114.18,3.937241379310345,2011-09-23 14:21:00,2011-09-23 14:21:00,76,1,1.0,114.18
14653.0,7,950,1947.55,8.217510548523206,2011-01-05 13:40:00,2011-12-08 13:45:00,0,337,0.020771513353115726,40.45356083086053
14655.0,4,1089,1932.23,39.43326530612245,2011-05-01 14:59:00,2011-12-01 16:28:00,7,214,0.018691588785046728,36.11644859813084
14656.0,2,120,291.05,3.638125,2011-03-01 13:19:00,2011-06-23 13:51:00,168,114,0.017543859649122806,5.106140350877193
14657.0,4,466,848.22,6.7319047619047625,2011-01-17 15:19:00,2011-11-22 12:47:00,17,308,0.012987012987012988,11.015844155844157
14658.0,2,47,247.15,8.522413793103448,2011-08-14 15:42:00,2011-12-04 15:35:00,4,111,0.018018018018018018,4.453153153153154
14659.0,9,1195,2529.93,9.999723320158102,2011-01-28 12:43:00,2011-12-01 12:17:00,8,306,0.029411764705882353,74.40970588235294
14660.0,2,228,285.74,9.524666666666667,2011-08-31 10:40:00,2011-09-14 11:34:00,86,14,0.14285714285714285,40.82
14661.0,1,35,107.95,26.9875,2011-11-13 11:51:00,2011-11-13 11:51:00,26,1,1.0,107.95
14662.0,4,602,771.17,4.590297619047619,2011-01-27 17:41:00,2011-11-11 12:13:00,28,287,0.013937282229965157,10.748013937282229
14664.0,2,466,637.89,6.443333333333333,2011-11-06 14:56:00,2011-11-20 10:59:00,19,13,0.15384615384615385,98.13692307692308
14665.0,5,740,1835.7,20.39666666666667,2011-02-02 09:08:00,2011-10-10 09:14:00,60,250,0.02,36.714
14666.0,1,161,195.25,13.946428571428571,2011-11-15 12:57:00,2011-11-15 12:57:00,23,1,1.0,195.25
14667.0,25,5385,9241.2,16.127748691099477,2010-12-06 13:13:00,2011-11-29 11:30:00,10,357,0.0700280112044818,647.1428571428572
14669.0,3,775,1269.99,7.470529411764706,2011-01-11 12:30:00,2011-04-12 11:43:00,241,90,0.03333333333333333,42.333
14670.0,2,337,411.53,3.1176515151515147,2011-03-04 13:58:00,2011-03-04 14:13:00,279,1,2.0,823.06
14672.0,2,454,765.55,12.549999999999999,2011-01-07 15:48:00,2011-04-19 10:19:00,234,101,0.019801980198019802,15.159405940594059
14673.0,5,1004,1736.4,23.464864864864865,2010-12-07 12:49:00,2011-12-06 14:31:00,2,364,0.013736263736263736,23.851648351648354
14675.0,1,341,604.75,5.928921568627451,2011-11-23 12:58:00,2011-11-23 12:58:00,15,1,1.0,604.75
14676.0,6,2500,2548.2400000000002,60.672380952380955,2011-03-01 14:26:00,2011-11-08 13:29:00,30,251,0.02390438247011952,60.91410358565737
14680.0,16,13476,28754.11,111.45003875968993,2010-12-03 12:05:00,2011-11-14 16:59:00,24,346,0.046242774566473986,1329.6698265895952
14681.0,3,76,498.95,71.27857142857142,2011-05-12 10:45:00,2011-09-29 15:52:00,70,140,0.02142857142857143,10.691785714285714
14682.0,2,80,52.0,26.0,2011-05-22 12:51:00,2011-06-05 12:12:00,187,13,0.15384615384615385,8.0
14684.0,5,853,1236.28,2.9365320665083137,2010-12-12 12:44:00,2011-11-14 11:33:00,25,336,0.01488095238095238,18.39702380952381
14687.0,1,470,628.38,41.892,2011-08-25 11:59:00,2011-08-25 11:59:00,106,1,1.0,628.38
14688.0,21,3621,5630.87,17.219785932721713,2010-12-01 09:37:00,2011-12-02 12:26:00,7,366,0.05737704918032787,323.0827049180328
14689.0,1,76,112.8,8.676923076923076,2011-05-15 11:22:00,2011-05-15 11:22:00,208,1,1.0,112.8
14690.0,2,170,371.7,7.434,2011-07-11 11:58:00,2011-10-26 15:39:00,43,107,0.018691588785046728,6.9476635514018685
14691.0,5,707,2114.33,29.779295774647885,2011-05-11 09:55:00,2011-11-09 12:30:00,30,182,0.027472527472527472,58.08598901098901
14692.0,4,265,591.55,8.699264705882353,2011-01-21 13:47:00,2011-07-25 15:08:00,136,185,0.021621621621621623,12.79027027027027
14693.0,1,34,172.9,21.6125,2011-03-20 12:50:00,2011-03-20 12:50:00,264,1,1.0,172.9
14696.0,7,1630,2078.95,15.991923076923076,2010-12-01 15:37:00,2011-12-05 13:43:00,3,368,0.019021739130434784,39.54524456521739
14697.0,2,181,188.60999999999999,8.573181818181817,2011-05-05 15:29:00,2011-05-05 15:39:00,217,1,2.0,377.21999999999997
14698.0,5,615,1250.76,5.9559999999999995,2011-10-19 12:54:00,2011-12-08 12:26:00,1,49,0.10204081632653061,127.62857142857143
14699.0,1,77,109.13000000000001,13.641250000000001,2011-05-09 14:54:00,2011-05-09 14:54:00,213,1,1.0,109.13000000000001
14700.0,3,1342,2235.3,19.437391304347827,2011-04-15 13:16:00,2011-11-07 14:40:00,31,206,0.014563106796116505,32.552912621359226
14701.0,9,932,2549.37,7.610059701492537,2011-01-27 12:40:00,2011-11-29 12:38:00,10,305,0.029508196721311476,75.22731147540983
14702.0,17,1454,3292.14,9.487435158501441,2010-12-09 19:23:00,2011-12-08 19:29:00,0,364,0.046703296703296704,153.7537912087912
14703.0,1,183,318.17,14.462272727272728,2011-11-25 09:23:00,2011-11-25 09:23:00,14,1,1.0,318.17
14704.0,9,1082,1546.91,3.7274939759036148,2011-06-12 13:59:00,2011-11-28 12:51:00,10,168,0.05357142857142857,82.87017857142857
14705.0,1,100,179.0,179.0,2011-05-25 12:39:00,2011-05-25 12:39:00,198,1,1.0,179.0
14708.0,3,621,1126.37,40.2275,2010-12-06 12:23:00,2011-12-07 08:21:00,2,365,0.00821917808219178,9.257835616438355
14709.0,13,2484,4921.04,25.10734693877551,2010-12-16 13:43:00,2011-11-24 15:41:00,14,343,0.037900874635568516,186.51172011661808
14710.0,4,378,606.13,4.360647482014389,2011-10-11 13:49:00,2011-11-25 14:53:00,13,45,0.08888888888888889,53.87822222222223
14711.0,11,978,2868.8,8.035854341736695,2011-03-22 13:32:00,2011-11-29 14:58:00,9,252,0.04365079365079365,125.22539682539683
14712.0,3,315,917.07,36.6828,2011-08-19 13:33:00,2011-11-10 12:59:00,28,82,0.036585365853658534,33.55134146341464
14713.0,11,1615,2666.36,7.865368731563422,2010-12-09 18:58:00,2011-11-30 16:26:00,8,355,0.030985915492957747,82.61960563380282
14714.0,1,229,160.19,16.019,2011-11-15 13:07:00,2011-11-15 13:07:00,23,1,1.0,160.19
14715.0,4,521,867.38,12.21661971830986,2011-01-12 13:27:00,2011-11-15 12:10:00,24,306,0.013071895424836602,11.338300653594771
14716.0,2,604,329.68,5.9941818181818185,2011-07-14 12:42:00,2011-10-27 17:29:00,42,105,0.01904761904761905,6.2796190476190485
14719.0,5,1032,1602.13,6.7600421940928275,2011-04-04 14:17:00,2011-12-08 12:43:00,1,247,0.020242914979757085,32.431781376518224
14720.0,3,219,663.81,17.94081081081081,2011-08-05 12:06:00,2011-12-04 12:02:00,5,120,0.025,16.59525
14722.0,1,120,187.92000000000002,6.48,2011-07-15 14:58:00,2011-07-15 14:58:00,146,1,1.0,187.92000000000002
14723.0,6,695,1158.3,4.1665467625899275,2010-12-03 14:18:00,2011-11-29 15:23:00,9,361,0.01662049861495845,19.251523545706373
14725.0,1,593,718.08,13.80923076923077,2011-11-15 12:42:00,2011-11-15 12:42:00,24,1,1.0,718.08
14727.0,1,62,268.58,26.857999999999997,2011-03-10 14:45:00,2011-03-10 14:45:00,273,1,1.0,268.58
14729.0,1,197,313.49,4.415352112676056,2010-12-01 12:43:00,2010-12-01 12:43:00,373,1,1.0,313.49
14730.0,8,1132,2005.06,4.0021157684630735,2011-03-08 12:49:00,2011-12-08 14:39:00,0,275,0.02909090909090909,58.32901818181818
14731.0,3,256,380.02,8.444888888888888,2011-05-11 13:06:00,2011-10-23 15:54:00,46,165,0.01818181818181818,6.909454545454545
14732.0,8,1405,2702.4900000000002,18.384285714285717,2011-01-04 14:40:00,2011-12-01 14:34:00,7,330,0.024242424242424242,65.5149090909091
14733.0,12,3764,9585.91,47.455,2010-12-07 11:30:00,2011-11-23 15:39:00,15,351,0.03418803418803419,327.72341880341884
14735.0,32,2264,6065.69,31.26644329896907,2010-12-16 16:05:00,2011-12-06 12:09:00,3,354,0.0903954802259887,548.3109604519774
14737.0,3,345,1164.55,68.50294117647059,2010-12-21 13:49:00,2011-12-06 10:16:00,3,349,0.008595988538681949,10.010458452722062
14738.0,7,601,1314.45,24.34166666666667,2011-01-27 14:10:00,2011-10-28 08:56:00,42,273,0.02564102564102564,33.70384615384615
14739.0,7,3820,3902.28,65.038,2010-12-07 14:58:00,2011-12-05 16:54:00,3,363,0.01928374655647383,75.2505785123967
14740.0,3,735,1448.21,16.272022471910113,2011-03-01 08:35:00,2011-05-26 18:17:00,196,86,0.03488372093023256,50.51895348837209
14741.0,6,841,1400.34,23.73457627118644,2010-12-02 08:43:00,2011-11-28 08:48:00,11,361,0.01662049861495845,23.274349030470916
14744.0,7,627,1099.98,42.30692307692308,2010-12-08 10:21:00,2011-11-23 12:51:00,15,350,0.02,21.9996
14745.0,5,1038,1220.26,17.684927536231886,2011-02-27 15:25:00,2011-08-19 10:05:00,112,172,0.029069767441860465,35.47267441860465
14747.0,1,84,328.2,18.233333333333334,2011-04-04 14:09:00,2011-04-04 14:09:00,248,1,1.0,328.2
14748.0,5,1223,1415.75,15.907303370786517,2010-12-06 10:19:00,2011-11-10 18:33:00,28,339,0.014749262536873156,20.88126843657817
14752.0,1,260,389.64,77.928,2011-10-27 11:55:00,2011-10-27 11:55:00,43,1,1.0,389.64
14753.0,1,211,563.15,18.771666666666665,2011-09-13 14:50:00,2011-09-13 14:50:00,86,1,1.0,563.15
14754.0,2,486,638.05,15.562195121951218,2011-02-17 12:21:00,2011-10-26 12:01:00,44,250,0.008,5.1044
14755.0,11,2219,5010.28,21.320340425531914,2011-01-09 14:02:00,2011-11-30 11:24:00,9,324,0.033950617283950615,170.1020987654321
14756.0,1,416,738.96,19.446315789473687,2011-11-24 18:13:00,2011-11-24 18:13:00,14,1,1.0,738.96
14757.0,1,160,420.5,22.13157894736842,2011-09-25 14:36:00,2011-09-25 14:36:00,74,1,1.0,420.5
14758.0,4,419,1484.06,20.90225352112676,2011-03-25 12:10:00,2011-07-18 08:21:00,144,114,0.03508771929824561,52.07228070175438
14759.0,3,569,1625.97,15.940882352941177,2011-04-21 10:55:00,2011-12-05 12:03:00,4,228,0.013157894736842105,21.394342105263156
14760.0,1,40,89.2,17.84,2011-02-15 16:27:00,2011-02-15 16:27:00,296,1,1.0,89.2
14761.0,2,118,255.9,23.263636363636365,2011-01-09 12:03:00,2011-10-12 12:10:00,58,276,0.007246376811594203,1.8543478260869566
14762.0,1,341,300.52,14.310476190476189,2011-03-21 08:20:00,2011-03-21 08:20:00,263,1,1.0,300.52
14764.0,1,190,278.3,46.38333333333333,2011-10-24 11:54:00,2011-10-24 11:54:00,46,1,1.0,278.3
14765.0,3,135,254.11,6.515641025641026,2011-06-16 19:49:00,2011-11-10 19:53:00,28,147,0.02040816326530612,5.185918367346939
14766.0,6,1349,2473.37,18.321259259259257,2010-12-08 15:33:00,2011-12-01 16:05:00,7,358,0.01675977653631285,41.453128491620106
14768.0,2,52,192.60000000000002,38.52,2011-08-04 13:25:00,2011-11-22 12:54:00,16,109,0.01834862385321101,3.533944954128441
14769.0,8,7436,10674.75,9.79334862385321,2010-12-17 11:40:00,2011-12-07 10:24:00,2,354,0.022598870056497175,241.23728813559322
14770.0,2,490,876.42,16.854230769230767,2011-01-20 15:00:00,2011-04-21 14:21:00,231,90,0.022222222222222223,19.476
14772.0,1,82,139.26,15.473333333333333,2011-08-19 15:04:00,2011-08-19 15:04:00,111,1,1.0,139.26
14775.0,3,1174,1011.9,16.865,2010-12-02 16:38:00,2011-10-12 15:27:00,57,313,0.009584664536741214,9.698722044728434
14776.0,11,3134,2538.3,21.694871794871798,2011-01-31 13:17:00,2011-10-19 15:34:00,50,261,0.0421455938697318,106.97816091954024
14778.0,2,306,730.86,20.881714285714285,2011-02-04 11:43:00,2011-08-04 15:23:00,126,181,0.011049723756906077,8.075801104972376
14779.0,3,84,386.15,9.418292682926829,2011-01-20 12:04:00,2011-03-04 12:42:00,280,43,0.06976744186046512,26.9406976744186
14780.0,2,310,447.68,16.58074074074074,2011-09-21 15:15:00,2011-10-16 12:46:00,54,24,0.08333333333333333,37.306666666666665
14782.0,1,114,200.10000000000002,33.35,2011-01-24 11:12:00,2011-01-24 11:12:00,319,1,1.0,200.10000000000002
14784.0,2,237,289.99,19.332666666666668,2011-01-20 09:25:00,2011-11-13 13:30:00,25,297,0.006734006734006734,1.9527946127946127
14785.0,2,84,77.4,25.8,2011-11-24 13:40:00,2011-11-29 13:21:00,9,4,0.5,38.7
14788.0,2,421,679.4399999999999,22.648,2011-11-13 15:52:00,2011-12-02 17:06:00,6,19,0.10526315789473684,71.52
14789.0,1,116,197.64,32.94,2011-11-11 08:59:00,2011-11-11 08:59:00,28,1,1.0,197.64
14790.0,4,699,745.06,16.19695652173913,2011-03-31 11:49:00,2011-11-23 09:28:00,16,236,0.01694915254237288,12.628135593220337
14792.0,1,2,6.2,3.1,2011-10-07 09:19:00,2011-10-07 09:19:00,63,1,1.0,6.2
14793.0,1,91,228.99,16.356428571428573,2011-11-18 14:50:00,2011-11-18 14:50:00,20,1,1.0,228.99
14794.0,7,673,1319.91,16.498875,2011-01-09 16:11:00,2011-12-07 10:11:00,2,331,0.021148036253776436,27.913504531722058
14795.0,1,17,131.45000000000002,21.908333333333335,2011-06-26 13:04:00,2011-06-26 13:04:00,165,1,1.0,131.45000000000002
14796.0,17,6025,8022.49,7.031104294478528,2010-12-08 10:40:00,2011-12-08 15:31:00,0,365,0.04657534246575343,373.6502191780822
14798.0,3,150,173.74,14.478333333333333,2011-02-02 15:26:00,2011-10-18 10:58:00,52,257,0.011673151750972763,2.028093385214008
14799.0,1,146,157.7,12.13076923076923,2011-10-19 16:16:00,2011-10-19 16:16:00,50,1,1.0,157.7
14800.0,12,3655,4339.74,11.272051948051947,2010-12-05 11:10:00,2011-10-23 12:46:00,47,322,0.037267080745341616,161.7294409937888
14801.0,1,175,193.14,3.273559322033898,2011-10-09 15:24:00,2011-10-09 15:24:00,60,1,1.0,193.14
14803.0,3,370,845.55,19.217045454545453,2011-02-20 13:21:00,2011-06-30 13:58:00,161,130,0.023076923076923078,19.51269230769231
14804.0,1,121,353.27,29.439166666666665,2011-12-01 11:20:00,2011-12-01 11:20:00,8,1,1.0,353.27
14805.0,4,115,554.65,11.801063829787234,2011-01-30 10:43:00,2011-11-24 16:20:00,14,298,0.013422818791946308,7.44496644295302
14806.0,1,330,193.39000000000001,17.580909090909092,2011-09-25 15:32:00,2011-09-25 15:32:00,74,1,1.0,193.39000000000001
14808.0,8,2147,2741.17,11.664553191489363,2011-06-20 12:53:00,2011-10-31 12:21:00,39,132,0.06060606060606061,166.13151515151517
14810.0,11,1016,2087.88,8.187764705882353,2010-12-05 12:08:00,2011-10-30 11:19:00,40,328,0.03353658536585366,70.02036585365855
14813.0,2,67,155.43,5.181,2010-12-05 11:54:00,2010-12-05 11:57:00,369,1,2.0,310.86
14815.0,2,744,778.5,14.68867924528302,2011-10-03 11:36:00,2011-11-03 11:36:00,36,31,0.06451612903225806,50.225806451612904
14816.0,1,5,271.85,67.9625,2011-05-26 13:16:00,2011-05-26 13:16:00,196,1,1.0,271.85
14817.0,2,655,1110.34,17.624444444444443,2011-03-07 13:51:00,2011-05-23 13:35:00,199,76,0.02631578947368421,29.219473684210524
14818.0,3,324,657.8,13.704166666666666,2011-03-31 12:28:00,2011-09-27 11:01:00,73,179,0.01675977653631285,11.024581005586592
14819.0,2,109,272.07,20.928461538461537,2011-05-31 13:50:00,2011-10-06 13:41:00,63,127,0.015748031496062992,4.284566929133858
14820.0,4,253,507.29,17.492758620689656,2011-06-19 14:56:00,2011-11-18 15:41:00,20,152,0.02631578947368421,13.349736842105264
14821.0,1,20,48.800000000000004,24.400000000000002,2010-12-08 08:43:00,2010-12-08 08:43:00,366,1,1.0,48.800000000000004
14823.0,3,88,321.43,4.591857142857143,2011-05-29 12:48:00,2011-06-12 13:12:00,179,14,0.21428571428571427,68.87785714285714
14824.0,4,525,1127.71,38.88655172413793,2011-09-09 14:12:00,2011-11-29 14:20:00,9,81,0.04938271604938271,55.68938271604938
14825.0,12,991,2226.91,18.404214876033056,2010-12-06 12:30:00,2011-12-06 11:38:00,3,364,0.03296703296703297,73.41461538461539
14828.0,3,2172,2139.76,125.86823529411765,2011-01-07 09:50:00,2011-05-27 10:16:00,196,140,0.02142857142857143,45.852000000000004
14829.0,4,452,697.55,16.60833333333333,2010-12-02 16:12:00,2011-11-10 16:16:00,28,343,0.011661807580174927,8.134693877551019
14830.0,1,169,197.13,4.92825,2011-10-17 14:29:00,2011-10-17 14:29:00,52,1,1.0,197.13
14834.0,6,734,1720.3,25.676119402985073,2011-04-13 15:00:00,2011-11-22 10:30:00,17,222,0.02702702702702703,46.494594594594595
14836.0,3,45,102.44999999999999,17.075,2011-11-09 13:26:00,2011-11-29 16:45:00,9,20,0.15,15.367499999999998
14837.0,4,1436,1649.5,15.273148148148149,2011-05-22 12:49:00,2011-09-11 10:58:00,89,111,0.036036036036036036,59.44144144144144
14840.0,1,31,62.85,15.7125,2011-03-17 12:00:00,2011-03-17 12:00:00,267,1,1.0,62.85
14841.0,6,1778,3295.76,23.88231884057971,2010-12-16 10:28:00,2011-10-17 15:03:00,52,305,0.019672131147540985,64.83462295081968
14842.0,4,1166,2824.69,19.480620689655172,2011-02-04 15:32:00,2011-10-27 12:37:00,43,264,0.015151515151515152,42.79833333333333
14844.0,4,1833,3189.81,24.537,2011-04-12 13:10:00,2011-10-07 10:41:00,63,177,0.022598870056497175,72.08610169491526
14847.0,1,120,309.4,23.799999999999997,2011-07-14 10:52:00,2011-07-14 10:52:00,148,1,1.0,309.4
14849.0,25,5694,7930.54,20.439536082474227,2010-12-01 12:22:00,2011-11-18 10:58:00,21,351,0.07122507122507123,564.8532763532763
14850.0,1,293,325.75,15.511904761904763,2011-02-01 11:21:00,2011-02-01 11:21:00,311,1,1.0,325.75
14851.0,2,325,511.35,18.2625,2011-03-28 14:59:00,2011-11-16 14:20:00,22,232,0.008620689655172414,4.408189655172414
14852.0,6,1747,2836.69,19.83699300699301,2011-04-01 13:22:00,2011-10-12 13:20:00,57,193,0.031088082901554404,88.18725388601037
14853.0,2,82,475.8,52.86666666666667,2011-05-12 15:17:00,2011-11-15 16:56:00,23,187,0.0106951871657754,5.088770053475936
14854.0,7,1832,2759.83,21.730944881889762,2011-03-10 12:22:00,2011-09-22 17:00:00,77,196,0.03571428571428571,98.56535714285714
14855.0,2,267,645.65,32.2825,2011-07-28 12:06:00,2011-08-12 14:02:00,118,15,0.13333333333333333,86.08666666666666
14856.0,3,714,1311.3799999999999,19.869393939393937,2011-10-14 09:35:00,2011-11-03 14:53:00,35,20,0.15,196.70699999999997
14857.0,2,464,1173.12,19.552,2011-07-14 15:03:00,2011-10-11 09:23:00,59,88,0.022727272727272728,26.66181818181818
14859.0,4,671,1353.74,23.340344827586208,2011-05-19 14:42:00,2011-11-27 11:18:00,12,191,0.020942408376963352,28.35057591623037
14860.0,1,232,170.32,15.483636363636363,2011-11-20 14:17:00,2011-11-20 14:17:00,18,1,1.0,170.32
14861.0,1,117,125.79,20.965,2011-10-18 12:54:00,2011-10-18 12:54:00,51,1,1.0,125.79
14862.0,2,772,841.1999999999999,17.525,2011-07-14 11:20:00,2011-11-14 10:01:00,25,122,0.01639344262295082,13.790163934426229
14863.0,1,132,266.76,24.25090909090909,2011-11-10 15:04:00,2011-11-10 15:04:00,28,1,1.0,266.76
14865.0,2,108,52.2,13.05,2010-12-02 18:23:00,2011-12-02 16:25:00,6,364,0.005494505494505495,0.28681318681318685
14866.0,12,6752,14389.9,145.35252525252525,2010-12-08 14:58:00,2011-11-29 11:45:00,10,355,0.03380281690140845,486.4191549295774
14867.0,3,328,710.28,19.73,2011-01-07 16:34:00,2011-06-07 11:39:00,185,150,0.02,14.2056
14868.0,8,1405,2953.59,20.511041666666667,2011-04-20 13:36:00,2011-12-06 14:49:00,2,230,0.034782608695652174,102.73356521739132
14869.0,2,550,725.7,10.221126760563381,2011-08-28 16:09:00,2011-12-01 12:36:00,8,94,0.02127659574468085,15.440425531914894
14870.0,1,119,327.25,25.173076923076923,2011-03-23 10:51:00,2011-03-23 10:51:00,261,1,1.0,327.25
14871.0,4,185,522.38,5.330408163265306,2010-12-14 12:18:00,2011-12-06 13:42:00,2,357,0.011204481792717087,5.852997198879552
14873.0,1,168,519.68,18.56,2011-05-13 13:52:00,2011-05-13 13:52:00,209,1,1.0,519.68
14875.0,2,558,1465.3200000000002,31.17702127659575,2011-03-22 11:53:00,2011-08-24 12:20:00,107,155,0.012903225806451613,18.90735483870968
14878.0,9,802,1485.54,11.980161290322581,2010-12-16 12:11:00,2011-11-27 11:15:00,12,345,0.02608695652173913,38.75321739130435
14880.0,3,373,706.19,15.025319148936171,2011-02-24 12:27:00,2011-09-23 13:42:00,76,211,0.014218009478672985,10.040616113744075
14881.0,1,316,255.4,15.023529411764706,2011-11-20 11:06:00,2011-11-20 11:06:00,19,1,1.0,255.4
14882.0,2,158,589.7,53.60909090909092,2011-11-06 10:15:00,2011-11-13 12:47:00,26,7,0.2857142857142857,168.4857142857143
14883.0,6,790,761.59,14.369622641509434,2011-05-12 09:49:00,2011-11-21 10:23:00,18,193,0.031088082901554404,23.67637305699482
14885.0,1,724,765.3199999999999,51.02133333333333,2011-07-31 12:05:00,2011-07-31 12:05:00,131,1,1.0,765.3199999999999
14886.0,1,160,364.8,20.266666666666666,2011-04-01 08:56:00,2011-04-01 08:56:00,252,1,1.0,364.8
14887.0,1,1100,1862.0,310.3333333333333,2011-09-21 15:32:00,2011-09-21 15:32:00,78,1,1.0,1862.0
14888.0,1,184,369.2,18.46,2011-05-16 14:58:00,2011-05-16 14:58:00,206,1,1.0,369.2
14889.0,1,90,135.9,13.59,2011-01-07 15:19:00,2011-01-07 15:19:00,335,1,1.0,135.9
14890.0,1,51,125.65,17.95,2011-03-31 11:57:00,2011-03-31 11:57:00,253,1,1.0,125.65
14891.0,2,505,554.38,16.79939393939394,2011-06-05 10:58:00,2011-07-14 18:08:00,147,39,0.05128205128205128,28.429743589743588
14893.0,2,799,1237.8500000000001,16.956849315068496,2011-11-28 10:49:00,2011-11-30 12:31:00,9,2,1.0,1237.8500000000001
14894.0,1,265,655.75,28.51086956521739,2011-09-15 13:51:00,2011-09-15 13:51:00,84,1,1.0,655.75
14895.0,20,4851,11138.710000000001,22.366887550200804,2011-02-22 13:08:00,2011-12-02 09:23:00,7,282,0.07092198581560284,789.9794326241137
14896.0,2,279,468.77000000000004,10.901627906976746,2010-12-09 12:24:00,2011-05-19 10:20:00,204,160,0.0125,5.859625000000001
14897.0,4,468,1366.38,24.84327272727273,2011-02-16 08:37:00,2011-12-02 10:32:00,7,289,0.01384083044982699,18.911833910034606
14898.0,6,1020,1303.52,11.237241379310344,2010-12-03 15:25:00,2011-11-16 14:54:00,22,347,0.01729106628242075,22.539250720461098
14901.0,9,661,1421.29,14.805104166666666,2010-12-02 11:20:00,2011-11-28 17:09:00,10,361,0.024930747922437674,35.43382271468144
14902.0,1,218,332.66,16.633000000000003,2011-11-14 10:34:00,2011-11-14 10:34:00,25,1,1.0,332.66
14903.0,5,1536,2810.63,7.917267605633803,2011-03-06 11:50:00,2011-11-18 16:07:00,20,257,0.019455252918287938,54.68151750972763
14904.0,2,1985,1025.44,14.86144927536232,2011-11-14 09:13:00,2011-12-07 12:55:00,1,23,0.08695652173913043,89.16869565217391
14905.0,2,287,616.15,36.24411764705882,2011-04-20 10:48:00,2011-07-05 12:41:00,157,76,0.02631578947368421,16.214473684210525
14907.0,7,1691,3501.1,21.21878787878788,2010-12-07 10:14:00,2011-12-06 14:14:00,2,364,0.019230769230769232,67.32884615384616
14908.0,1,132,277.8,30.866666666666667,2011-09-26 12:56:00,2011-09-26 12:56:00,73,1,1.0,277.8
14910.0,4,238,434.35,14.478333333333333,2011-10-16 11:06:00,2011-12-07 10:06:00,2,51,0.0784313725490196,34.06666666666667
14911.0,201,80265,143825.06,25.343622907488985,2010-12-01 14:05:00,2011-12-08 15:54:00,0,372,0.5403225806451613,77711.92758064515
14912.0,2,971,867.85,32.14259259259259,2011-04-07 11:06:00,2011-11-23 09:20:00,16,229,0.008733624454148471,7.579475982532751
14913.0,4,1743,1227.43,14.108390804597702,2010-12-15 14:35:00,2011-11-04 08:29:00,35,323,0.01238390092879257,15.200371517027865
14915.0,2,112,307.48,25.623333333333335,2011-03-07 09:39:00,2011-09-09 13:34:00,90,186,0.010752688172043012,3.3062365591397853
14916.0,4,1136,1268.98,16.48025974025974,2011-01-19 15:30:00,2011-09-30 09:20:00,70,253,0.015810276679841896,20.06292490118577
14918.0,2,675,1610.15,35.781111111111116,2011-07-08 12:50:00,2011-08-16 11:50:00,115,38,0.05263157894736842,84.74473684210527
14920.0,2,509,977.77,17.153859649122808,2011-05-11 10:31:00,2011-05-11 10:32:00,212,1,2.0,1955.54
14921.0,2,953,1316.07,16.872692307692308,2011-05-22 12:51:00,2011-11-09 13:17:00,29,171,0.011695906432748537,15.392631578947366
14923.0,1,418,749.1,17.025000000000002,2011-10-20 11:51:00,2011-10-20 11:51:00,50,1,1.0,749.1
14924.0,1,64,310.05,31.005000000000003,2011-04-08 09:25:00,2011-04-08 09:25:00,245,1,1.0,310.05
14929.0,1,136,223.88,20.35272727272727,2011-11-07 17:21:00,2011-11-07 17:21:00,31,1,1.0,223.88
14930.0,3,1166,2372.86,18.53796875,2011-03-10 14:42:00,2011-08-23 10:31:00,108,165,0.01818181818181818,43.14290909090909
14931.0,5,417,1257.68,30.675121951219513,2011-04-13 09:32:00,2011-12-05 10:19:00,4,236,0.0211864406779661,26.645762711864407
14932.0,1,80,363.53,21.384117647058822,2010-12-09 11:48:00,2010-12-09 11:48:00,365,1,1.0,363.53
14934.0,2,1042,1890.94,21.734942528735633,2011-03-02 11:48:00,2011-09-19 10:10:00,81,200,0.01,18.9094
14935.0,1,935,1784.71,178.471,2011-02-15 14:44:00,2011-02-15 14:44:00,296,1,1.0,1784.71
14936.0,8,4085,8137.02,22.35445054945055,2011-03-09 11:53:00,2011-11-06 10:30:00,33,241,0.03319502074688797,270.1085477178423
14937.0,3,484,1621.88,47.70235294117647,2011-08-01 14:16:00,2011-10-14 12:29:00,56,73,0.0410958904109589,66.65260273972603
14944.0,12,2815,5900.25,34.707352941176474,2011-02-16 12:47:00,2011-11-10 09:10:00,29,266,0.045112781954887216,266.1766917293233
14946.0,1,22,100.9,33.63333333333333,2011-11-25 13:33:00,2011-11-25 13:33:00,13,1,1.0,100.9
14947.0,2,179,290.82,20.77285714285714,2011-08-01 09:31:00,2011-09-28 15:48:00,71,58,0.034482758620689655,10.028275862068964
14948.0,6,673,1101.97,17.491587301587302,2011-05-04 14:52:00,2011-11-16 17:16:00,22,196,0.030612244897959183,33.73377551020408
14950.0,1,136,371.2,19.53684210526316,2011-11-20 13:48:00,2011-11-20 13:48:00,18,1,1.0,371.2
14951.0,1,311,311.69,15.5845,2011-09-21 15:15:00,2011-09-21 15:15:00,78,1,1.0,311.69
14952.0,11,3355,8099.49,58.69195652173913,2010-12-10 12:48:00,2011-10-11 10:33:00,59,304,0.03618421052631579,293.0736513157895
14953.0,1,225,289.82,5.269454545454545,2011-11-14 14:59:00,2011-11-14 14:59:00,24,1,1.0,289.82
14954.0,1,127,336.17,3.9549411764705886,2011-11-27 14:30:00,2011-11-27 14:30:00,11,1,1.0,336.17
14957.0,1,34,58.49,4.8741666666666665,2011-03-31 17:59:00,2011-03-31 17:59:00,252,1,1.0,58.49
14958.0,3,129,499.68,11.897142857142857,2011-04-08 11:28:00,2011-07-15 14:20:00,146,98,0.030612244897959183,15.296326530612244
14959.0,4,494,695.42,11.786779661016949,2011-02-16 13:00:00,2011-10-06 18:23:00,63,232,0.017241379310344827,11.989999999999998
14960.0,2,221,221.27,8.195185185185185,2011-06-21 13:38:00,2011-12-01 12:54:00,7,162,0.012345679012345678,2.731728395061728
14961.0,9,3708,7044.68,22.579102564102566,2010-12-14 11:38:00,2011-11-29 09:42:00,10,349,0.025787965616045846,181.66796561604585
14962.0,1,44,126.7,25.34,2011-03-14 09:42:00,2011-03-14 09:42:00,270,1,1.0,126.7
14963.0,5,1176,1487.8,7.514141414141414,2011-06-09 12:30:00,2011-11-30 12:16:00,9,173,0.028901734104046242,43.0
14964.0,1,143,206.21,15.862307692307693,2011-04-06 14:13:00,2011-04-06 14:13:00,246,1,1.0,206.21
14965.0,2,365,599.0,7.216867469879518,2011-09-04 13:15:00,2011-09-04 13:20:00,95,1,2.0,1198.0
14966.0,1,187,191.32,5.034736842105263,2011-11-25 12:20:00,2011-11-25 12:20:00,14,1,1.0,191.32
14967.0,1,140,463.8,77.3,2011-10-21 11:06:00,2011-10-21 11:06:00,49,1,1.0,463.8
14968.0,1,127,147.59,3.988918918918919,2011-11-09 13:58:00,2011-11-09 13:58:00,29,1,1.0,147.59
14970.0,4,250,1592.06,46.825294117647054,2011-01-27 12:23:00,2011-10-02 13:44:00,67,248,0.016129032258064516,25.67838709677419
14971.0,3,644,1116.57,6.9785625,2011-10-27 13:33:00,2011-11-04 17:07:00,34,8,0.375,418.71375
14972.0,1,28,114.77,6.376111111111111,2011-08-03 14:54:00,2011-08-03 14:54:00,127,1,1.0,114.77
14973.0,3,369,1314.45,41.0765625,2011-04-28 12:22:00,2011-08-24 15:51:00,106,118,0.025423728813559324,33.418220338983055
14974.0,1,44,114.39,5.4471428571428575,2011-11-02 13:01:00,2011-11-02 13:01:00,36,1,1.0,114.39
14975.0,1,380,279.94,25.44909090909091,2011-10-13 14:08:00,2011-10-13 14:08:00,56,1,1.0,279.94
14976.0,7,234,790.86,10.984166666666667,2011-01-17 11:09:00,2011-10-13 16:37:00,56,269,0.026022304832713755,20.580000000000002
14978.0,5,525,1931.42,8.941759259259259,2011-01-13 12:03:00,2011-09-28 13:07:00,71,258,0.01937984496124031,37.43062015503876
14981.0,1,97,102.12,12.765,2011-04-07 13:45:00,2011-04-07 13:45:00,245,1,1.0,102.12
14984.0,2,60,213.27,5.201707317073171,2011-06-12 11:04:00,2011-11-20 14:28:00,18,161,0.012422360248447204,2.6493167701863354
14985.0,2,260,296.75,3.410919540229885,2010-12-16 19:51:00,2011-05-25 14:29:00,197,159,0.012578616352201259,3.7327044025157234
14987.0,2,128,326.4,81.6,2010-12-09 12:13:00,2011-11-24 09:59:00,15,349,0.0057306590257879654,1.8704871060171917
14988.0,1,141,334.54,8.3635,2011-05-12 12:05:00,2011-05-12 12:05:00,211,1,1.0,334.54
14995.0,2,103,233.23000000000002,3.82344262295082,2011-03-04 13:14:00,2011-11-01 11:39:00,38,241,0.008298755186721992,1.9355186721991702
14997.0,3,1120,546.1999999999999,21.007692307692306,2011-06-14 16:52:00,2011-10-24 13:28:00,45,131,0.022900763358778626,12.508396946564885
14998.0,2,270,429.87,5.7316,2011-04-12 16:28:00,2011-06-22 17:30:00,169,71,0.028169014084507043,12.109014084507043
15000.0,1,218,490.52,6.37038961038961,2011-10-23 11:42:00,2011-10-23 11:42:00,47,1,1.0,490.52
15002.0,4,862,1641.76,14.276173913043479,2010-12-07 13:16:00,2011-08-16 10:44:00,115,251,0.01593625498007968,26.163505976095617
15004.0,1,630,1246.32,7.888101265822784,2011-07-15 14:05:00,2011-07-15 14:05:00,146,1,1.0,1246.32
15005.0,28,4247,6316.57,5.6448346738159065,2010-12-08 14:36:00,2011-11-24 12:25:00,15,350,0.08,505.3256
15006.0,1,302,502.09,3.486736111111111,2011-10-19 15:08:00,2011-10-19 15:08:00,50,1,1.0,502.09
15007.0,1,69,156.91,13.075833333333334,2011-07-03 16:00:00,2011-07-03 16:00:00,158,1,1.0,156.91
15009.0,3,642,1261.78,6.932857142857142,2011-11-14 17:40:00,2011-11-27 13:35:00,11,12,0.25,315.445
15010.0,1,184,308.94,15.447,2011-11-04 12:42:00,2011-11-04 12:42:00,35,1,1.0,308.94
15012.0,2,231,423.04,3.305,2010-12-01 12:49:00,2011-10-17 12:22:00,53,319,0.006269592476489028,2.6522884012539185
15014.0,2,151,260.17,7.433428571428572,2011-06-16 19:40:00,2011-10-27 20:07:00,42,133,0.015037593984962405,3.9123308270676693
15016.0,1,76,170.04,8.501999999999999,2011-06-20 12:06:00,2011-06-20 12:06:00,172,1,1.0,170.04
15017.0,1,63,125.58,6.279,2011-11-06 10:33:00,2011-11-06 10:33:00,33,1,1.0,125.58
15018.0,3,189,496.21000000000004,16.006774193548388,2010-12-07 10:47:00,2011-11-01 12:47:00,38,329,0.00911854103343465,4.524711246200608
15019.0,1,159,266.0,3.8,2011-03-18 12:35:00,2011-03-18 12:35:00,266,1,1.0,266.0
15021.0,9,847,1914.82,4.056822033898305,2010-12-08 12:17:00,2011-12-01 11:53:00,8,357,0.025210084033613446,48.272773109243694
15022.0,4,543,905.04,6.704,2011-10-23 15:47:00,2011-11-28 12:35:00,11,35,0.11428571428571428,103.43314285714285
15023.0,11,2871,6802.76,12.104555160142349,2010-12-05 13:49:00,2011-12-06 17:23:00,2,366,0.030054644808743168,204.45453551912567
15024.0,10,920,1661.33,10.718258064516128,2010-12-07 13:20:00,2011-11-30 12:06:00,9,357,0.028011204481792718,46.535854341736695
15025.0,1,189,377.01,5.23625,2011-11-06 15:20:00,2011-11-06 15:20:00,32,1,1.0,377.01
15026.0,3,285,469.0,7.688524590163935,2011-03-07 13:45:00,2011-09-20 13:52:00,79,197,0.015228426395939087,7.1421319796954315
15027.0,4,565,1066.1499999999999,30.461428571428566,2011-04-15 14:14:00,2011-11-09 10:16:00,30,207,0.01932367149758454,20.601932367149754
15028.0,4,459,627.13,13.065208333333333,2010-12-06 12:47:00,2011-12-01 14:06:00,7,360,0.011111111111111112,6.968111111111111
15030.0,2,372,518.28,74.03999999999999,2011-03-16 15:34:00,2011-09-29 10:50:00,71,196,0.01020408163265306,5.288571428571428
15031.0,4,401,668.14,6.019279279279279,2011-03-02 14:46:00,2011-12-05 14:19:00,3,277,0.01444043321299639,9.648231046931407
15032.0,3,2968,4959.1,95.3673076923077,2010-12-08 12:57:00,2011-03-28 15:03:00,255,110,0.02727272727272727,135.24818181818182
15033.0,10,1695,2586.67,5.071901960784314,2011-01-14 13:28:00,2011-12-05 12:40:00,4,324,0.030864197530864196,79.83549382716049
15034.0,8,2422,4308.61,10.935558375634518,2010-12-21 09:47:00,2011-11-24 12:11:00,15,338,0.023668639053254437,101.97893491124259
15035.0,1,245,252.73000000000002,9.36037037037037,2011-09-11 11:08:00,2011-09-11 11:08:00,89,1,1.0,252.73000000000002
15036.0,3,327,465.55,3.665748031496063,2011-06-13 12:19:00,2011-09-28 15:42:00,71,107,0.028037383177570093,13.052803738317758
15038.0,6,217,705.49,5.426846153846154,2010-12-05 10:54:00,2011-10-12 11:33:00,58,311,0.01929260450160772,13.610739549839229
15039.0,47,9209,19914.44,13.25861517976032,2010-12-06 11:26:00,2011-11-30 11:31:00,9,359,0.1309192200557103,2607.1829526462393
15041.0,1,104,180.35,2.6917910447761195,2011-06-22 16:16:00,2011-06-22 16:16:00,169,1,1.0,180.35
15042.0,1,30,135.93,27.186,2011-05-24 16:25:00,2011-05-24 16:25:00,198,1,1.0,135.93
15043.0,1,300,537.0,179.0,2011-11-08 14:26:00,2011-11-08 14:26:00,30,1,1.0,537.0
15044.0,17,2795,7700.2300000000005,16.998300220750554,2010-12-12 14:27:00,2011-11-20 13:20:00,18,342,0.049707602339181284,382.7599707602339
15045.0,2,114,735.66,61.305,2011-03-27 11:44:00,2011-07-11 11:33:00,151,105,0.01904761904761905,14.012571428571428
15046.0,15,3451,5213.7699999999995,25.309563106796116,2011-01-05 15:30:00,2011-11-30 15:50:00,8,329,0.04559270516717325,237.70987841945285
15047.0,1,222,343.62,15.61909090909091,2011-03-15 10:49:00,2011-03-15 10:49:00,269,1,1.0,343.62
15048.0,4,195,384.05,3.959278350515464,2010-12-06 12:15:00,2011-10-05 14:55:00,64,303,0.013201320132013201,5.06996699669967
15049.0,1,63,121.17000000000002,40.39000000000001,2011-03-11 12:13:00,2011-03-11 12:13:00,273,1,1.0,121.17000000000002
15050.0,3,1224,1782.09,22.84730769230769,2011-09-29 13:22:00,2011-11-14 16:17:00,24,46,0.06521739130434782,116.22326086956521
15051.0,3,1011,1391.61,9.731538461538461,2011-07-12 15:29:00,2011-11-16 15:38:00,22,127,0.023622047244094488,32.872677165354325
15052.0,1,82,215.78,7.192666666666667,2011-01-24 15:52:00,2011-01-24 15:52:00,318,1,1.0,215.78
15053.0,3,986,697.79,9.828028169014084,2011-03-03 12:06:00,2011-12-05 12:08:00,4,277,0.010830324909747292,7.557292418772563
15054.0,2,198,302.1,2.6500000000000004,2011-10-30 14:33:00,2011-11-27 15:02:00,11,28,0.07142857142857142,21.57857142857143
15057.0,2,668,1489.5,59.58,2011-01-28 09:09:00,2011-03-09 15:17:00,274,40,0.05,74.47500000000001
15058.0,11,1069,2124.9900000000002,7.699239130434783,2011-01-31 15:35:00,2011-11-14 14:57:00,24,286,0.038461538461538464,81.73038461538462
15059.0,9,604,1337.72,5.644388185654009,2011-01-09 11:54:00,2011-10-30 11:35:00,40,293,0.030716723549488054,41.09037542662116
15060.0,4,263,303.09,2.504876033057851,2011-11-30 14:03:00,2011-12-01 13:47:00,7,1,4.0,1212.36
15061.0,48,28920,54534.14,135.32044665012407,2010-12-02 15:19:00,2011-12-06 12:06:00,3,368,0.13043478260869565,7113.148695652174
15062.0,4,763,987.86,17.330877192982456,2010-12-15 15:37:00,2011-09-29 16:51:00,70,288,0.013888888888888888,13.720277777777778
15063.0,1,56,370.79999999999995,74.16,2011-05-10 13:25:00,2011-05-10 13:25:00,212,1,1.0,370.79999999999995
15065.0,4,1383,3158.13,20.37503225806452,2011-02-21 12:54:00,2011-11-02 09:45:00,37,253,0.015810276679841896,49.93090909090909
15066.0,1,317,893.59,21.275952380952383,2011-10-17 13:25:00,2011-10-17 13:25:00,52,1,1.0,893.59
15067.0,3,954,1744.76,21.277560975609756,2011-03-02 12:10:00,2011-09-22 13:20:00,77,204,0.014705882352941176,25.658235294117645
15068.0,2,364,553.36,5.320769230769231,2011-03-28 14:27:00,2011-10-24 14:47:00,45,210,0.009523809523809525,5.270095238095239
15069.0,1,520,1109.53,15.850428571428571,2011-06-13 14:16:00,2011-06-13 14:16:00,178,1,1.0,1109.53
15070.0,1,36,106.2,106.2,2010-12-02 11:23:00,2010-12-02 11:23:00,372,1,1.0,106.2
15071.0,2,269,982.07,37.77192307692308,2011-03-09 10:19:00,2011-09-07 11:43:00,93,182,0.01098901098901099,10.791978021978023
15073.0,3,491,1043.41,19.322407407407407,2011-06-06 09:59:00,2011-11-30 10:44:00,9,177,0.01694915254237288,17.68491525423729
15074.0,1,455,748.87,17.830238095238094,2011-08-26 14:45:00,2011-08-26 14:45:00,104,1,1.0,748.87
15075.0,1,447,773.03,28.63074074074074,2011-09-23 12:27:00,2011-09-23 12:27:00,77,1,1.0,773.03
15076.0,1,571,880.85,17.976530612244897,2011-06-20 08:23:00,2011-06-20 08:23:00,172,1,1.0,880.85
15078.0,32,5105,9743.11,22.14343181818182,2010-12-06 12:38:00,2011-12-02 15:41:00,6,361,0.0886426592797784,863.6551800554017
15079.0,4,389,895.61,19.055531914893617,2010-12-09 09:25:00,2011-05-11 12:45:00,212,153,0.026143790849673203,23.414640522875818
15081.0,5,190,504.8,15.296969696969697,2010-12-07 16:20:00,2011-11-17 17:08:00,21,345,0.014492753623188406,7.315942028985508
15083.0,1,38,88.2,17.64,2011-03-28 12:18:00,2011-03-28 12:18:00,256,1,1.0,88.2
15087.0,1,470,306.94,20.462666666666667,2011-03-03 10:34:00,2011-03-03 10:34:00,281,1,1.0,306.94
15088.0,2,460,1160.07,20.352105263157895,2011-10-03 14:05:00,2011-11-18 13:14:00,20,45,0.044444444444444446,51.55866666666667
15089.0,6,1359,2420.84,16.69544827586207,2011-08-03 14:14:00,2011-11-29 16:31:00,9,118,0.05084745762711865,123.09355932203391
15090.0,1,208,381.32,16.57913043478261,2011-02-04 14:03:00,2011-02-04 14:03:00,307,1,1.0,381.32
15091.0,1,346,480.71,16.023666666666667,2011-10-03 12:47:00,2011-10-03 12:47:00,67,1,1.0,480.71
15092.0,2,135,457.81,17.608076923076922,2011-03-01 12:24:00,2011-05-08 14:10:00,214,68,0.029411764705882353,13.465
15093.0,6,3760,4597.02,42.565000000000005,2010-12-02 18:25:00,2011-11-21 13:09:00,17,353,0.0169971671388102,78.13631728045327
15095.0,4,1079,1370.6,29.161702127659574,2011-05-20 14:27:00,2011-08-28 12:01:00,103,99,0.04040404040404041,55.37777777777778
15096.0,1,120,219.39000000000001,19.944545454545455,2011-10-28 10:27:00,2011-10-28 10:27:00,42,1,1.0,219.39000000000001
15097.0,1,170,248.08,9.923200000000001,2011-12-05 14:03:00,2011-12-05 14:03:00,3,1,1.0,248.08
15098.0,3,121,39916.5,13305.5,2011-06-10 15:22:00,2011-06-10 15:33:00,181,1,3.0,119749.5
15099.0,1,343,410.48,17.84695652173913,2011-09-16 13:13:00,2011-09-16 13:13:00,83,1,1.0,410.48
15100.0,3,80,876.0,292.0,2010-12-01 09:09:00,2011-01-10 10:35:00,333,40,0.075,65.7
15101.0,2,241,317.53,39.69125,2010-12-15 12:54:00,2011-12-01 10:18:00,8,350,0.005714285714285714,1.8144571428571428
15103.0,2,329,703.36,20.096,2011-09-14 13:54:00,2011-11-08 14:53:00,30,55,0.03636363636363636,25.576727272727272
15104.0,2,637,1027.44,14.890434782608697,2011-03-02 14:16:00,2011-05-27 12:29:00,196,85,0.023529411764705882,24.17505882352941
15105.0,7,1211,2298.93,22.76168316831683,2011-07-28 10:09:00,2011-11-21 16:54:00,17,116,0.0603448275862069,138.72853448275862
15106.0,5,1181,1422.52,14.2252,2011-03-15 12:52:00,2011-11-22 09:16:00,17,251,0.0199203187250996,28.337051792828685
15107.0,6,169,319.5,19.96875,2010-12-02 13:45:00,2011-02-01 14:46:00,310,61,0.09836065573770492,31.42622950819672
15108.0,4,499,1300.25,21.670833333333334,2011-04-26 10:54:00,2011-07-21 10:24:00,141,85,0.047058823529411764,61.188235294117646
15109.0,1,131,484.95,17.319642857142856,2011-04-08 09:58:00,2011-04-08 09:58:00,245,1,1.0,484.95
15110.0,4,246,996.1,28.46,2011-01-25 11:41:00,2011-11-16 11:16:00,23,294,0.013605442176870748,13.552380952380952
15111.0,3,710,1567.48,18.660476190476192,2010-12-02 11:45:00,2011-11-10 16:58:00,28,343,0.008746355685131196,13.709737609329446
15113.0,3,2386,3609.33,36.0933,2011-10-16 15:27:00,2011-11-30 08:23:00,9,44,0.06818181818181818,246.0906818181818
15114.0,10,3096,2760.56,14.012994923857867,2011-02-11 08:45:00,2011-11-09 15:05:00,29,271,0.03690036900369004,101.86568265682656
15115.0,1,157,340.11,16.195714285714285,2011-11-21 14:59:00,2011-11-21 14:59:00,17,1,1.0,340.11
15116.0,4,648,1352.75,30.06111111111111,2011-05-19 08:50:00,2011-11-22 12:25:00,17,187,0.0213903743315508,28.935828877005346
15117.0,5,1948,1551.78,19.64278481012658,2011-05-08 12:38:00,2011-11-25 08:12:00,14,200,0.025,38.7945
15118.0,1,1440,244.8,244.8,2011-07-28 14:54:00,2011-07-28 14:54:00,133,1,1.0,244.8
15119.0,1,88,266.4,19.02857142857143,2011-04-08 09:08:00,2011-04-08 09:08:00,245,1,1.0,266.4
15120.0,1,296,358.82,17.086666666666666,2011-07-29 09:48:00,2011-07-29 09:48:00,133,1,1.0,358.82
15121.0,2,199,457.72,16.34714285714286,2011-02-24 12:41:00,2011-10-20 14:51:00,49,238,0.008403361344537815,3.8463865546218488
15122.0,3,800,1633.78,19.924146341463413,2011-02-15 09:59:00,2011-08-17 16:48:00,113,183,0.01639344262295082,26.78327868852459
15123.0,2,1195,2199.31,20.748207547169812,2011-05-17 14:57:00,2011-12-02 13:12:00,6,198,0.010101010101010102,22.215252525252527
15124.0,2,233,184.19,12.279333333333334,2011-06-01 09:06:00,2011-11-17 10:09:00,22,169,0.011834319526627219,2.179763313609467
15125.0,15,6193,11528.48,90.77543307086614,2011-03-14 09:59:00,2011-11-14 13:57:00,24,245,0.061224489795918366,705.825306122449
15127.0,1,251,406.53,25.408125,2011-10-05 10:30:00,2011-10-05 10:30:00,65,1,1.0,406.53
15128.0,4,1343,1471.0,14.42156862745098,2011-05-04 12:32:00,2011-10-10 13:54:00,59,159,0.025157232704402517,37.0062893081761
15129.0,11,1794,3447.4,41.04047619047619,2011-02-21 09:09:00,2011-10-20 14:40:00,49,241,0.04564315352697095,157.35020746887966
15130.0,1,197,330.11,15.005,2011-06-23 10:15:00,2011-06-23 10:15:00,169,1,1.0,330.11
15132.0,5,679,977.9300000000001,18.806346153846157,2011-03-22 12:02:00,2011-11-21 17:10:00,17,244,0.020491803278688523,20.039549180327867
15133.0,3,680,982.42,33.87655172413793,2011-02-11 10:38:00,2011-08-04 10:44:00,127,174,0.017241379310344827,16.938275862068963
15134.0,8,887,1387.99,19.013561643835615,2011-04-13 11:05:00,2011-11-25 08:55:00,14,225,0.035555555555555556,49.35075555555556
15135.0,1,43,139.05,15.450000000000001,2011-04-14 19:16:00,2011-04-14 19:16:00,238,1,1.0,139.05
15136.0,4,776,1286.7,18.92205882352941,2011-09-04 16:05:00,2011-12-07 12:26:00,2,93,0.043010752688172046,55.34193548387098
15139.0,2,208,178.96,13.766153846153847,2011-01-07 12:44:00,2011-04-14 11:39:00,239,96,0.020833333333333332,3.7283333333333335
15140.0,7,1572,2354.25,29.428125,2011-03-20 14:37:00,2011-10-18 14:07:00,51,211,0.03317535545023697,78.10308056872039
15142.0,1,365,498.74,19.182307692307692,2011-10-24 12:51:00,2011-10-24 12:51:00,45,1,1.0,498.74
15143.0,1,150,259.45,18.532142857142855,2011-04-28 12:03:00,2011-04-28 12:03:00,225,1,1.0,259.45
15144.0,17,3050,6580.44,30.324608294930872,2011-01-31 13:17:00,2011-12-01 15:12:00,7,304,0.05592105263157895,367.98513157894735
15145.0,4,756,1194.73,17.83179104477612,2011-04-05 15:20:00,2011-12-05 17:21:00,3,244,0.01639344262295082,19.585737704918035
15146.0,2,1473,1327.16,14.584175824175825,2011-02-21 13:07:00,2011-06-28 12:09:00,164,126,0.015873015873015872,21.066031746031747
15147.0,1,366,623.5,22.267857142857142,2011-04-13 15:57:00,2011-04-13 15:57:00,239,1,1.0,623.5
15148.0,1,187,301.29,15.0645,2011-11-29 08:21:00,2011-11-29 08:21:00,10,1,1.0,301.29
15149.0,1,128,520.8000000000001,22.643478260869568,2011-07-29 10:58:00,2011-07-29 10:58:00,133,1,1.0,520.8000000000001
15150.0,10,3658,5314.47,15.494081632653062,2011-03-15 14:21:00,2011-11-22 12:52:00,16,251,0.0398406374501992,211.73187250996017
15152.0,13,2704,4745.69,17.511771217712177,2011-06-05 15:36:00,2011-11-30 12:32:00,9,177,0.07344632768361582,348.55350282485875
15153.0,1,198,329.25,14.965909090909092,2011-11-08 17:09:00,2011-11-08 17:09:00,30,1,1.0,329.25
15154.0,1,104,296.42,3.487294117647059,2011-09-25 16:05:00,2011-09-25 16:05:00,74,1,1.0,296.42
15156.0,3,597,961.49,17.481636363636365,2011-11-06 12:41:00,2011-12-08 18:22:00,0,32,0.09375,90.13968750000001
15157.0,3,2392,1936.07,15.48856,2010-12-16 13:44:00,2011-12-06 11:28:00,3,354,0.00847457627118644,16.407372881355933
15158.0,1,198,401.40000000000003,57.34285714285715,2011-10-25 13:53:00,2011-10-25 13:53:00,44,1,1.0,401.40000000000003
15159.0,30,11441,18641.010000000002,26.254943661971833,2010-12-13 15:44:00,2011-12-08 12:05:00,1,359,0.08356545961002786,1557.7445682451255
15160.0,1,84,158.16,39.54,2010-12-17 14:15:00,2010-12-17 14:15:00,356,1,1.0,158.16
15163.0,2,186,304.47,10.49896551724138,2011-05-31 15:22:00,2011-11-21 13:10:00,17,173,0.011560693641618497,3.519884393063584
15164.0,3,360,843.05,8.18495145631068,2011-01-04 14:21:00,2011-10-02 12:05:00,68,270,0.011111111111111112,9.367222222222223
15165.0,1,160,487.75,18.064814814814813,2010-12-01 14:03:00,2010-12-01 14:03:00,372,1,1.0,487.75
15167.0,1,67,163.0,3.975609756097561,2011-01-23 12:41:00,2011-01-23 12:41:00,320,1,1.0,163.0
15168.0,1,52,106.56,21.312,2011-11-14 11:26:00,2011-11-14 11:26:00,25,1,1.0,106.56
15171.0,1,290,1289.5,257.9,2011-01-12 15:36:00,2011-01-12 15:36:00,330,1,1.0,1289.5
15172.0,5,1611,1624.05,14.764090909090909,2011-04-17 11:56:00,2011-12-01 11:51:00,8,227,0.022026431718061675,35.77202643171806
15174.0,1,145,135.75,12.340909090909092,2011-01-21 09:06:00,2011-01-21 09:06:00,322,1,1.0,135.75
15175.0,1,454,224.14,9.745217391304347,2011-09-29 11:31:00,2011-09-29 11:31:00,71,1,1.0,224.14
15178.0,1,30,40.5,13.5,2011-03-24 15:12:00,2011-03-24 15:12:00,259,1,1.0,40.5
15179.0,5,1938,2206.95,23.73064516129032,2011-01-24 13:48:00,2011-11-21 12:53:00,17,300,0.016666666666666666,36.7825
15180.0,1,36,87.5,14.583333333333334,2010-12-07 14:57:00,2010-12-07 14:57:00,366,1,1.0,87.5
15181.0,3,544,689.4799999999999,43.092499999999994,2011-03-15 12:03:00,2011-10-04 13:58:00,65,203,0.014778325123152709,10.189359605911328
15182.0,2,253,622.85,21.477586206896554,2011-03-16 12:42:00,2011-07-08 13:37:00,153,114,0.017543859649122806,10.92719298245614
15184.0,2,223,406.76,6.456507936507936,2011-06-02 12:06:00,2011-11-10 13:41:00,28,161,0.012422360248447204,5.052919254658384
15185.0,1,666,310.62,14.791428571428572,2011-09-30 14:06:00,2011-09-30 14:06:00,69,1,1.0,310.62
15186.0,2,215,411.41,21.653157894736843,2011-06-24 14:54:00,2011-11-25 14:58:00,13,154,0.012987012987012988,5.342987012987014
15187.0,16,1887,4777.18,52.49648351648352,2011-05-11 13:49:00,2011-12-08 11:56:00,1,210,0.0761904761904762,363.9756190476191
15189.0,41,6149,16225.39,76.53485849056604,2011-01-11 12:29:00,2011-12-08 13:22:00,0,331,0.12386706948640483,2009.791510574018
15192.0,3,918,1044.32,20.47686274509804,2010-12-09 14:56:00,2011-08-12 11:41:00,119,245,0.012244897959183673,12.787591836734693
15193.0,1,144,499.32,26.28,2011-10-10 08:23:00,2011-10-10 08:23:00,60,1,1.0,499.32
15194.0,15,5703,7616.53,24.569451612903226,2010-12-06 15:00:00,2011-12-06 15:10:00,2,365,0.0410958904109589,313.0080821917808
15195.0,1,1404,3861.0,3861.0,2011-12-07 12:20:00,2011-12-07 12:20:00,2,1,1.0,3861.0
15197.0,3,469,1079.6100000000001,33.737812500000004,2010-12-16 18:01:00,2011-11-29 10:00:00,10,347,0.008645533141210375,9.333804034582135
15198.0,2,120,193.64,19.363999999999997,2011-08-07 15:16:00,2011-09-08 14:42:00,91,31,0.06451612903225806,12.492903225806451
15199.0,4,396,1268.7,97.5923076923077,2011-02-04 14:04:00,2011-10-11 15:12:00,58,249,0.01606425702811245,20.380722891566265
15201.0,5,1210,1236.54,17.92086956521739,2011-04-06 14:02:00,2011-09-13 14:53:00,86,160,0.03125,38.641875
15203.0,6,1753,1827.8,12.871830985915492,2011-02-01 12:29:00,2011-11-14 08:16:00,25,285,0.021052631578947368,38.48
15204.0,1,258,316.58,35.175555555555555,2010-12-17 13:49:00,2010-12-17 13:49:00,356,1,1.0,316.58
15205.0,2,378,653.24,17.655135135135136,2011-08-04 16:07:00,2011-09-15 19:36:00,84,42,0.047619047619047616,31.106666666666666
15206.0,4,162,420.29999999999995,46.699999999999996,2011-03-09 08:59:00,2011-11-29 13:41:00,9,265,0.01509433962264151,6.344150943396226
15208.0,5,316,870.12,20.717142857142857,2010-12-21 13:03:00,2011-12-08 17:24:00,0,352,0.014204545454545454,12.35965909090909
15210.0,1,228,331.18,16.559,2011-04-28 16:11:00,2011-04-28 16:11:00,224,1,1.0,331.18
15211.0,2,240,894.4100000000001,17.20019230769231,2010-12-09 16:08:00,2011-10-10 13:31:00,59,304,0.006578947368421052,5.8842763157894735
15212.0,1,36,101.8,20.36,2011-04-12 13:45:00,2011-04-12 13:45:00,240,1,1.0,101.8
15213.0,2,272,328.35,13.68125,2011-01-14 11:05:00,2011-01-25 12:21:00,318,11,0.18181818181818182,59.7
15214.0,8,1254,1661.44,15.104000000000001,2011-04-11 09:46:00,2011-12-08 12:07:00,1,241,0.03319502074688797,55.15153526970955
15215.0,3,225,734.94,20.998285714285714,2011-09-04 12:24:00,2011-10-24 11:41:00,46,49,0.061224489795918366,44.996326530612244
15216.0,1,28,96.6,48.3,2011-09-13 11:41:00,2011-09-13 11:41:00,87,1,1.0,96.6
15218.0,11,3329,5756.89,34.680060240963854,2011-01-25 11:20:00,2011-11-29 11:48:00,10,308,0.03571428571428571,205.60321428571427
15219.0,1,45,305.75,33.97222222222222,2011-06-16 16:57:00,2011-06-16 16:57:00,175,1,1.0,305.75
15220.0,6,1393,1778.96,15.204786324786324,2011-03-04 10:24:00,2011-10-19 12:39:00,51,229,0.026200873362445413,46.610305676855894
15221.0,1,43,403.25,80.65,2010-12-08 13:08:00,2010-12-08 13:08:00,365,1,1.0,403.25
15222.0,1,440,585.0,117.0,2011-01-25 08:03:00,2011-01-25 08:03:00,318,1,1.0,585.0
15223.0,2,213,755.75,37.7875,2011-04-04 12:17:00,2011-04-28 11:31:00,225,23,0.08695652173913043,65.71739130434783
15224.0,2,152,322.08,23.005714285714284,2010-12-12 12:34:00,2010-12-16 15:02:00,357,4,0.5,161.04
15225.0,1,226,409.40000000000003,17.8,2011-04-19 14:51:00,2011-04-19 14:51:00,233,1,1.0,409.40000000000003
15226.0,1,71,154.41,19.30125,2011-02-02 11:41:00,2011-02-02 11:41:00,310,1,1.0,154.41
15227.0,5,750,1219.4,21.024137931034485,2011-01-26 15:31:00,2011-11-03 11:59:00,36,280,0.017857142857142856,21.775000000000002
15228.0,4,2255,3386.71,27.09368,2011-02-18 09:04:00,2011-10-04 13:56:00,65,228,0.017543859649122806,59.4159649122807
15230.0,2,351,429.6,18.678260869565218,2011-04-13 11:04:00,2011-04-14 14:39:00,238,1,2.0,859.2
15232.0,2,686,612.06,19.743870967741934,2011-07-22 12:21:00,2011-08-18 16:27:00,112,27,0.07407407407407407,45.337777777777774
15234.0,1,196,197.0,14.071428571428571,2011-03-08 08:53:00,2011-03-08 08:53:00,276,1,1.0,197.0
15235.0,12,1324,2247.51,15.716853146853149,2010-12-01 17:22:00,2011-05-06 09:44:00,217,155,0.07741935483870968,174.0007741935484
15236.0,1,269,321.05,21.403333333333332,2011-02-14 10:52:00,2011-02-14 10:52:00,298,1,1.0,321.05
15237.0,4,1071,1412.32,14.265858585858584,2011-04-26 15:04:00,2011-12-08 09:46:00,1,225,0.017777777777777778,25.10791111111111
15238.0,3,692,1071.99,21.4398,2011-06-08 16:00:00,2011-11-10 14:28:00,28,154,0.01948051948051948,20.88292207792208
15239.0,2,594,780.59,15.930408163265307,2011-09-22 09:53:00,2011-11-29 14:14:00,9,68,0.029411764705882353,22.958529411764708
15240.0,5,1369,1706.57,21.879102564102563,2011-02-01 08:23:00,2011-10-26 09:50:00,44,267,0.018726591760299626,31.95823970037453
15241.0,8,1818,1756.44,15.967636363636364,2011-03-01 11:02:00,2011-10-04 09:05:00,66,216,0.037037037037037035,65.05333333333333
15243.0,1,185,316.68,14.394545454545455,2011-09-26 14:12:00,2011-09-26 14:12:00,73,1,1.0,316.68
15244.0,2,405,631.57,18.57558823529412,2011-04-05 15:12:00,2011-10-05 13:19:00,64,182,0.01098901098901099,6.940329670329671
15245.0,3,1784,2515.84,28.267865168539327,2011-03-23 13:42:00,2011-07-28 18:56:00,133,127,0.023622047244094488,59.42929133858268
15246.0,2,247,514.15,15.58030303030303,2010-12-16 09:46:00,2011-04-15 14:45:00,237,120,0.016666666666666666,8.569166666666666
15247.0,1,160,356.0,59.333333333333336,2011-08-09 12:52:00,2011-08-09 12:52:00,121,1,1.0,356.0
15249.0,13,3577,6688.46,19.109885714285713,2011-03-28 12:49:00,2011-11-08 11:45:00,31,224,0.05803571428571429,388.1695535714286
15251.0,11,6171,10484.99,94.45936936936937,2011-04-12 10:38:00,2011-11-30 15:02:00,8,232,0.04741379310344827,497.1331465517241
15252.0,2,522,740.78,16.83590909090909,2011-06-09 14:15:00,2011-11-03 13:30:00,35,146,0.0136986301369863,10.14767123287671
15253.0,5,866,918.1999999999999,17.32452830188679,2011-06-23 12:19:00,2011-11-23 16:22:00,15,153,0.032679738562091505,30.00653594771242
15254.0,1,275,300.36,16.686666666666667,2011-08-04 15:04:00,2011-08-04 15:04:00,126,1,1.0,300.36
15255.0,1,489,890.85,18.95425531914894,2011-10-04 12:43:00,2011-10-04 12:43:00,66,1,1.0,890.85
15256.0,1,55,98.45,16.408333333333335,2011-07-14 11:47:00,2011-07-14 11:47:00,148,1,1.0,98.45
15257.0,1,46,317.15,45.30714285714286,2011-03-01 12:58:00,2011-03-01 12:58:00,282,1,1.0,317.15
15258.0,2,142,623.16,18.328235294117647,2011-05-06 14:16:00,2011-06-24 12:30:00,168,48,0.041666666666666664,25.964999999999996
15260.0,7,885,1810.77,23.516493506493507,2010-12-02 12:09:00,2011-08-31 13:55:00,99,272,0.025735294117647058,46.600698529411765
15261.0,1,270,254.82,13.41157894736842,2011-07-27 15:20:00,2011-07-27 15:20:00,134,1,1.0,254.82
15262.0,1,73,178.95000000000002,17.895000000000003,2011-01-20 12:16:00,2011-01-20 12:16:00,323,1,1.0,178.95000000000002
15263.0,1,89,156.51,13.042499999999999,2011-08-25 10:26:00,2011-08-25 10:26:00,106,1,1.0,156.51
15264.0,1,265,393.74,17.11913043478261,2011-10-06 13:49:00,2011-10-06 13:49:00,63,1,1.0,393.74
15265.0,2,612,1506.1200000000001,18.36731707317073,2011-04-18 12:16:00,2011-07-11 14:46:00,150,84,0.023809523809523808,35.86
15266.0,1,18,119.3,19.883333333333333,2011-01-05 13:40:00,2011-01-05 13:40:00,337,1,1.0,119.3
15267.0,5,944,1717.36,156.12363636363636,2011-06-10 10:24:00,2011-11-17 15:59:00,21,160,0.03125,53.6675
15269.0,1,26,408.8,204.4,2011-11-16 09:32:00,2011-11-16 09:32:00,23,1,1.0,408.8
15270.0,7,1521,2379.49,58.03634146341463,2011-02-02 13:25:00,2011-11-24 09:24:00,15,294,0.023809523809523808,56.6545238095238
15271.0,15,1262,2507.07,9.149890510948905,2010-12-09 13:47:00,2011-12-02 14:11:00,6,358,0.04189944134078212,105.04483240223463
15272.0,2,310,721.94,11.45936507936508,2011-09-14 16:36:00,2011-10-13 12:59:00,56,28,0.07142857142857142,51.567142857142855
15274.0,2,619,716.57,15.246170212765959,2011-11-21 14:17:00,2011-12-05 16:57:00,3,14,0.14285714285714285,102.36714285714285
15275.0,1,498,615.14,15.003414634146342,2011-11-02 11:20:00,2011-11-02 11:20:00,37,1,1.0,615.14
15276.0,1,64,135.31,2.602115384615385,2011-10-04 16:39:00,2011-10-04 16:39:00,65,1,1.0,135.31
15277.0,1,205,255.89999999999998,21.325,2011-10-24 10:08:00,2011-10-24 10:08:00,46,1,1.0,255.89999999999998
15279.0,1,189,290.51,15.29,2010-12-20 10:48:00,2010-12-20 10:48:00,354,1,1.0,290.51
15280.0,1,154,113.12,7.07,2011-06-20 17:14:00,2011-06-20 17:14:00,171,1,1.0,113.12
15281.0,9,1211,2332.15,16.778057553956835,2011-01-10 15:51:00,2011-10-12 09:10:00,58,274,0.032846715328467155,76.60346715328468
15286.0,1,55,240.55,80.18333333333334,2011-10-21 11:08:00,2011-10-21 11:08:00,49,1,1.0,240.55
15287.0,2,433,486.69,24.3345,2011-09-30 12:30:00,2011-11-17 15:34:00,21,48,0.041666666666666664,20.27875
15288.0,5,775,2306.52,26.210454545454546,2010-12-09 13:59:00,2011-10-27 16:58:00,42,322,0.015527950310559006,35.81552795031056
15289.0,3,1008,939.78,16.20310344827586,2011-04-04 12:44:00,2011-11-10 13:49:00,28,220,0.013636363636363636,12.815181818181816
15290.0,18,4501,7943.22,38.93735294117647,2010-12-15 16:03:00,2011-12-05 11:39:00,4,354,0.05084745762711865,403.8925423728814
15291.0,15,2103,4668.3,45.32330097087379,2010-12-01 09:32:00,2011-11-14 11:02:00,25,348,0.04310344827586207,201.21982758620692
15292.0,1,56,180.94,7.2376,2011-05-22 15:00:00,2011-05-22 15:00:00,200,1,1.0,180.94
15296.0,6,1766,3672.86,18.932268041237116,2011-01-17 11:57:00,2011-10-20 11:47:00,50,275,0.02181818181818182,80.13512727272729
15297.0,3,292,641.94,16.46,2011-10-07 09:42:00,2011-11-29 16:32:00,9,53,0.05660377358490566,36.336226415094345
15298.0,12,3116,4799.9,24.999479166666664,2010-12-08 13:55:00,2011-12-07 17:17:00,1,364,0.03296703296703297,158.23846153846154
15299.0,7,2948,4507.01,643.8585714285715,2010-12-02 16:48:00,2011-10-03 14:19:00,66,304,0.023026315789473683,103.7798355263158
15300.0,1,292,496.44,17.73,2011-10-06 17:08:00,2011-10-06 17:08:00,63,1,1.0,496.44
15301.0,12,2775,5070.35,20.865637860082305,2010-12-06 12:21:00,2011-10-20 09:57:00,50,317,0.03785488958990536,191.93753943217666
15303.0,1,248,574.02,18.516774193548386,2011-02-22 13:59:00,2011-02-22 13:59:00,289,1,1.0,574.02
15304.0,8,104,694.4000000000001,30.19130434782609,2010-12-06 11:42:00,2011-10-10 10:23:00,60,307,0.026058631921824105,18.09511400651466
15306.0,3,810,1174.35,20.247413793103448,2011-07-14 15:22:00,2011-10-06 12:56:00,63,83,0.03614457831325301,42.44638554216867
15307.0,1,37,205.3,17.108333333333334,2011-09-05 11:38:00,2011-09-05 11:38:00,95,1,1.0,205.3
15308.0,1,175,310.47,16.340526315789475,2011-03-10 13:08:00,2011-03-10 13:08:00,273,1,1.0,310.47
15311.0,91,38194,60767.9,25.543463640184953,2010-12-01 09:41:00,2011-12-09 12:00:00,0,373,0.24396782841823056,14825.412600536192
15312.0,4,516,924.85,19.677659574468084,2010-12-20 12:51:00,2011-09-25 13:10:00,74,279,0.014336917562724014,13.259498207885304
15313.0,1,25,52.0,52.0,2011-08-21 16:02:00,2011-08-21 16:02:00,109,1,1.0,52.0
15314.0,1,313,327.97,13.665416666666667,2011-05-24 14:39:00,2011-05-24 14:39:00,198,1,1.0,327.97
15315.0,2,862,570.5,15.41891891891892,2011-08-15 15:17:00,2011-10-06 12:51:00,63,51,0.0392156862745098,22.372549019607842
15316.0,1,100,165.0,165.0,2011-01-17 11:34:00,2011-01-17 11:34:00,326,1,1.0,165.0
15318.0,1,642,312.62,9.473333333333333,2011-12-06 11:30:00,2011-12-06 11:30:00,3,1,1.0,312.62
15319.0,1,175,204.5,12.78125,2011-03-01 12:48:00,2011-03-01 12:48:00,283,1,1.0,204.5
15320.0,1,326,267.13,7.420277777777778,2011-10-26 13:27:00,2011-10-26 13:27:00,43,1,1.0,267.13
15321.0,3,1181,2748.31,28.92957894736842,2011-02-21 11:10:00,2011-09-30 09:40:00,70,220,0.013636363636363636,37.47695454545454
15322.0,1,416,679.68,16.18285714285714,2011-09-15 09:34:00,2011-09-15 09:34:00,85,1,1.0,679.68
15325.0,1,232,162.29,3.3120408163265305,2011-08-28 11:55:00,2011-08-28 11:55:00,103,1,1.0,162.29
15326.0,1,386,311.71,10.748620689655171,2011-01-10 11:38:00,2011-01-10 11:38:00,333,1,1.0,311.71
15327.0,1,116,208.75,20.875,2011-10-18 11:55:00,2011-10-18 11:55:00,52,1,1.0,208.75
15329.0,3,486,1049.7,18.41578947368421,2011-06-21 10:37:00,2011-10-31 15:36:00,38,132,0.022727272727272728,23.856818181818184
15330.0,2,1312,714.96,54.99692307692308,2011-10-10 12:30:00,2011-11-07 17:50:00,31,28,0.07142857142857142,51.06857142857143
15332.0,4,652,1661.06,47.45885714285714,2010-12-05 12:00:00,2010-12-08 14:43:00,365,3,1.3333333333333333,2214.7466666666664
15333.0,1,344,1028.56,64.285,2011-05-15 13:27:00,2011-05-15 13:27:00,207,1,1.0,1028.56
15334.0,3,274,351.67,3.5522222222222224,2011-06-19 13:51:00,2011-07-06 11:22:00,156,16,0.1875,65.938125
15335.0,1,80,173.97,4.8325,2011-10-17 12:50:00,2011-10-17 12:50:00,53,1,1.0,173.97
15339.0,2,416,574.07,6.675232558139536,2011-01-25 13:15:00,2011-10-04 12:51:00,65,251,0.00796812749003984,4.5742629482071715
15341.0,1,812,2020.52,118.85411764705883,2011-09-20 09:40:00,2011-09-20 09:40:00,80,1,1.0,2020.52
15342.0,1,283,406.09,16.920416666666664,2011-08-02 10:19:00,2011-08-02 10:19:00,129,1,1.0,406.09
15343.0,1,84,364.5,17.357142857142858,2011-09-13 13:55:00,2011-09-13 13:55:00,86,1,1.0,364.5
15344.0,3,116,563.94,21.69,2011-09-26 14:48:00,2011-12-09 10:45:00,0,73,0.0410958904109589,23.175616438356165
15345.0,1,81,393.54,19.677,2011-10-25 11:28:00,2011-10-25 11:28:00,45,1,1.0,393.54
15346.0,1,144,252.42000000000002,14.848235294117648,2011-01-11 11:18:00,2011-01-11 11:18:00,332,1,1.0,252.42000000000002
15347.0,1,130,201.60000000000002,40.32000000000001,2010-12-08 15:25:00,2010-12-08 15:25:00,365,1,1.0,201.60000000000002
15348.0,1,84,158.04,17.56,2011-09-28 13:17:00,2011-09-28 13:17:00,71,1,1.0,158.04
15349.0,2,327,473.81,6.580694444444444,2011-06-05 15:46:00,2011-07-04 16:06:00,157,29,0.06896551724137931,32.67655172413793
15350.0,1,51,115.65,23.130000000000003,2010-12-01 13:33:00,2010-12-01 13:33:00,372,1,1.0,115.65
15351.0,7,753,1960.1100000000001,8.7116,2010-12-05 11:49:00,2011-11-27 12:52:00,11,357,0.0196078431372549,38.43352941176471
15353.0,2,343,777.02,12.333650793650794,2010-12-07 11:49:00,2011-03-30 12:15:00,254,113,0.017699115044247787,13.752566371681416
15355.0,2,45,277.05,19.789285714285715,2011-10-17 15:22:00,2011-11-10 13:44:00,28,23,0.08695652173913043,24.09130434782609
15356.0,10,1673,2766.5,5.330443159922929,2010-12-06 14:05:00,2011-11-08 13:11:00,30,336,0.02976190476190476,82.33630952380952
15358.0,22,7050,8347.2,15.149183303085302,2010-12-09 10:04:00,2011-12-05 09:04:00,4,360,0.06111111111111111,510.1066666666667
15360.0,1,223,427.93,32.917692307692306,2011-10-31 09:35:00,2011-10-31 09:35:00,39,1,1.0,427.93
15361.0,1,336,418.92,59.84571428571429,2010-12-13 09:52:00,2010-12-13 09:52:00,361,1,1.0,418.92
15363.0,1,144,326.0,20.375,2010-12-02 12:28:00,2010-12-02 12:28:00,372,1,1.0,326.0
15364.0,2,493,913.19,31.489310344827587,2011-03-30 13:39:00,2011-09-05 09:46:00,95,158,0.012658227848101266,11.559367088607596
15365.0,7,1084,2314.32,20.301052631578948,2011-01-28 13:08:00,2011-11-14 08:29:00,25,289,0.02422145328719723,56.056193771626305
15366.0,2,621,602.51,13.69340909090909,2010-12-16 15:59:00,2011-09-25 15:01:00,74,282,0.0070921985815602835,4.273120567375886
15367.0,4,1057,1877.59,19.764105263157894,2011-03-09 13:53:00,2011-10-13 14:13:00,56,218,0.01834862385321101,34.45119266055046
15368.0,1,230,446.94000000000005,111.73500000000001,2011-11-18 14:42:00,2011-11-18 14:42:00,20,1,1.0,446.94000000000005
15370.0,7,830,2386.05,25.383510638297874,2011-01-11 11:32:00,2011-10-30 10:58:00,40,291,0.024054982817869417,57.39639175257733
15372.0,1,2924,2007.3999999999999,74.34814814814814,2011-07-25 16:39:00,2011-07-25 16:39:00,136,1,1.0,2007.3999999999999
15373.0,12,500,2415.91,18.302348484848483,2010-12-03 14:40:00,2011-12-01 15:05:00,7,363,0.03305785123966942,79.86479338842975
15374.0,1,126,168.0,56.0,2011-08-03 09:59:00,2011-08-03 09:59:00,128,1,1.0,168.0
15376.0,3,619,1233.3600000000001,10.541538461538462,2011-05-01 13:45:00,2011-10-30 15:04:00,39,182,0.016483516483516484,20.330109890109892
15379.0,7,2305,3703.29,19.089123711340207,2010-12-16 13:02:00,2011-06-23 13:13:00,168,189,0.037037037037037035,137.15888888888887
15380.0,5,376,1690.2600000000002,46.951666666666675,2010-12-09 15:01:00,2011-12-01 12:13:00,8,356,0.014044943820224719,23.739606741573038
15381.0,2,171,596.85,74.60625,2011-03-16 13:44:00,2011-05-10 11:55:00,213,54,0.037037037037037035,22.105555555555554
15382.0,6,4012,5955.71,19.7208940397351,2011-02-17 12:01:00,2011-11-25 10:58:00,14,280,0.02142857142857143,127.62235714285714
15384.0,2,596,642.41,15.668536585365853,2010-12-15 11:34:00,2011-06-23 10:57:00,169,189,0.010582010582010581,6.797989417989418
15385.0,1,161,316.88,26.406666666666666,2011-10-30 15:11:00,2011-10-30 15:11:00,39,1,1.0,316.88
15386.0,1,446,394.14,12.714193548387096,2011-06-06 13:47:00,2011-06-06 13:47:00,185,1,1.0,394.14
15388.0,1,88,140.54,14.053999999999998,2011-03-14 13:53:00,2011-03-14 13:53:00,269,1,1.0,140.54
15389.0,1,400,500.0,500.0,2011-06-20 16:18:00,2011-06-20 16:18:00,171,1,1.0,500.0
15392.0,4,1277,1535.53,18.280119047619046,2010-12-14 15:50:00,2011-12-05 11:01:00,4,355,0.011267605633802818,17.30174647887324
15393.0,2,150,231.86,19.32166666666667,2011-03-03 16:58:00,2011-11-23 16:48:00,15,264,0.007575757575757576,1.7565151515151516
15394.0,4,910,2183.54,25.68870588235294,2010-12-16 12:46:00,2011-11-30 11:49:00,9,348,0.011494252873563218,25.09816091954023
15395.0,1,17,107.45,15.35,2011-01-18 12:40:00,2011-01-18 12:40:00,325,1,1.0,107.45
15396.0,1,122,288.18,20.584285714285716,2011-08-19 10:56:00,2011-08-19 10:56:00,112,1,1.0,288.18
15397.0,1,20,94.0,15.666666666666666,2011-02-23 09:25:00,2011-02-23 09:25:00,289,1,1.0,94.0
15398.0,2,769,1345.53,18.43191780821918,2011-09-22 14:56:00,2011-11-23 16:47:00,15,62,0.03225806451612903,43.40419354838709
15399.0,3,611,815.77,16.3154,2011-09-21 15:57:00,2011-12-08 13:04:00,0,77,0.03896103896103896,31.78324675324675
15400.0,5,390,716.2,59.68333333333334,2011-03-06 11:27:00,2011-09-08 13:57:00,91,186,0.026881720430107527,19.252688172043012
15402.0,2,694,626.77,14.923095238095238,2011-05-27 13:32:00,2011-07-14 12:17:00,148,47,0.0425531914893617,26.671063829787233
15405.0,1,193,349.1,43.6375,2011-06-03 14:44:00,2011-06-03 14:44:00,188,1,1.0,349.1
15406.0,2,254,510.71000000000004,9.636037735849058,2011-02-11 16:19:00,2011-11-08 13:22:00,30,269,0.007434944237918215,3.797100371747212
15407.0,4,558,1056.44,6.90483660130719,2011-02-07 13:18:00,2011-11-06 11:55:00,33,271,0.014760147601476014,15.593210332103322
15408.0,1,106,267.18,7.858235294117647,2011-03-20 15:02:00,2011-03-20 15:02:00,263,1,1.0,267.18
15410.0,8,1200,3450.84,28.285573770491805,2011-03-23 10:15:00,2011-09-16 14:47:00,83,177,0.04519774011299435,155.97016949152544
15411.0,4,530,1358.88,13.726060606060607,2011-06-10 12:30:00,2011-11-13 15:19:00,25,156,0.02564102564102564,34.84307692307692
15412.0,1,108,190.53,19.053,2011-06-21 15:24:00,2011-06-21 15:24:00,170,1,1.0,190.53
15414.0,3,443,774.9000000000001,19.86923076923077,2011-04-11 13:45:00,2011-11-30 09:50:00,9,232,0.01293103448275862,10.020258620689656
15415.0,1,575,572.8100000000001,11.933541666666668,2011-01-30 14:13:00,2011-01-30 14:13:00,312,1,1.0,572.8100000000001
15416.0,4,2090,3984.32,20.75166666666667,2011-03-02 08:41:00,2011-10-06 09:38:00,64,218,0.01834862385321101,73.10678899082569
15417.0,1,284,508.8,18.17142857142857,2011-09-15 15:26:00,2011-09-15 15:26:00,84,1,1.0,508.8
15419.0,1,230,135.86,16.9825,2011-11-15 09:23:00,2011-11-15 09:23:00,24,1,1.0,135.86
15421.0,4,500,950.36,17.93132075471698,2011-02-02 14:36:00,2011-10-12 09:20:00,58,251,0.01593625498007968,15.145179282868526
15422.0,2,38,97.7,16.283333333333335,2011-01-20 14:17:00,2011-01-20 16:17:00,322,1,2.0,195.4
15423.0,1,101,43.5,21.75,2011-11-01 14:01:00,2011-11-01 14:01:00,37,1,1.0,43.5
15424.0,2,554,383.34,22.54941176470588,2011-03-30 13:00:00,2011-03-30 13:02:00,253,1,2.0,766.68
15426.0,5,674,1447.39,4.956815068493151,2010-12-05 13:55:00,2011-11-20 15:36:00,18,350,0.014285714285714285,20.677
15427.0,3,1013,1483.14,4.84686274509804,2011-10-23 14:47:00,2011-11-06 14:29:00,32,13,0.23076923076923078,342.26307692307694
15428.0,1,102,93.78,15.63,2011-11-24 16:54:00,2011-11-24 16:54:00,14,1,1.0,93.78
15429.0,2,380,397.35,4.845731707317073,2011-09-25 13:42:00,2011-11-13 12:28:00,26,48,0.041666666666666664,16.55625
15432.0,1,65,171.19,17.119,2011-11-16 16:30:00,2011-11-16 16:30:00,22,1,1.0,171.19
15433.0,2,534,533.3,13.00731707317073,2011-03-17 14:12:00,2011-05-10 10:45:00,213,53,0.03773584905660377,20.12452830188679
15434.0,5,647,1041.48,18.936,2011-05-23 14:18:00,2011-12-01 13:33:00,7,191,0.02617801047120419,27.263874345549738
15435.0,1,54,149.29,5.147931034482759,2011-11-17 16:39:00,2011-11-17 16:39:00,21,1,1.0,149.29
15436.0,3,613,1122.53,3.4119452887537993,2011-04-19 16:52:00,2011-11-27 16:05:00,11,221,0.013574660633484163,15.237963800904977
15437.0,1,79,200.16,4.4479999999999995,2011-03-22 13:11:00,2011-03-22 13:11:00,261,1,1.0,200.16
15438.0,1,59,156.57999999999998,6.263199999999999,2011-07-31 14:19:00,2011-07-31 14:19:00,130,1,1.0,156.57999999999998
15440.0,3,197,383.68,6.188387096774194,2011-05-15 11:30:00,2011-10-16 12:16:00,54,154,0.01948051948051948,7.474285714285714
15442.0,1,120,594.0,297.0,2011-04-05 12:24:00,2011-04-05 12:24:00,248,1,1.0,594.0
15443.0,7,1663,3236.91,8.473586387434555,2011-01-23 13:25:00,2011-12-08 10:40:00,1,318,0.0220125786163522,71.25273584905659
15444.0,2,764,1418.26,6.476073059360731,2011-10-30 16:12:00,2011-11-30 17:37:00,8,31,0.06451612903225806,91.50064516129032
15445.0,1,58,113.5,22.7,2011-03-20 15:06:00,2011-03-20 15:06:00,263,1,1.0,113.5
15447.0,1,85,155.17,17.24111111111111,2011-01-13 11:26:00,2011-01-13 11:26:00,330,1,1.0,155.17
15448.0,1,232,494.64,17.665714285714284,2011-01-31 10:42:00,2011-01-31 10:42:00,312,1,1.0,494.64
15449.0,3,812,974.52,16.242,2011-03-23 10:43:00,2011-11-13 15:02:00,25,235,0.01276595744680851,12.44068085106383
15450.0,1,376,429.84,14.328,2011-11-09 17:11:00,2011-11-09 17:11:00,29,1,1.0,429.84
15452.0,3,283,538.73,9.28844827586207,2011-03-20 15:21:00,2011-11-10 12:13:00,29,234,0.01282051282051282,6.9067948717948715
15453.0,7,845,1388.37,4.854440559440559,2011-06-05 12:37:00,2011-12-08 10:59:00,1,185,0.03783783783783784,52.53291891891892
15454.0,1,86,179.1,7.164,2010-12-12 14:21:00,2010-12-12 14:21:00,361,1,1.0,179.1
15456.0,3,660,447.22,7.453666666666667,2010-12-15 15:34:00,2011-03-01 13:51:00,282,75,0.04,17.8888
15457.0,1,132,237.07,4.087413793103448,2011-03-22 15:31:00,2011-03-22 15:31:00,261,1,1.0,237.07
15458.0,1,156,161.64,23.09142857142857,2011-11-14 13:08:00,2011-11-14 13:08:00,24,1,1.0,161.64
15460.0,1,109,216.76,3.7372413793103445,2010-12-20 16:08:00,2010-12-20 16:08:00,353,1,1.0,216.76
15462.0,3,172,234.6,21.327272727272728,2011-06-05 15:36:00,2011-09-06 13:11:00,93,92,0.03260869565217391,7.6499999999999995
15463.0,1,106,126.14,18.02,2011-11-10 12:57:00,2011-11-10 12:57:00,28,1,1.0,126.14
15464.0,1,350,1048.85,6.680573248407643,2011-01-05 15:56:00,2011-01-05 15:56:00,337,1,1.0,1048.85
15465.0,18,1257,7354.62,75.82082474226804,2010-12-05 10:12:00,2011-11-20 10:11:00,19,349,0.05157593123209169,379.32137535816616
15466.0,1,246,334.53,5.868947368421052,2011-09-15 14:08:00,2011-09-15 14:08:00,84,1,1.0,334.53
15467.0,3,310,524.88,10.093846153846155,2011-07-10 14:42:00,2011-11-30 14:17:00,8,142,0.02112676056338028,11.089014084507042
15468.0,2,155,467.51,19.479583333333334,2011-10-19 13:38:00,2011-10-19 13:49:00,50,1,2.0,935.02
15469.0,2,153,538.55,22.43958333333333,2011-08-11 16:54:00,2011-10-20 16:21:00,49,69,0.028985507246376812,15.610144927536231
15471.0,1,266,469.48,6.097142857142857,2011-12-07 14:12:00,2011-12-07 14:12:00,1,1,1.0,469.48
15472.0,1,251,371.56,4.888947368421053,2011-08-18 15:17:00,2011-08-18 15:17:00,112,1,1.0,371.56
15473.0,7,672,1771.2,161.01818181818183,2011-10-10 11:12:00,2011-11-25 15:15:00,13,46,0.15217391304347827,269.5304347826087
15475.0,1,319,454.10999999999996,15.658965517241377,2011-09-23 15:20:00,2011-09-23 15:20:00,76,1,1.0,454.10999999999996
15478.0,2,585,1441.42,31.33521739130435,2011-10-14 11:09:00,2011-10-30 14:19:00,39,16,0.125,180.1775
15480.0,1,303,905.5,20.122222222222224,2011-08-15 14:32:00,2011-08-15 14:32:00,115,1,1.0,905.5
15482.0,12,5020,11054.96,112.80571428571427,2010-12-16 10:08:00,2011-11-24 10:46:00,15,343,0.03498542274052478,386.7624489795918
15483.0,4,295,233.81,2.656931818181818,2011-03-18 12:26:00,2011-07-01 13:07:00,160,105,0.0380952380952381,8.90704761904762
15484.0,4,3152,3594.31,19.118670212765956,2011-09-22 13:31:00,2011-12-08 15:03:00,0,77,0.05194805194805195,186.7174025974026
15485.0,3,1306,2575.0,29.941860465116278,2010-12-01 13:23:00,2011-11-09 14:31:00,29,343,0.008746355685131196,22.52186588921283
15488.0,1,73,91.32000000000001,45.660000000000004,2011-09-08 10:11:00,2011-09-08 10:11:00,92,1,1.0,91.32000000000001
15489.0,3,608,1134.28,22.6856,2011-05-12 12:54:00,2011-11-17 08:53:00,22,188,0.015957446808510637,18.100212765957444
15491.0,6,1646,3100.09,20.130454545454548,2011-04-18 10:04:00,2011-09-05 15:56:00,94,140,0.04285714285714286,132.86100000000002
15492.0,2,483,659.4599999999999,18.841714285714282,2011-09-26 14:02:00,2011-11-11 14:53:00,27,46,0.043478260869565216,28.672173913043473
15493.0,5,560,2001.8,6.74006734006734,2011-03-14 11:44:00,2011-11-07 12:04:00,32,238,0.02100840336134454,42.0546218487395
15494.0,2,1148,1299.23,10.39384,2011-08-10 15:29:00,2011-11-18 14:51:00,20,99,0.020202020202020204,26.24707070707071
15497.0,2,624,1262.2,84.14666666666668,2011-01-24 10:01:00,2011-11-22 11:51:00,17,302,0.006622516556291391,8.358940397350993
15498.0,27,6105,13316.4,26.00859375,2010-12-08 12:29:00,2011-12-07 12:48:00,2,364,0.07417582417582418,987.754945054945
15500.0,4,572,1131.56,16.640588235294118,2011-09-19 13:47:00,2011-12-01 13:47:00,7,73,0.0547945205479452,62.00328767123287
15502.0,12,4236,10384.93,48.75553990610329,2010-12-05 15:40:00,2011-11-24 12:48:00,15,353,0.0339943342776204,353.02878186968843
15503.0,1,74,147.09,2.1012857142857144,2010-12-12 10:57:00,2010-12-12 10:57:00,362,1,1.0,147.09
15504.0,1,33,52.83,4.063846153846153,2011-09-19 13:45:00,2011-09-19 13:45:00,80,1,1.0,52.83
15505.0,5,2390,3610.96,37.22639175257732,2011-07-07 13:33:00,2011-10-18 07:56:00,52,102,0.049019607843137254,177.0078431372549
15506.0,3,848,979.26,5.971097560975609,2011-07-24 11:45:00,2011-11-17 12:11:00,22,116,0.02586206896551724,25.325689655172415
15507.0,1,162,492.36,10.703478260869565,2011-06-21 11:19:00,2011-06-21 11:19:00,171,1,1.0,492.36
15508.0,6,440,1000.27,10.8725,2011-04-18 15:31:00,2011-06-03 15:43:00,188,46,0.13043478260869565,130.47
15510.0,1,2,250.0,250.0,2011-01-13 12:10:00,2011-01-13 12:10:00,330,1,1.0,250.0
15511.0,5,271,909.23,5.6826875,2011-09-15 15:05:00,2011-11-28 09:43:00,11,73,0.0684931506849315,62.27602739726027
15512.0,2,68,121.0,17.285714285714285,2010-12-15 12:01:00,2011-07-07 10:20:00,155,203,0.009852216748768473,1.1921182266009853
15513.0,19,5709,14758.220000000001,47.91629870129871,2010-12-01 11:22:00,2011-11-06 14:36:00,32,340,0.05588235294117647,824.7240588235295
15514.0,11,2160,4139.46,23.255393258426967,2010-12-10 13:50:00,2011-11-27 14:40:00,11,352,0.03125,129.358125
15516.0,3,27,62.43,4.162,2011-10-24 11:33:00,2011-10-26 10:51:00,44,1,3.0,187.29
15517.0,1,293,267.03,9.889999999999999,2011-04-20 14:02:00,2011-04-20 14:02:00,232,1,1.0,267.03
15518.0,8,1273,1942.45,9.076869158878505,2011-01-11 12:55:00,2011-10-06 13:05:00,63,268,0.029850746268656716,57.983582089552236
15520.0,1,314,343.5,19.083333333333332,2011-12-08 10:58:00,2011-12-08 10:58:00,1,1,1.0,343.5
15521.0,8,1836,3000.2,16.217297297297296,2011-03-30 09:15:00,2011-10-30 13:42:00,39,214,0.037383177570093455,112.15700934579438
15522.0,2,573,398.84,6.99719298245614,2011-09-13 12:26:00,2011-11-07 11:26:00,32,54,0.037037037037037035,14.77185185185185
15523.0,1,132,412.01000000000005,41.20100000000001,2011-09-16 16:29:00,2011-09-16 16:29:00,83,1,1.0,412.01000000000005
15524.0,1,4,440.0,440.0,2011-11-15 12:09:00,2011-11-15 12:09:00,24,1,1.0,440.0
15525.0,3,416,825.92,4.64,2010-12-01 13:17:00,2011-12-07 14:43:00,1,371,0.008086253369272238,6.6785983827493265
15526.0,2,24,148.44,37.11,2011-11-06 15:01:00,2011-11-06 15:04:00,32,1,2.0,296.88
15527.0,8,992,2429.78,14.906625766871167,2010-12-20 14:15:00,2011-11-21 12:17:00,18,335,0.023880597014925373,58.02459701492538
15528.0,1,123,229.33,8.820384615384615,2011-03-30 16:14:00,2011-03-30 16:14:00,253,1,1.0,229.33
15529.0,11,3496,3995.23,5.945282738095238,2010-12-08 12:24:00,2011-11-17 11:29:00,22,343,0.03206997084548105,128.12690962099126
15530.0,4,950,1502.35,13.910648148148148,2011-04-07 11:16:00,2011-11-18 12:25:00,21,225,0.017777777777777778,26.708444444444442
15531.0,2,1105,2007.44,8.804561403508773,2011-11-09 17:47:00,2011-12-01 18:43:00,7,22,0.09090909090909091,182.49454545454546
15532.0,4,521,1580.93,6.1755078125,2010-12-16 16:45:00,2011-11-14 14:51:00,24,332,0.012048192771084338,19.047349397590363
15533.0,3,289,807.57,9.729759036144578,2011-09-11 15:41:00,2011-11-20 15:35:00,18,69,0.043478260869565216,35.111739130434785
15535.0,4,143,536.4,7.152,2011-01-16 12:35:00,2011-06-19 16:02:00,172,154,0.025974025974025976,13.932467532467532
15537.0,1,29,110.92,4.621666666666667,2011-06-29 13:10:00,2011-06-29 13:10:00,162,1,1.0,110.92
15539.0,1,410,538.46,13.133170731707319,2011-12-02 13:36:00,2011-12-02 13:36:00,6,1,1.0,538.46
15540.0,1,200,213.3,14.22,2011-11-28 13:51:00,2011-11-28 13:51:00,10,1,1.0,213.3
15541.0,1,49,85.13000000000001,2.9355172413793107,2011-08-17 14:58:00,2011-08-17 14:58:00,113,1,1.0,85.13000000000001
15543.0,1,86,127.86,4.566428571428571,2011-02-24 15:26:00,2011-02-24 15:26:00,287,1,1.0,127.86
15544.0,9,3109,3546.71,13.693861003861004,2010-12-02 12:47:00,2011-11-30 16:43:00,8,363,0.024793388429752067,87.93495867768596
15545.0,2,163,292.71999999999997,3.613827160493827,2010-12-03 17:28:00,2011-10-16 13:24:00,53,316,0.006329113924050633,1.852658227848101
15547.0,14,4032,4954.84,7.058176638176638,2010-12-12 13:26:00,2011-12-02 12:52:00,6,354,0.03954802259887006,195.95412429378533
15549.0,3,698,1693.26,14.724,2011-01-27 15:38:00,2011-09-23 16:22:00,76,239,0.012552301255230125,21.254309623430963
15550.0,4,295,575.63,9.43655737704918,2011-02-11 12:49:00,2011-12-05 15:38:00,3,297,0.013468013468013467,7.752592592592592
15551.0,1,218,436.06,15.036551724137931,2011-11-03 12:37:00,2011-11-03 12:37:00,36,1,1.0,436.06
15552.0,1,60,90.12,5.301176470588236,2011-05-06 14:47:00,2011-05-06 14:47:00,216,1,1.0,90.12
15553.0,1,451,437.23,7.807678571428572,2011-10-10 14:02:00,2011-10-10 14:02:00,59,1,1.0,437.23
15554.0,1,74,217.2,15.514285714285714,2011-03-07 09:00:00,2011-03-07 09:00:00,277,1,1.0,217.2
15555.0,16,4439,4805.17,5.345016685205784,2010-12-05 14:45:00,2011-11-27 16:19:00,11,357,0.04481792717086835,215.35775910364146
15556.0,1,236,279.77,9.024838709677418,2011-11-15 16:08:00,2011-11-15 16:08:00,23,1,1.0,279.77
15557.0,1,219,473.65000000000003,23.6825,2011-11-11 12:46:00,2011-11-11 12:46:00,28,1,1.0,473.65000000000003
15561.0,4,267,800.59,29.651481481481483,2011-05-08 11:38:00,2011-11-28 11:07:00,11,203,0.019704433497536946,15.775172413793104
15562.0,1,39,134.55,134.55,2010-12-23 09:55:00,2010-12-23 09:55:00,351,1,1.0,134.55
15563.0,4,1501,1400.44,12.393274336283186,2010-12-16 11:27:00,2011-11-17 14:50:00,21,336,0.011904761904761904,16.671904761904763
15565.0,2,60,173.16,21.645,2011-09-30 10:44:00,2011-10-20 14:33:00,49,20,0.1,17.316
15567.0,1,223,186.01,26.572857142857142,2011-11-21 10:48:00,2011-11-21 10:48:00,18,1,1.0,186.01
15568.0,3,461,758.29,14.307358490566036,2011-09-27 14:37:00,2011-12-07 11:27:00,2,70,0.04285714285714286,32.49814285714285
15569.0,5,666,1375.71,44.377741935483876,2011-01-11 13:26:00,2011-08-28 10:15:00,103,228,0.021929824561403508,30.16907894736842
15570.0,12,2067,4165.52,12.896346749226007,2010-12-05 12:57:00,2011-12-02 14:47:00,6,362,0.03314917127071823,138.0835359116022
15571.0,4,264,650.4300000000001,11.411052631578949,2011-09-22 13:15:00,2011-11-28 10:02:00,11,66,0.06060606060606061,39.42
15572.0,7,1229,2552.86,11.873767441860466,2011-03-06 14:44:00,2011-12-05 10:09:00,4,273,0.02564102564102564,65.45794871794872
15573.0,2,363,607.45,5.840865384615385,2011-09-15 12:16:00,2011-11-08 11:38:00,31,53,0.03773584905660377,22.922641509433962
15574.0,4,349,702.25,4.180059523809524,2010-12-02 15:46:00,2011-06-15 12:01:00,177,194,0.020618556701030927,14.47938144329897
15576.0,1,404,940.6700000000001,20.90377777777778,2011-11-02 12:03:00,2011-11-02 12:03:00,37,1,1.0,940.6700000000001
15577.0,3,89,258.88,6.637948717948718,2011-02-07 13:32:00,2011-07-11 17:03:00,150,154,0.01948051948051948,5.043116883116883
15578.0,1,52,127.1,9.776923076923076,2011-06-30 13:03:00,2011-06-30 13:03:00,161,1,1.0,127.1
15579.0,2,120,348.6,6.835294117647059,2011-01-30 12:09:00,2011-10-02 12:45:00,68,245,0.00816326530612245,2.845714285714286
15581.0,13,286,3679.9700000000003,24.69778523489933,2010-12-08 14:38:00,2011-08-11 09:38:00,120,245,0.053061224489795916,195.2637142857143
15582.0,3,453,682.9100000000001,15.52068181818182,2011-05-03 13:36:00,2011-11-15 09:55:00,24,195,0.015384615384615385,10.506307692307693
15584.0,4,314,725.11,5.895203252032521,2011-06-30 16:39:00,2011-11-16 10:55:00,23,138,0.028985507246376812,21.01768115942029
15585.0,1,320,455.3,14.687096774193549,2011-06-16 08:38:00,2011-06-16 08:38:00,176,1,1.0,455.3
15587.0,4,312,913.6800000000001,101.52000000000001,2010-12-23 09:59:00,2011-10-20 13:37:00,49,301,0.013289036544850499,12.141926910299004
15589.0,3,243,478.53000000000003,16.501034482758623,2011-02-02 10:46:00,2011-03-29 09:54:00,255,54,0.05555555555555555,26.585
15592.0,1,354,388.58,16.190833333333334,2011-10-24 08:59:00,2011-10-24 08:59:00,46,1,1.0,388.58
15593.0,1,60,199.8,39.96,2011-09-30 11:46:00,2011-09-30 11:46:00,70,1,1.0,199.8
15594.0,5,983,1771.78,17.201747572815535,2011-04-19 10:08:00,2011-11-24 08:53:00,15,218,0.022935779816513763,40.63715596330275
15596.0,5,561,1406.59,18.267402597402597,2010-12-09 16:10:00,2011-08-31 10:55:00,100,264,0.01893939393939394,26.639962121212122
15597.0,1,279,324.57,14.753181818181817,2011-11-04 13:26:00,2011-11-04 13:26:00,34,1,1.0,324.57
15598.0,1,160,240.68,17.19142857142857,2011-10-17 16:04:00,2011-10-17 16:04:00,52,1,1.0,240.68
15599.0,2,718,761.74,14.648846153846154,2011-05-19 13:05:00,2011-11-13 11:44:00,26,177,0.011299435028248588,8.60723163841808
15601.0,14,4983,6776.56,16.52819512195122,2010-12-02 10:39:00,2011-11-28 15:15:00,10,361,0.038781163434903045,262.8028808864266
15602.0,9,1137,1297.8700000000001,28.214565217391307,2010-12-06 15:35:00,2011-12-01 14:14:00,7,359,0.025069637883008356,32.53713091922006
15603.0,1,96,48.480000000000004,24.240000000000002,2011-09-22 10:04:00,2011-09-22 10:04:00,78,1,1.0,48.480000000000004
15604.0,1,159,216.39,12.728823529411764,2011-10-18 14:47:00,2011-10-18 14:47:00,51,1,1.0,216.39
15605.0,5,441,1198.23,17.88402985074627,2010-12-01 13:38:00,2011-11-03 14:17:00,35,337,0.01483679525222552,17.777893175074183
15606.0,9,892,2920.16,37.92415584415584,2011-01-19 12:07:00,2011-10-09 15:47:00,60,263,0.034220532319391636,99.92942965779467
15607.0,1,202,104.76,8.05846153846154,2011-01-07 12:44:00,2011-01-07 12:44:00,336,1,1.0,104.76
15608.0,4,714,1093.68,18.228,2011-08-11 09:56:00,2011-11-11 13:20:00,27,92,0.043478260869565216,47.55130434782609
15609.0,1,148,298.48,18.655,2011-06-08 13:00:00,2011-06-08 13:00:00,183,1,1.0,298.48
15610.0,1,66,112.46000000000001,18.743333333333336,2011-10-19 10:36:00,2011-10-19 10:36:00,51,1,1.0,112.46000000000001
15611.0,13,504,1591.45,37.01046511627907,2011-01-09 11:32:00,2011-11-30 12:36:00,9,325,0.04,63.658
15612.0,2,52,195.15,32.525,2011-10-09 12:49:00,2011-11-03 14:52:00,35,25,0.08,15.612
15615.0,23,5508,10399.74,24.585673758865248,2010-12-15 16:21:00,2011-11-29 14:42:00,9,348,0.06609195402298851,687.3391379310345
15618.0,4,454,776.851,17.263355555555556,2011-07-26 10:13:00,2011-11-07 08:34:00,32,103,0.038834951456310676,30.168970873786407
15619.0,1,136,336.40000000000003,112.13333333333334,2011-11-29 08:14:00,2011-11-29 08:14:00,10,1,1.0,336.40000000000003
15620.0,3,915,1553.18,15.5318,2010-12-16 14:34:00,2011-10-14 12:41:00,56,301,0.009966777408637873,15.480199335548173
15621.0,4,501,1293.03,80.814375,2011-11-18 11:49:00,2011-12-05 14:01:00,3,17,0.23529411764705882,304.2423529411765
15622.0,9,1674,3709.56,20.051675675675675,2011-03-02 13:42:00,2011-10-27 16:44:00,42,239,0.03765690376569038,139.69054393305439
15623.0,1,125,301.03,15.843684210526314,2011-07-21 17:26:00,2011-07-21 17:26:00,140,1,1.0,301.03
15624.0,4,357,588.13,17.297941176470587,2011-03-28 13:32:00,2011-08-15 11:38:00,116,139,0.02877697841726619,16.924604316546763
15625.0,4,1188,1534.26,23.9728125,2011-04-18 14:01:00,2011-08-28 10:21:00,103,131,0.030534351145038167,46.847633587786255
15626.0,2,766,675.8,13.791836734693877,2011-01-14 10:10:00,2011-09-26 10:03:00,74,254,0.007874015748031496,5.321259842519685
15628.0,9,1894,2870.2400000000002,18.51767741935484,2010-12-08 09:51:00,2011-12-05 10:24:00,4,362,0.024861878453038673,71.35955801104973
15630.0,2,800,1186.35,19.772499999999997,2011-05-19 10:16:00,2011-10-25 15:36:00,44,159,0.012578616352201259,14.922641509433962
15632.0,8,2109,3285.31,19.67251497005988,2011-03-10 08:29:00,2011-11-24 09:51:00,15,259,0.03088803088803089,101.47675675675676
15634.0,1,99,243.55,16.236666666666668,2011-11-22 16:28:00,2011-11-22 16:28:00,16,1,1.0,243.55
15636.0,2,284,724.76,28.9904,2011-03-02 14:50:00,2011-09-11 11:17:00,89,192,0.010416666666666666,7.549583333333333
15637.0,1,128,223.36,14.890666666666668,2011-10-18 08:28:00,2011-10-18 08:28:00,52,1,1.0,223.36
15639.0,1,323,425.32,17.0128,2011-07-28 14:30:00,2011-07-28 14:30:00,133,1,1.0,425.32
15640.0,15,6607,12515.66,25.858801652892563,2010-12-02 15:40:00,2011-12-05 14:35:00,3,367,0.04087193460490463,511.5392370572207
15641.0,4,1562,1887.2,15.858823529411765,2010-12-15 14:45:00,2011-08-26 14:04:00,104,253,0.015810276679841896,29.837154150197627
15643.0,3,246,664.0,20.12121212121212,2011-03-02 14:34:00,2011-06-01 07:38:00,191,90,0.03333333333333333,22.133333333333333
15644.0,4,557,813.0,3.4159663865546217,2011-03-23 15:37:00,2011-06-26 14:54:00,165,94,0.0425531914893617,34.59574468085106
15645.0,1,256,612.01,11.769423076923077,2011-11-21 11:55:00,2011-11-21 11:55:00,18,1,1.0,612.01
15646.0,3,394,447.64000000000004,12.789714285714288,2010-12-02 16:59:00,2011-07-05 09:53:00,157,214,0.014018691588785047,6.275327102803739
15648.0,2,221,657.35,26.294,2011-03-17 18:59:00,2011-05-19 15:53:00,203,62,0.03225806451612903,21.204838709677418
15649.0,2,192,816.0,408.0,2010-12-07 10:06:00,2011-01-07 13:34:00,335,31,0.06451612903225806,52.64516129032258
15651.0,3,479,646.3,20.196875,2011-03-24 08:56:00,2011-11-03 08:41:00,36,223,0.013452914798206279,8.694618834080718
15652.0,1,208,337.74,16.082857142857144,2011-09-09 14:22:00,2011-09-09 14:22:00,90,1,1.0,337.74
15653.0,2,1200,877.4399999999999,146.23999999999998,2011-08-16 09:50:00,2011-09-08 10:49:00,92,23,0.08695652173913043,76.2991304347826
15654.0,2,475,922.53,43.93,2011-11-13 15:15:00,2011-11-30 13:08:00,8,16,0.125,115.31625
15655.0,1,324,560.67,16.490294117647057,2011-04-10 15:25:00,2011-04-10 15:25:00,242,1,1.0,560.67
15656.0,4,343,748.5,15.925531914893616,2011-02-28 15:32:00,2011-10-25 14:56:00,44,238,0.01680672268907563,12.579831932773109
15657.0,1,24,30.0,30.0,2011-11-17 12:19:00,2011-11-17 12:19:00,22,1,1.0,30.0
15658.0,5,242,1024.1000000000001,21.33541666666667,2010-12-02 10:53:00,2011-06-02 15:22:00,189,182,0.027472527472527472,28.134615384615387
15659.0,1,111,306.45,27.85909090909091,2011-10-27 09:23:00,2011-10-27 09:23:00,43,1,1.0,306.45
15660.0,9,1050,1600.86,17.787333333333333,2010-12-09 09:49:00,2011-11-14 16:58:00,24,340,0.026470588235294117,42.37570588235294
15661.0,2,236,309.8,61.96,2011-01-05 12:32:00,2011-01-26 13:56:00,316,21,0.09523809523809523,29.504761904761903
15663.0,1,106,138.14,15.348888888888887,2011-08-25 15:50:00,2011-08-25 15:50:00,105,1,1.0,138.14
15664.0,1,157,386.43,22.731176470588235,2011-10-20 10:57:00,2011-10-20 10:57:00,50,1,1.0,386.43
15665.0,2,1666,2242.01,19.327672413793106,2011-04-10 15:09:00,2011-06-24 14:57:00,167,74,0.02702702702702703,60.594864864864874
15667.0,1,240,301.32,23.178461538461537,2011-10-31 10:56:00,2011-10-31 10:56:00,39,1,1.0,301.32
15668.0,1,72,76.32000000000001,76.32000000000001,2011-05-06 10:39:00,2011-05-06 10:39:00,217,1,1.0,76.32000000000001
15669.0,4,342,684.34,20.737575757575758,2011-03-21 09:13:00,2011-10-30 16:03:00,39,223,0.017937219730941704,12.275156950672645
15670.0,1,91,173.05,14.420833333333334,2011-02-16 10:50:00,2011-02-16 10:50:00,296,1,1.0,173.05
15671.0,7,1699,2657.13,34.065769230769234,2011-03-14 09:37:00,2011-11-21 12:43:00,18,252,0.027777777777777776,73.80916666666667
15673.0,4,1514,2881.02,18.587225806451613,2011-01-16 16:25:00,2011-09-12 16:12:00,87,238,0.01680672268907563,48.42050420168067
15674.0,5,1275,2446.6,21.46140350877193,2011-03-30 09:19:00,2011-09-27 15:17:00,72,181,0.027624309392265192,67.58563535911601
15675.0,3,527,323.69,15.413809523809524,2011-03-04 14:21:00,2011-09-19 13:48:00,80,198,0.015151515151515152,4.904393939393939
15676.0,3,2252,3435.76,17.00871287128713,2011-03-01 10:19:00,2011-11-21 12:40:00,18,265,0.011320754716981131,38.895396226415095
15677.0,1,319,657.23,19.916060606060608,2011-10-21 15:36:00,2011-10-21 15:36:00,48,1,1.0,657.23
15678.0,1,184,352.7,29.391666666666666,2011-10-18 09:25:00,2011-10-18 09:25:00,52,1,1.0,352.7
15679.0,4,1170,781.28,7.102545454545455,2011-06-10 08:24:00,2011-11-15 16:19:00,23,158,0.02531645569620253,19.779240506329113
15680.0,3,952,1333.68,17.09846153846154,2010-12-08 14:43:00,2011-11-30 13:46:00,8,356,0.008426966292134831,11.238876404494382
15681.0,5,816,1426.16,26.90867924528302,2011-03-04 13:46:00,2011-11-14 16:30:00,24,255,0.0196078431372549,27.963921568627452
15683.0,1,131,193.75,19.375,2011-08-14 12:56:00,2011-08-14 12:56:00,116,1,1.0,193.75
15687.0,9,1310,2993.1,18.030722891566263,2011-01-13 15:13:00,2011-12-01 08:33:00,8,321,0.028037383177570093,83.91869158878504
15689.0,2,84,254.1,28.233333333333334,2010-12-13 09:57:00,2011-08-12 09:37:00,119,241,0.008298755186721992,2.108713692946058
15690.0,2,408,239.76,12.618947368421052,2011-08-31 11:40:00,2011-12-05 15:59:00,3,96,0.020833333333333332,4.994999999999999
15691.0,1,72,136.8,68.4,2011-04-01 15:13:00,2011-04-01 15:13:00,251,1,1.0,136.8
15692.0,1,138,191.04,15.92,2011-11-11 14:12:00,2011-11-11 14:12:00,27,1,1.0,191.04
15694.0,14,1677,6479.4,83.06923076923077,2010-12-02 07:49:00,2011-12-09 09:44:00,0,372,0.03763440860215054,243.8483870967742
15695.0,2,212,409.98,18.635454545454547,2011-03-18 08:31:00,2011-03-18 08:32:00,266,1,2.0,819.96
15696.0,8,1028,2736.46,16.002690058479534,2011-01-17 11:24:00,2011-11-06 14:02:00,32,293,0.027303754266211604,74.7156313993174
15699.0,1,113,309.65,17.202777777777776,2011-11-22 08:26:00,2011-11-22 08:26:00,17,1,1.0,309.65
15700.0,2,357,696.68,8.10093023255814,2011-06-19 15:36:00,2011-06-20 16:53:00,171,1,2.0,1393.36
15701.0,4,923,1542.14,6.506919831223629,2011-08-21 12:36:00,2011-12-07 14:39:00,1,108,0.037037037037037035,57.1162962962963
15703.0,1,66,211.5,42.3,2011-03-20 10:51:00,2011-03-20 10:51:00,264,1,1.0,211.5
15704.0,4,1028,2293.62,19.603589743589744,2011-05-08 12:42:00,2011-07-22 13:35:00,139,75,0.05333333333333334,122.3264
15705.0,1,62,143.1,23.849999999999998,2011-05-22 15:37:00,2011-05-22 15:37:00,200,1,1.0,143.1
15706.0,4,321,1060.56,19.28290909090909,2011-08-15 14:32:00,2011-10-07 10:09:00,63,52,0.07692307692307693,81.58153846153846
15707.0,4,605,945.58,4.418598130841121,2011-09-14 14:19:00,2011-11-04 14:35:00,34,51,0.0784313725490196,74.16313725490197
15708.0,7,1267,3364.2400000000002,11.68138888888889,2010-12-05 11:12:00,2011-10-30 10:54:00,40,328,0.021341463414634148,71.7978048780488
15709.0,1,121,133.25,22.208333333333332,2011-03-01 10:38:00,2011-03-01 10:38:00,283,1,1.0,133.25
15712.0,5,486,1072.3600000000001,20.233207547169815,2011-02-25 11:32:00,2011-11-30 14:09:00,8,278,0.017985611510791366,19.287050359712232
15713.0,2,150,356.7,18.773684210526316,2010-12-08 15:16:00,2011-07-19 13:34:00,142,222,0.009009009009009009,3.2135135135135133
15714.0,2,187,330.88,9.453714285714286,2011-09-23 11:25:00,2011-11-28 11:26:00,11,66,0.030303030303030304,10.026666666666667
15716.0,4,744,1118.81,9.481440677966102,2010-12-05 12:26:00,2011-07-17 11:59:00,145,223,0.017937219730941704,20.068340807174888
15717.0,1,70,150.3,21.47142857142857,2011-04-19 13:21:00,2011-04-19 13:21:00,233,1,1.0,150.3
15719.0,13,2725,5045.61,5.384855923159018,2011-01-06 12:31:00,2011-11-07 12:29:00,32,304,0.04276315789473684,215.76621710526314
15720.0,1,281,598.73,4.677578125,2011-11-15 14:48:00,2011-11-15 14:48:00,23,1,1.0,598.73
15721.0,1,409,507.08,5.572307692307692,2011-11-28 12:14:00,2011-11-28 12:14:00,11,1,1.0,507.08
15722.0,5,1026,2222.56,32.21101449275362,2011-02-22 12:24:00,2011-11-04 11:43:00,35,254,0.01968503937007874,43.7511811023622
15723.0,1,87,203.1,4.953658536585365,2010-12-10 11:12:00,2010-12-10 11:12:00,364,1,1.0,203.1
15724.0,2,73,218.25,19.84090909090909,2011-02-28 10:40:00,2011-05-22 14:40:00,200,83,0.024096385542168676,5.259036144578314
15725.0,1,221,415.25,12.9765625,2011-11-24 14:51:00,2011-11-24 14:51:00,14,1,1.0,415.25
15727.0,7,3065,5178.96,17.14887417218543,2010-12-15 15:47:00,2011-11-23 12:36:00,16,342,0.02046783625730994,106.00210526315789
15729.0,1,28,85.0,17.0,2011-05-11 12:36:00,2011-05-11 12:36:00,212,1,1.0,85.0
15730.0,3,689,1120.88,16.01257142857143,2011-05-17 12:43:00,2011-10-05 12:31:00,65,140,0.02142857142857143,24.018857142857147
15732.0,2,215,294.12,21.00857142857143,2010-12-02 15:00:00,2011-05-11 14:24:00,211,159,0.012578616352201259,3.699622641509434
15733.0,1,62,162.3,16.23,2011-03-02 09:05:00,2011-03-02 09:05:00,282,1,1.0,162.3
15734.0,2,346,1339.45,51.517307692307696,2011-05-23 14:59:00,2011-08-17 10:50:00,114,85,0.023529411764705882,31.516470588235293
15737.0,8,599,1205.1200000000001,16.73777777777778,2011-04-11 10:01:00,2011-11-25 11:21:00,14,228,0.03508771929824561,42.284912280701754
15738.0,16,2982,4812.42,27.817456647398846,2010-12-02 12:50:00,2011-11-21 08:26:00,18,353,0.0453257790368272,218.12668555240793
15739.0,1,472,449.12,56.14,2011-10-04 13:42:00,2011-10-04 13:42:00,65,1,1.0,449.12
15740.0,1,152,154.88,17.20888888888889,2011-10-21 14:29:00,2011-10-21 14:29:00,48,1,1.0,154.88
15743.0,4,216,784.46,8.914318181818182,2011-06-08 10:14:00,2011-11-23 17:19:00,15,168,0.023809523809523808,18.677619047619046
15744.0,1,120,34.8,11.6,2011-09-23 09:52:00,2011-09-23 09:52:00,77,1,1.0,34.8
15745.0,4,421,1094.59,17.654677419354837,2011-04-17 13:04:00,2011-11-20 13:45:00,18,217,0.018433179723502304,20.176774193548386
15746.0,1,178,196.88,7.031428571428571,2011-07-28 15:21:00,2011-07-28 15:21:00,133,1,1.0,196.88
15747.0,3,480,974.04,10.473548387096773,2011-06-20 11:30:00,2011-11-27 12:26:00,12,160,0.01875,18.26325
15748.0,1,51,149.31,7.11,2011-10-30 12:51:00,2011-10-30 12:51:00,39,1,1.0,149.31
15749.0,3,18028,44534.3,4453.43,2011-01-11 12:55:00,2011-04-18 13:20:00,234,97,0.030927835051546393,1377.3494845360826
15750.0,8,1786,2465.48,8.414607508532423,2010-12-08 10:36:00,2011-12-07 12:34:00,2,364,0.02197802197802198,54.18637362637363
15752.0,7,1978,2637.38,6.41698296836983,2010-12-02 09:43:00,2011-10-31 11:37:00,39,333,0.021021021021021023,55.44042042042042
15753.0,1,144,79.2,79.2,2011-02-08 12:41:00,2011-02-08 12:41:00,304,1,1.0,79.2
15754.0,3,199,458.57,16.3775,2011-04-07 12:24:00,2011-10-19 14:40:00,50,195,0.015384615384615385,7.054923076923077
15755.0,6,1427,2364.25,16.7677304964539,2011-02-18 11:53:00,2011-11-29 14:57:00,9,284,0.02112676056338028,49.94894366197183
15756.0,4,242,532.96,2.7758333333333334,2011-04-04 14:00:00,2011-10-09 13:30:00,60,187,0.0213903743315508,11.400213903743316
15757.0,2,491,714.42,15.876,2011-05-06 11:40:00,2011-10-05 12:14:00,65,152,0.013157894736842105,9.400263157894736
15758.0,1,47,205.25,22.805555555555557,2011-11-15 10:48:00,2011-11-15 10:48:00,24,1,1.0,205.25
15759.0,3,60,253.04,36.14857142857143,2010-12-16 15:29:00,2011-05-05 15:13:00,217,139,0.02158273381294964,5.461294964028777
15762.0,2,251,583.75,15.777027027027026,2011-09-23 15:17:00,2011-10-05 16:15:00,64,12,0.16666666666666666,97.29166666666666
15763.0,2,271,1086.92,17.818360655737706,2011-09-23 12:10:00,2011-11-08 09:44:00,31,45,0.044444444444444446,48.30755555555556
15764.0,6,2050,3279.97,18.222055555555553,2011-03-08 09:23:00,2011-09-12 17:58:00,87,188,0.031914893617021274,104.67989361702126
15766.0,1,170,315.06,28.64181818181818,2011-10-06 17:03:00,2011-10-06 17:03:00,63,1,1.0,315.06
15768.0,3,244,621.8299999999999,23.03074074074074,2011-04-28 09:20:00,2011-08-16 10:48:00,115,110,0.02727272727272727,16.958999999999996
15769.0,26,29672,56252.72,432.7132307692308,2010-12-03 15:16:00,2011-12-02 13:52:00,6,363,0.07162534435261708,4029.12044077135
15773.0,1,311,635.6800000000001,63.568000000000005,2011-12-04 12:48:00,2011-12-04 12:48:00,5,1,1.0,635.6800000000001
15774.0,1,87,270.8,10.832,2011-10-02 12:04:00,2011-10-02 12:04:00,68,1,1.0,270.8
15775.0,1,68,104.9,14.985714285714286,2011-04-08 12:56:00,2011-04-08 12:56:00,244,1,1.0,104.9
15776.0,1,138,241.62,13.423333333333334,2011-07-29 13:46:00,2011-07-29 13:46:00,132,1,1.0,241.62
15777.0,4,378,1047.11,49.862380952380946,2010-12-13 16:38:00,2011-04-12 16:43:00,240,120,0.03333333333333333,34.903666666666666
15780.0,3,220,475.28000000000003,16.38896551724138,2010-12-17 11:43:00,2011-06-09 12:01:00,183,174,0.017241379310344827,8.19448275862069
15781.0,3,180,345.46,17.273,2011-02-07 09:15:00,2011-11-14 14:57:00,24,280,0.010714285714285714,3.701357142857143
15782.0,3,864,2614.7400000000002,60.80790697674419,2011-09-11 14:29:00,2011-11-30 10:49:00,9,79,0.0379746835443038,99.29392405063292
15783.0,1,212,246.3,17.592857142857145,2011-11-29 09:50:00,2011-11-29 09:50:00,10,1,1.0,246.3
15785.0,5,1612,2328.9700000000003,28.059879518072293,2011-02-17 14:17:00,2011-11-07 11:33:00,32,262,0.019083969465648856,44.44599236641222
15786.0,3,3364,4932.2,18.47265917602996,2011-08-17 13:33:00,2011-10-24 14:13:00,45,68,0.04411764705882353,217.5970588235294
15787.0,3,540,948.05,4.602184466019417,2011-10-09 13:11:00,2011-11-13 14:55:00,25,35,0.08571428571428572,81.26142857142857
15789.0,1,438,351.3,14.052,2010-12-16 14:35:00,2010-12-16 14:35:00,357,1,1.0,351.3
15790.0,1,114,220.85,6.31,2011-11-29 14:53:00,2011-11-29 14:53:00,9,1,1.0,220.85
15791.0,2,731,1612.69,21.502533333333336,2011-05-19 15:15:00,2011-10-27 10:14:00,43,160,0.0125,20.158625
15793.0,3,553,965.61,80.4675,2011-03-16 10:45:00,2011-11-25 09:31:00,14,253,0.011857707509881422,11.449920948616601
15795.0,1,581,610.01,14.524047619047618,2011-07-13 10:43:00,2011-07-13 10:43:00,149,1,1.0,610.01
15796.0,8,861,2711.56,20.38766917293233,2011-02-10 15:40:00,2011-12-08 19:55:00,0,301,0.026578073089700997,72.06803986710963
15797.0,4,873,2207.4,275.925,2011-01-24 15:47:00,2011-08-18 17:04:00,112,206,0.019417475728155338,42.8621359223301
15799.0,3,955,884.14,9.021836734693878,2011-01-09 15:13:00,2011-09-25 12:46:00,75,258,0.011627906976744186,10.280697674418604
15800.0,2,335,699.08,5.874621848739496,2011-04-07 12:39:00,2011-08-24 14:23:00,106,139,0.014388489208633094,10.058705035971224
15801.0,3,570,1063.95,16.62421875,2011-08-22 09:53:00,2011-10-24 13:52:00,45,63,0.047619047619047616,50.66428571428571
15802.0,1,1,451.42,451.42,2011-07-20 11:38:00,2011-07-20 11:38:00,142,1,1.0,451.42
15803.0,1,290,415.82000000000005,51.977500000000006,2011-10-19 14:56:00,2011-10-19 14:56:00,50,1,1.0,415.82000000000005
15804.0,13,2565,4206.39,16.05492366412214,2011-05-25 10:12:00,2011-12-09 12:31:00,0,198,0.06565656565656566,276.1771212121213
15805.0,17,3387,5528.4800000000005,18.367043189368772,2010-12-10 09:33:00,2011-11-16 16:32:00,22,341,0.04985337243401759,275.6133724340176
15806.0,3,602,784.58,25.309032258064516,2011-03-08 09:24:00,2011-10-24 14:35:00,45,230,0.013043478260869565,10.233652173913043
15807.0,3,430,903.9,18.83125,2011-09-23 14:43:00,2011-10-20 14:10:00,49,26,0.11538461538461539,104.29615384615384
15808.0,4,1343,3734.9700000000003,17.95658653846154,2010-12-05 13:05:00,2011-02-06 14:33:00,305,63,0.06349206349206349,237.14095238095237
15809.0,5,301,515.77,14.736285714285714,2011-02-10 11:16:00,2011-11-03 16:40:00,35,266,0.018796992481203006,9.694924812030074
15810.0,4,861,1391.98,15.640224719101123,2011-02-16 09:11:00,2011-09-22 09:38:00,78,218,0.01834862385321101,25.54091743119266
15811.0,6,1071,2218.62,16.681353383458646,2010-12-09 15:29:00,2011-11-17 15:31:00,21,343,0.01749271137026239,38.80967930029154
15812.0,5,922,1801.14,43.930243902439024,2011-01-26 12:12:00,2011-08-24 14:19:00,106,210,0.023809523809523808,42.88428571428572
15813.0,2,603,1303.9099999999999,32.59775,2011-04-14 09:09:00,2011-05-16 08:13:00,207,31,0.06451612903225806,84.1232258064516
15814.0,4,1271,1945.33,27.018472222222222,2011-10-20 09:04:00,2011-11-23 08:17:00,16,33,0.12121212121212122,235.79757575757574
15815.0,5,1856,2100.6,42.86938775510204,2011-03-25 08:43:00,2011-10-07 12:42:00,63,196,0.025510204081632654,53.58673469387755
15819.0,4,1357,1905.45,15.491463414634147,2011-03-08 09:45:00,2011-10-21 14:50:00,48,227,0.01762114537444934,33.5762114537445
15820.0,1,128,206.98,12.175294117647057,2011-01-24 12:00:00,2011-01-24 12:00:00,319,1,1.0,206.98
15821.0,2,202,570.96,9.209032258064516,2011-10-09 13:28:00,2011-10-26 15:48:00,43,17,0.11764705882352941,67.17176470588235
15822.0,2,375,885.47,26.832424242424242,2010-12-15 13:38:00,2011-12-06 14:50:00,2,356,0.0056179775280898875,4.974550561797753
15823.0,1,1,15.0,15.0,2010-12-02 15:08:00,2010-12-02 15:08:00,371,1,1.0,15.0
15825.0,1,220,532.94,26.647000000000002,2011-06-20 13:27:00,2011-06-20 13:27:00,171,1,1.0,532.94
15826.0,3,963,1654.31,24.328088235294118,2011-05-13 10:44:00,2011-10-14 16:05:00,55,154,0.01948051948051948,32.22681818181818
15827.0,14,882,1836.0900000000001,15.966000000000001,2010-12-02 13:06:00,2011-09-27 15:35:00,72,299,0.046822742474916385,85.97076923076924
15829.0,2,996,636.14,12.473333333333333,2011-07-22 10:23:00,2011-09-01 16:45:00,98,41,0.04878048780487805,31.031219512195122
15830.0,1,415,576.0,14.76923076923077,2011-11-02 10:40:00,2011-11-02 10:40:00,37,1,1.0,576.0
15831.0,3,1105,801.76,11.790588235294118,2011-01-19 14:52:00,2011-10-12 13:14:00,57,265,0.011320754716981131,9.076528301886793
15832.0,1,465,836.79,15.49611111111111,2011-03-30 15:29:00,2011-03-30 15:29:00,253,1,1.0,836.79
15834.0,4,965,2233.75,8.182234432234432,2011-03-07 17:52:00,2011-09-30 14:41:00,69,206,0.019417475728155338,43.373786407766985
15835.0,4,439,954.09,19.0818,2011-01-13 10:35:00,2011-10-26 15:47:00,43,286,0.013986013986013986,13.343916083916085
15836.0,1,26,137.37,13.737,2011-10-20 17:13:00,2011-10-20 17:13:00,49,1,1.0,137.37
15837.0,1,189,391.98,16.3325,2011-10-06 09:01:00,2011-10-06 09:01:00,64,1,1.0,391.98
15838.0,19,18368,33643.08,201.45556886227547,2010-12-07 11:26:00,2011-11-28 14:00:00,10,356,0.05337078651685393,1795.5576404494382
15839.0,3,675,1048.49,16.911129032258064,2011-07-14 16:35:00,2011-11-06 13:54:00,32,114,0.02631578947368421,27.591842105263158
15840.0,2,396,355.56,13.168888888888889,2011-06-20 11:42:00,2011-10-12 09:08:00,58,113,0.017699115044247787,6.293097345132743
15841.0,4,942,1224.06,26.043829787234042,2011-01-05 11:25:00,2011-09-28 12:15:00,72,266,0.015037593984962405,18.406917293233082
15843.0,1,27,118.95000000000002,14.868750000000002,2011-02-09 10:19:00,2011-02-09 10:19:00,303,1,1.0,118.95000000000002
15844.0,1,134,130.73999999999998,11.885454545454543,2011-10-24 15:19:00,2011-10-24 15:19:00,45,1,1.0,130.73999999999998
15845.0,8,1926,3711.77,26.896884057971015,2011-01-06 17:19:00,2011-11-22 09:42:00,17,319,0.025078369905956112,93.08514106583071
15847.0,2,449,389.27,17.694090909090907,2011-02-24 16:46:00,2011-11-01 14:41:00,37,249,0.008032128514056224,3.126666666666666
15850.0,2,302,238.85,2.4623711340206187,2011-06-24 14:16:00,2011-11-20 14:14:00,18,148,0.013513513513513514,3.227702702702703
15852.0,2,48,160.71,7.305000000000001,2011-05-26 13:26:00,2011-06-06 11:22:00,186,10,0.2,32.142
15853.0,1,135,110.8,3.6933333333333334,2011-10-19 10:38:00,2011-10-19 10:38:00,51,1,1.0,110.8
15854.0,12,939,2974.65,21.247500000000002,2010-12-13 11:47:00,2011-12-05 13:39:00,3,357,0.03361344537815126,99.98823529411764
15855.0,5,470,712.24,8.903,2011-03-21 12:32:00,2011-07-26 10:20:00,136,126,0.03968253968253968,28.263492063492063
15856.0,27,11005,16387.57,25.40708527131783,2010-12-09 13:34:00,2011-12-05 17:09:00,3,361,0.07479224376731301,1225.6631301939058
15857.0,1,308,297.0,21.214285714285715,2011-11-21 12:18:00,2011-11-21 12:18:00,18,1,1.0,297.0
15858.0,5,1167,1438.85,7.533246073298429,2010-12-07 14:31:00,2011-11-24 12:48:00,15,351,0.014245014245014245,20.496438746438745
15860.0,8,440,977.21,6.881760563380282,2010-12-06 11:38:00,2011-10-30 11:25:00,40,327,0.024464831804281346,23.907278287461775
15861.0,8,2544,3165.36,5.797362637362638,2011-03-17 20:12:00,2011-11-27 15:59:00,11,254,0.031496062992125984,99.69637795275591
15862.0,4,585,832.88,5.665850340136054,2010-12-01 11:21:00,2011-12-01 13:28:00,7,365,0.010958904109589041,9.12745205479452
15863.0,2,19,68.84,3.8244444444444445,2011-05-31 11:36:00,2011-11-14 12:49:00,25,167,0.011976047904191617,0.824431137724551
15864.0,6,1192,1936.3200000000002,96.816,2011-01-27 16:43:00,2011-11-17 13:32:00,21,293,0.020477815699658702,39.651604095563144
15865.0,3,368,895.13,22.37825,2011-05-10 11:44:00,2011-10-30 12:43:00,40,173,0.017341040462427744,15.522485549132947
15866.0,1,126,230.53,5.122888888888889,2011-08-30 14:09:00,2011-08-30 14:09:00,100,1,1.0,230.53
15867.0,15,2054,3812.64,8.270368763557483,2010-12-05 14:17:00,2011-12-04 13:32:00,4,363,0.04132231404958678,157.54710743801652
15869.0,2,175,149.64,9.975999999999999,2011-03-07 17:19:00,2011-03-07 17:23:00,276,1,2.0,299.28
15870.0,1,335,354.09000000000003,4.659078947368421,2011-11-07 10:58:00,2011-11-07 10:58:00,32,1,1.0,354.09000000000003
15872.0,2,212,360.93,2.819765625,2011-11-25 11:54:00,2011-11-25 11:55:00,14,1,2.0,721.86
15874.0,7,2534,4405.88,36.71566666666667,2011-02-28 13:28:00,2011-10-07 12:31:00,63,220,0.031818181818181815,140.1870909090909
15877.0,2,371,493.28,3.823875968992248,2011-11-22 11:18:00,2011-12-08 11:53:00,1,16,0.125,61.66
15880.0,1,211,343.28000000000003,3.2693333333333334,2010-12-05 13:00:00,2010-12-05 13:00:00,368,1,1.0,343.28000000000003
15881.0,5,260,501.39000000000004,17.289310344827587,2010-12-10 13:32:00,2011-01-31 16:59:00,311,52,0.09615384615384616,48.21057692307693
15882.0,4,276,516.36,22.450434782608696,2010-12-06 13:01:00,2011-05-25 11:35:00,198,169,0.023668639053254437,12.221538461538461
15883.0,2,223,396.48,8.091428571428573,2011-11-06 14:50:00,2011-12-07 17:05:00,1,31,0.06451612903225806,25.579354838709676
15885.0,3,111,379.35,21.075000000000003,2011-02-03 15:28:00,2011-09-08 10:43:00,92,216,0.013888888888888888,5.26875
15886.0,1,147,181.09,15.090833333333334,2011-10-10 14:25:00,2011-10-10 14:25:00,59,1,1.0,181.09
15888.0,1,76,168.31,14.025833333333333,2011-09-20 12:30:00,2011-09-20 12:30:00,80,1,1.0,168.31
15889.0,2,215,446.87,4.80505376344086,2010-12-05 15:12:00,2011-07-06 11:10:00,156,212,0.009433962264150943,4.215754716981132
15891.0,1,442,524.52,8.459999999999999,2011-04-27 12:35:00,2011-04-27 12:35:00,226,1,1.0,524.52
15894.0,2,168,263.55,6.4280487804878055,2010-12-05 14:06:00,2011-03-31 13:50:00,252,115,0.017391304347826087,4.5834782608695654
15895.0,1,94,179.17,16.288181818181815,2011-07-13 10:27:00,2011-07-13 10:27:00,149,1,1.0,179.17
15897.0,2,261,222.05,9.252083333333333,2011-05-29 13:32:00,2011-05-29 13:50:00,193,1,2.0,444.1
15898.0,5,570,1388.88,16.149767441860465,2010-12-06 11:01:00,2011-12-08 15:23:00,0,367,0.013623978201634877,18.92207084468665
15899.0,1,39,56.25,14.0625,2010-12-06 10:36:00,2010-12-06 10:36:00,368,1,1.0,56.25
15900.0,1,221,351.11,6.884509803921569,2011-11-16 12:19:00,2011-11-16 12:19:00,23,1,1.0,351.11
15901.0,3,384,363.88,3.136896551724138,2011-07-08 12:18:00,2011-11-23 12:43:00,16,138,0.021739130434782608,7.910434782608696
15903.0,7,2410,5126.76,69.28054054054054,2011-02-17 14:04:00,2011-11-30 08:08:00,9,285,0.02456140350877193,125.92042105263158
15904.0,1,84,164.68,5.489333333333334,2011-12-01 14:50:00,2011-12-01 14:50:00,7,1,1.0,164.68
15906.0,7,544,1567.69,10.451266666666667,2011-03-29 13:28:00,2011-11-20 12:24:00,19,235,0.029787234042553193,46.697148936170215
15907.0,3,509,967.45,3.8853413654618474,2011-05-13 13:01:00,2011-12-06 12:21:00,3,206,0.014563106796116505,14.089077669902913
15909.0,1,98,191.94,27.419999999999998,2011-06-19 10:38:00,2011-06-19 10:38:00,173,1,1.0,191.94
15910.0,8,1015,1232.18,4.614906367041199,2011-01-27 11:55:00,2011-12-09 10:51:00,0,315,0.025396825396825397,31.29346031746032
15912.0,2,185,264.62,13.927368421052632,2011-04-20 17:10:00,2011-06-14 14:29:00,177,54,0.037037037037037035,9.800740740740741
15916.0,8,757,1528.09,9.858645161290323,2010-12-08 13:07:00,2011-11-23 13:46:00,15,350,0.022857142857142857,34.927771428571425
15917.0,1,42,123.1,10.258333333333333,2011-04-06 10:40:00,2011-04-06 10:40:00,247,1,1.0,123.1
15918.0,2,153,334.23,8.35575,2011-03-13 15:55:00,2011-06-02 11:42:00,190,80,0.025,8.35575
15919.0,2,545,639.89,4.4747552447552446,2010-12-06 11:26:00,2011-11-20 11:28:00,19,349,0.0057306590257879654,3.666991404011461
15920.0,4,99,167.5,2.7916666666666665,2011-07-08 15:16:00,2011-07-08 15:31:00,153,1,4.0,670.0
15921.0,1,166,336.03000000000003,13.441200000000002,2011-06-20 11:03:00,2011-06-20 11:03:00,172,1,1.0,336.03000000000003
15922.0,1,138,369.5,33.59090909090909,2010-12-01 13:51:00,2010-12-01 13:51:00,372,1,1.0,369.5
15923.0,1,122,127.08,6.051428571428572,2010-12-02 12:16:00,2010-12-02 12:16:00,372,1,1.0,127.08
15925.0,1,93,207.15,17.2625,2011-05-29 15:35:00,2011-05-29 15:35:00,193,1,1.0,207.15
15930.0,1,139,426.63,20.315714285714286,2011-10-03 14:52:00,2011-10-03 14:52:00,66,1,1.0,426.63
15932.0,8,2325,2495.87,21.703217391304346,2011-02-23 14:50:00,2011-12-05 17:13:00,3,285,0.028070175438596492,70.05950877192983
15933.0,3,885,1107.46,14.965675675675676,2011-09-14 12:05:00,2011-11-18 13:14:00,20,65,0.046153846153846156,51.11353846153847
15935.0,2,115,416.86,34.73833333333334,2011-04-12 09:35:00,2011-04-14 13:27:00,238,2,1.0,416.86
15937.0,1,73,145.35,20.764285714285712,2011-10-06 15:48:00,2011-10-06 15:48:00,63,1,1.0,145.35
15938.0,5,240,404.58,22.476666666666667,2011-01-20 10:11:00,2011-08-19 12:56:00,111,211,0.023696682464454975,9.587203791469193
15939.0,15,4728,6115.01,80.46065789473684,2011-01-12 12:43:00,2011-09-11 11:30:00,89,241,0.06224066390041494,380.60228215767637
15940.0,1,4,35.8,35.8,2011-02-01 16:18:00,2011-02-01 16:18:00,310,1,1.0,35.8
15942.0,1,232,337.44,24.102857142857143,2011-07-29 09:01:00,2011-07-29 09:01:00,133,1,1.0,337.44
15944.0,1,50,325.1,54.18333333333334,2011-03-08 10:33:00,2011-03-08 10:33:00,276,1,1.0,325.1
15945.0,1,52,181.0,90.5,2010-12-09 13:14:00,2010-12-09 13:14:00,364,1,1.0,181.0
15947.0,1,898,1708.24,58.9048275862069,2011-09-18 10:46:00,2011-09-18 10:46:00,82,1,1.0,1708.24
15948.0,2,567,955.24,15.920666666666667,2011-10-27 08:35:00,2011-12-01 15:32:00,7,35,0.05714285714285714,54.585142857142856
15949.0,2,284,364.72,19.19578947368421,2011-09-29 17:34:00,2011-11-23 09:09:00,16,54,0.037037037037037035,13.508148148148148
15950.0,4,729,1765.51,18.015408163265306,2010-12-15 11:56:00,2011-11-08 11:09:00,31,327,0.012232415902140673,21.59645259938838
15951.0,2,313,708.22,17.273658536585366,2011-02-27 11:57:00,2011-12-01 08:34:00,8,276,0.007246376811594203,5.1320289855072465
15952.0,4,399,806.57,8.863406593406594,2011-04-28 12:55:00,2011-11-06 11:18:00,33,191,0.020942408376963352,16.891518324607333
15953.0,8,892,1659.3799999999999,16.932448979591836,2010-12-05 15:15:00,2011-11-24 15:32:00,14,354,0.022598870056497175,37.50011299435028
15955.0,14,2135,4416.26,24.13256830601093,2010-12-02 11:22:00,2011-11-15 14:15:00,23,348,0.040229885057471264,177.66563218390806
15957.0,1,211,428.89,10.211666666666666,2011-11-08 12:14:00,2011-11-08 12:14:00,31,1,1.0,428.89
15958.0,1,33,104.35,14.907142857142857,2011-09-26 13:41:00,2011-09-26 13:41:00,73,1,1.0,104.35
15963.0,2,298,470.76,16.812857142857144,2011-10-25 13:05:00,2011-11-20 11:33:00,19,25,0.08,37.6608
15965.0,4,453,845.64,6.931475409836065,2010-12-07 13:18:00,2011-11-22 16:44:00,16,350,0.011428571428571429,9.664457142857144
15967.0,2,211,418.83,4.986071428571428,2011-01-25 11:57:00,2011-11-16 15:41:00,22,295,0.006779661016949152,2.8395254237288134
15969.0,3,124,666.1,33.305,2011-06-07 12:19:00,2011-12-07 11:06:00,2,182,0.016483516483516484,10.97967032967033
15970.0,1,116,314.1,28.55454545454546,2011-02-09 12:08:00,2011-02-09 12:08:00,303,1,1.0,314.1
15971.0,12,1717,4199.85,119.9957142857143,2011-02-01 16:47:00,2011-11-22 12:50:00,17,293,0.040955631399317405,172.00750853242323
15973.0,1,106,307.82000000000005,76.95500000000001,2010-12-08 11:42:00,2010-12-08 11:42:00,366,1,1.0,307.82000000000005
15974.0,7,2262,3442.15,19.557670454545455,2011-02-24 10:10:00,2011-10-31 13:13:00,38,249,0.028112449799196786,96.76726907630523
15975.0,1,243,371.01,15.45875,2011-09-16 13:33:00,2011-09-16 13:33:00,83,1,1.0,371.01
15976.0,2,277,430.94,4.39734693877551,2011-05-03 17:12:00,2011-06-27 13:00:00,164,54,0.037037037037037035,15.96074074074074
15977.0,2,1016,1054.73,16.226615384615386,2011-10-31 16:24:00,2011-11-22 13:29:00,16,21,0.09523809523809523,100.45047619047618
15978.0,1,888,1098.78,22.42408163265306,2011-09-23 15:21:00,2011-09-23 15:21:00,76,1,1.0,1098.78
15980.0,3,1560,2398.86,55.78744186046512,2011-03-30 15:05:00,2011-09-12 09:41:00,88,165,0.01818181818181818,43.61563636363636
15981.0,8,1866,3408.48,35.13896907216495,2011-02-01 13:50:00,2011-11-15 08:00:00,24,286,0.027972027972027972,95.3420979020979
15983.0,4,892,1475.02,13.053274336283186,2010-12-01 12:15:00,2011-11-17 17:34:00,21,351,0.011396011396011397,16.80934472934473
15984.0,10,1843,2837.67,10.50988888888889,2010-12-06 13:21:00,2011-12-07 12:16:00,2,365,0.0273972602739726,77.74438356164383
15985.0,2,1086,1142.42,30.876216216216218,2011-04-17 11:04:00,2011-08-08 16:31:00,122,113,0.017699115044247787,20.21982300884956
15986.0,1,268,168.12,12.008571428571429,2011-11-09 15:17:00,2011-11-09 15:17:00,29,1,1.0,168.12
15987.0,7,1556,1451.28,10.366285714285715,2010-12-06 08:34:00,2011-11-27 15:38:00,11,356,0.019662921348314606,28.536404494382023
15988.0,1,181,158.03,5.852962962962963,2011-11-20 13:23:00,2011-11-20 13:23:00,18,1,1.0,158.03
15990.0,2,443,792.11,15.232884615384616,2011-02-25 15:35:00,2011-10-26 15:58:00,43,243,0.00823045267489712,6.519423868312757
15992.0,1,17,41.989999999999995,13.996666666666664,2011-12-06 11:00:00,2011-12-06 11:00:00,3,1,1.0,41.989999999999995
15993.0,7,2051,2797.57,5.068061594202899,2011-10-26 16:21:00,2011-12-01 10:45:00,8,35,0.2,559.514
15994.0,1,177,427.07,12.202,2011-10-16 12:28:00,2011-10-16 12:28:00,54,1,1.0,427.07
15996.0,6,384,1060.68,8.159076923076924,2010-12-08 15:59:00,2011-09-12 15:14:00,87,277,0.021660649819494584,22.975018050541518
15998.0,5,2041,3089.97,6.106660079051383,2010-12-12 13:32:00,2011-11-03 12:45:00,36,325,0.015384615384615385,47.538
16000.0,3,5110,12393.7,1377.0777777777778,2011-12-07 12:14:00,2011-12-07 12:17:00,2,1,3.0,37181.100000000006
16003.0,5,1185,2735.37,26.556990291262135,2010-12-15 12:09:00,2011-11-10 09:57:00,29,329,0.015197568389057751,41.5709726443769
16005.0,4,300,615.39,2.822889908256881,2011-03-14 11:46:00,2011-11-27 13:47:00,11,258,0.015503875968992248,9.54093023255814
16006.0,1,84,101.4,12.675,2011-05-12 13:12:00,2011-05-12 13:12:00,210,1,1.0,101.4
16007.0,4,1393,1701.94,4.420623376623377,2011-05-08 13:32:00,2011-10-23 11:05:00,47,167,0.023952095808383235,40.76502994011977
16008.0,3,323,478.78,14.508484848484848,2011-05-19 10:54:00,2011-11-16 10:32:00,23,180,0.016666666666666666,7.979666666666666
16009.0,4,378,992.71,11.030111111111111,2011-07-03 11:26:00,2011-11-17 16:51:00,21,137,0.029197080291970802,28.984233576642335
16010.0,3,210,407.5,4.738372093023256,2010-12-12 12:18:00,2011-04-08 10:14:00,245,116,0.02586206896551724,10.538793103448276
16011.0,16,2042,3362.71,15.86183962264151,2010-12-08 16:34:00,2011-12-01 16:31:00,7,357,0.04481792717086835,150.7096918767507
16012.0,3,799,1415.29,15.05627659574468,2011-07-07 18:02:00,2011-11-04 13:25:00,34,119,0.025210084033613446,35.67957983193277
16013.0,47,15536,37130.6,267.126618705036,2010-12-03 13:09:00,2011-12-06 10:36:00,3,367,0.12806539509536785,4755.144959128065
16014.0,3,265,662.38,4.5681379310344825,2011-02-21 17:42:00,2011-11-02 12:04:00,37,253,0.011857707509881422,7.854308300395257
16015.0,3,909,705.39,3.875769230769231,2011-10-21 12:56:00,2011-12-06 10:58:00,3,45,0.06666666666666667,47.025999999999996
16016.0,8,620,1508.76,6.420255319148936,2010-12-08 12:36:00,2011-12-06 14:35:00,2,363,0.02203856749311295,33.25090909090909
16017.0,1,102,211.88,6.62125,2011-10-23 12:56:00,2011-10-23 12:56:00,46,1,1.0,211.88
16018.0,2,190,408.90000000000003,14.60357142857143,2011-06-12 13:52:00,2011-10-31 14:13:00,38,141,0.014184397163120567,5.800000000000001
16019.0,9,1733,3786.2400000000002,23.664,2010-12-10 12:29:00,2011-10-24 11:51:00,46,317,0.028391167192429023,107.49577287066246
16020.0,3,487,851.01,18.500217391304346,2011-10-05 13:54:00,2011-11-23 11:18:00,16,48,0.0625,53.188125
16022.0,1,261,628.28,8.266842105263157,2011-03-24 13:16:00,2011-03-24 13:16:00,259,1,1.0,628.28
16023.0,3,358,719.81,7.126831683168317,2011-03-18 13:32:00,2011-10-24 16:34:00,45,220,0.013636363636363636,9.815590909090908
16024.0,1,398,251.24,3.925625,2011-11-27 13:26:00,2011-11-27 13:26:00,11,1,1.0,251.24
16025.0,1,338,439.65999999999997,15.702142857142857,2011-11-10 11:45:00,2011-11-10 11:45:00,29,1,1.0,439.65999999999997
16026.0,1,243,236.09,7.3778125,2011-10-27 13:53:00,2011-10-27 13:53:00,42,1,1.0,236.09
16027.0,6,1147,934.62,58.41375,2011-02-10 12:19:00,2011-09-09 10:47:00,91,210,0.02857142857142857,26.70342857142857
16029.0,63,40208,81024.84,334.813388429752,2010-12-01 09:57:00,2011-11-01 10:27:00,38,335,0.1880597014925373,15237.507223880597
16030.0,1,283,331.24,11.422068965517242,2011-02-03 11:28:00,2011-02-03 11:28:00,309,1,1.0,331.24
16031.0,2,423,548.94,5.489400000000001,2011-04-06 14:23:00,2011-09-08 13:07:00,91,154,0.012987012987012988,7.129090909090911
16033.0,20,3539,8816.4,7.754089709762533,2010-12-05 10:36:00,2011-12-04 12:44:00,5,364,0.054945054945054944,484.41758241758237
16034.0,3,242,437.7,19.895454545454545,2011-01-11 11:54:00,2011-05-27 16:17:00,195,136,0.022058823529411766,9.65514705882353
16036.0,2,716,758.92,13.798545454545454,2011-03-21 13:01:00,2011-09-13 14:53:00,86,176,0.011363636363636364,8.624090909090908
16037.0,3,428,855.02,21.923589743589744,2010-12-16 10:18:00,2011-03-15 09:13:00,269,88,0.03409090909090909,29.148409090909087
16038.0,3,244,471.78000000000003,18.145384615384618,2011-05-22 11:29:00,2011-12-02 12:40:00,7,194,0.015463917525773196,7.295567010309279
16040.0,3,684,1313.55,20.20846153846154,2011-03-16 09:58:00,2011-10-05 13:47:00,64,203,0.014778325123152709,19.41206896551724
16041.0,3,1584,3166.4,527.7333333333333,2011-07-21 16:27:00,2011-11-09 12:25:00,30,110,0.02727272727272727,86.35636363636364
16042.0,5,755,1197.27,16.862957746478873,2011-01-11 13:25:00,2011-11-17 17:50:00,21,310,0.016129032258064516,19.3108064516129
16043.0,4,503,773.99,19.845897435897434,2011-01-26 11:14:00,2011-11-02 12:50:00,37,280,0.014285714285714285,11.057
16045.0,4,897,1340.7,16.15301204819277,2011-02-22 14:55:00,2011-08-12 12:41:00,119,170,0.023529411764705882,31.545882352941177
16048.0,2,144,256.44,32.055,2010-12-01 15:27:00,2010-12-01 15:28:00,372,1,2.0,512.88
16049.0,3,793,1111.79,3.563429487179487,2011-09-25 14:33:00,2011-10-30 13:19:00,39,34,0.08823529411764706,98.09911764705883
16050.0,1,278,137.9,13.790000000000001,2011-06-19 11:44:00,2011-06-19 11:44:00,173,1,1.0,137.9
16052.0,1,282,362.06,10.648823529411764,2011-10-16 15:13:00,2011-10-16 15:13:00,53,1,1.0,362.06
16053.0,2,1793,1511.95,17.999404761904763,2011-08-09 14:57:00,2011-11-07 11:21:00,32,89,0.02247191011235955,33.976404494382024
16054.0,1,380,783.9,11.198571428571428,2011-07-17 13:08:00,2011-07-17 13:08:00,144,1,1.0,783.9
16055.0,1,22,134.8,16.85,2011-05-03 09:26:00,2011-05-03 09:26:00,220,1,1.0,134.8
16056.0,1,347,664.85,9.777205882352941,2011-10-25 15:19:00,2011-10-25 15:19:00,44,1,1.0,664.85
16057.0,7,863,2263.12,18.703471074380165,2011-02-28 10:35:00,2011-11-23 15:23:00,15,268,0.026119402985074626,59.11134328358209
16059.0,6,643,1459.8600000000001,8.110333333333333,2010-12-07 10:36:00,2011-10-05 09:56:00,65,301,0.019933554817275746,29.100199335548172
16062.0,4,800,1153.62,18.0253125,2010-12-10 12:00:00,2011-11-30 12:15:00,9,355,0.011267605633802818,12.998535211267605
16063.0,1,262,335.32,14.57913043478261,2011-03-24 14:55:00,2011-03-24 14:56:00,259,1,1.0,335.32
16065.0,1,231,372.09,5.028243243243243,2010-12-09 13:03:00,2010-12-09 13:03:00,364,1,1.0,372.09
16066.0,5,936,1521.87,14.920294117647058,2011-08-07 14:33:00,2011-11-23 11:54:00,16,107,0.04672897196261682,71.11542056074765
16070.0,2,457,852.15,25.82272727272727,2011-11-07 16:36:00,2011-11-17 15:50:00,21,9,0.2222222222222222,189.36666666666665
16071.0,1,180,326.24,15.535238095238096,2011-10-26 11:14:00,2011-10-26 11:14:00,44,1,1.0,326.24
16072.0,1,140,584.3199999999999,25.405217391304344,2011-02-24 14:32:00,2011-02-24 14:32:00,287,1,1.0,584.3199999999999
16073.0,1,48,122.39999999999999,122.39999999999999,2011-02-15 15:41:00,2011-02-15 15:41:00,296,1,1.0,122.39999999999999
16076.0,10,1435,2234.73,17.323488372093024,2011-05-15 12:31:00,2011-12-06 14:59:00,2,205,0.04878048780487805,109.01121951219513
16078.0,1,16,79.2,79.2,2011-03-01 09:47:00,2011-03-01 09:47:00,283,1,1.0,79.2
16079.0,3,864,1352.0,64.38095238095238,2011-10-30 13:06:00,2011-11-23 12:48:00,16,23,0.13043478260869565,176.34782608695653
16080.0,2,128,217.16,21.716,2011-03-10 14:44:00,2011-09-19 10:42:00,81,192,0.010416666666666666,2.262083333333333
16081.0,5,1477,2806.9,12.365198237885464,2010-12-08 11:16:00,2011-10-14 13:06:00,55,310,0.016129032258064516,45.27258064516129
16083.0,2,908,1317.62,42.50387096774193,2010-12-14 11:51:00,2011-08-31 10:47:00,100,259,0.007722007722007722,10.174671814671814
16084.0,1,216,436.18,11.47842105263158,2011-02-13 16:05:00,2011-02-13 16:05:00,298,1,1.0,436.18
16085.0,5,636,981.51,5.877305389221557,2011-01-23 12:07:00,2011-11-16 13:24:00,22,297,0.016835016835016835,16.523737373737372
16086.0,5,511,1121.39,28.753589743589746,2010-12-07 13:45:00,2011-10-11 13:09:00,58,307,0.016286644951140065,18.26368078175896
16091.0,2,154,315.06,17.503333333333334,2011-05-25 09:18:00,2011-07-08 08:45:00,154,43,0.046511627906976744,14.653953488372093
16092.0,3,628,817.86,16.036470588235293,2011-03-30 15:38:00,2011-08-17 10:46:00,114,139,0.02158273381294964,17.651654676258993
16093.0,1,20,17.0,17.0,2011-08-25 11:09:00,2011-08-25 11:09:00,106,1,1.0,17.0
16094.0,4,647,1078.23,17.114761904761906,2011-05-04 13:57:00,2011-11-28 12:45:00,11,207,0.01932367149758454,20.83536231884058
16096.0,1,155,320.62,26.718333333333334,2011-03-20 13:38:00,2011-03-20 13:38:00,263,1,1.0,320.62
16097.0,1,87,185.04999999999998,18.505,2011-04-13 13:47:00,2011-04-13 13:47:00,239,1,1.0,185.04999999999998
16098.0,7,613,2005.63,29.934776119402986,2010-12-01 09:45:00,2011-09-13 09:59:00,87,286,0.024475524475524476,49.088846153846156
16099.0,3,434,731.9,18.766666666666666,2011-04-28 08:34:00,2011-10-20 13:13:00,49,175,0.017142857142857144,12.546857142857142
16101.0,1,757,1290.7,16.982894736842105,2011-09-30 10:18:00,2011-09-30 10:18:00,70,1,1.0,1290.7
16102.0,3,942,1842.14,32.31824561403509,2011-08-03 12:50:00,2011-10-28 13:19:00,41,86,0.03488372093023256,64.26069767441861
16103.0,6,558,1429.64,29.784166666666668,2011-04-20 12:28:00,2011-12-02 14:16:00,6,226,0.02654867256637168,37.95504424778761
16104.0,1,123,302.36,10.426206896551724,2011-10-09 10:23:00,2011-10-09 10:23:00,61,1,1.0,302.36
16105.0,1,330,336.96,25.919999999999998,2011-04-05 10:13:00,2011-04-05 10:13:00,248,1,1.0,336.96
16106.0,1,74,108.38,18.063333333333333,2011-10-05 10:37:00,2011-10-05 10:37:00,65,1,1.0,108.38
16107.0,7,1176,3204.1600000000003,103.36000000000001,2011-06-09 18:42:00,2011-11-22 09:40:00,17,165,0.04242424242424243,135.93406060606063
16108.0,1,615,842.5,17.552083333333332,2011-09-16 11:48:00,2011-09-16 11:48:00,84,1,1.0,842.5
16109.0,2,612,611.88,33.99333333333333,2011-02-04 12:37:00,2011-05-05 09:17:00,218,89,0.02247191011235955,13.750112359550561
16110.0,3,733,1337.48,3.77819209039548,2011-02-01 14:01:00,2011-10-25 14:35:00,44,266,0.011278195488721804,15.08436090225564
16112.0,4,574,195.73999999999998,12.233749999999999,2011-01-05 11:47:00,2011-07-19 14:28:00,142,195,0.020512820512820513,4.015179487179487
16113.0,1,176,161.38,5.379333333333333,2011-06-09 16:16:00,2011-06-09 16:16:00,182,1,1.0,161.38
16114.0,1,43,135.75000000000003,16.968750000000004,2011-06-22 10:13:00,2011-06-22 10:13:00,170,1,1.0,135.75000000000003
16115.0,8,1001,1667.97,5.873133802816901,2011-02-20 12:14:00,2011-11-30 11:32:00,9,282,0.028368794326241134,47.31829787234042
16116.0,1,248,612.78,18.02294117647059,2011-05-12 12:01:00,2011-05-12 12:01:00,211,1,1.0,612.78
16117.0,1,130,232.21,7.740333333333334,2011-06-03 11:42:00,2011-06-03 11:42:00,189,1,1.0,232.21
16119.0,2,240,423.36,26.46,2011-09-28 10:15:00,2011-12-01 15:11:00,7,64,0.03125,13.23
16120.0,4,878,1309.14,43.638000000000005,2011-10-11 14:10:00,2011-10-11 14:22:00,58,1,4.0,5236.56
16121.0,2,586,867.11,4.090141509433963,2011-05-08 11:52:00,2011-10-13 12:59:00,56,158,0.012658227848101266,10.976075949367088
16122.0,4,1128,684.4200000000001,18.01105263157895,2010-12-08 11:41:00,2011-09-27 15:34:00,72,293,0.013651877133105802,9.343617747440273
16123.0,1,170,307.78,19.23625,2011-10-19 09:18:00,2011-10-19 09:18:00,51,1,1.0,307.78
16124.0,1,48,249.0,22.636363636363637,2011-01-26 14:45:00,2011-01-26 14:45:00,316,1,1.0,249.0
16125.0,1,124,289.35,22.25769230769231,2010-12-07 15:48:00,2010-12-07 15:48:00,366,1,1.0,289.35
16126.0,4,2125,6287.77,53.741623931623934,2011-02-16 11:18:00,2011-11-10 16:03:00,28,267,0.0149812734082397,94.19880149812735
16127.0,1,323,656.25,16.40625,2011-10-31 13:58:00,2011-10-31 13:58:00,38,1,1.0,656.25
16128.0,5,988,1880.22,21.126067415730336,2011-03-02 12:21:00,2011-11-22 11:14:00,17,264,0.01893939393939394,35.61022727272727
16131.0,6,1802,3506.54,44.95564102564102,2011-04-14 08:32:00,2011-10-19 11:53:00,51,188,0.031914893617021274,111.91085106382978
16133.0,33,8887,14589.04,43.16284023668639,2011-01-25 15:55:00,2011-12-06 11:24:00,3,314,0.10509554140127389,1533.243057324841
16134.0,2,371,618.09,17.659714285714287,2010-12-15 14:00:00,2011-11-18 10:05:00,21,337,0.005934718100890208,3.668189910979229
16135.0,1,209,517.55,24.645238095238092,2011-03-22 12:30:00,2011-03-22 12:30:00,262,1,1.0,517.55
16136.0,3,440,709.38,19.172432432432434,2011-03-07 09:52:00,2011-10-11 09:10:00,59,217,0.013824884792626729,9.80709677419355
16139.0,3,330,635.41,20.497096774193547,2011-05-17 10:23:00,2011-11-21 08:37:00,18,187,0.016042780748663103,10.193743315508023
16140.0,2,730,725.18,20.71942857142857,2010-12-03 14:40:00,2011-10-05 12:15:00,65,305,0.006557377049180328,4.75527868852459
16141.0,1,238,620.4,20.68,2011-09-12 13:11:00,2011-09-12 13:11:00,87,1,1.0,620.4
16142.0,1,422,535.34,14.46864864864865,2011-04-04 10:16:00,2011-04-04 10:16:00,249,1,1.0,535.34
16143.0,6,919,2424.94,20.725982905982907,2010-12-05 15:18:00,2011-12-06 14:13:00,2,365,0.01643835616438356,39.86202739726027
16144.0,1,16,175.2,175.2,2011-04-07 10:09:00,2011-04-07 10:09:00,246,1,1.0,175.2
16145.0,11,3123,3799.4900000000002,16.96200892857143,2010-12-15 09:09:00,2011-12-01 10:33:00,8,351,0.03133903133903134,119.0723361823362
16146.0,3,427,734.13,25.314827586206896,2011-04-21 15:25:00,2011-07-05 14:20:00,156,74,0.04054054054054054,29.762027027027028
16147.0,1,246,375.0,17.045454545454547,2011-07-29 09:57:00,2011-07-29 09:57:00,133,1,1.0,375.0
16148.0,1,72,76.32000000000001,76.32000000000001,2011-02-16 14:01:00,2011-02-16 14:01:00,295,1,1.0,76.32000000000001
16149.0,2,308,280.52,15.584444444444443,2011-07-20 14:54:00,2011-12-05 11:29:00,4,137,0.014598540145985401,4.0951824817518245
16150.0,5,1047,2053.02,17.547179487179488,2010-12-02 18:27:00,2011-10-28 12:39:00,42,329,0.015197568389057751,31.200911854103342
16152.0,1,642,1829.04,63.070344827586204,2011-03-16 09:47:00,2011-03-16 09:47:00,268,1,1.0,1829.04
16153.0,5,1073,1824.23,20.496966292134832,2010-12-20 09:22:00,2011-10-21 10:50:00,49,305,0.01639344262295082,29.905409836065576
16156.0,9,1308,3122.04,24.01569230769231,2011-02-02 12:02:00,2011-12-01 12:42:00,8,302,0.029801324503311258,93.04092715231788
16157.0,3,347,656.69,36.482777777777784,2011-09-28 11:48:00,2011-11-24 11:41:00,15,56,0.05357142857142857,35.17982142857143
16159.0,1,236,348.2,24.87142857142857,2011-03-03 12:27:00,2011-03-03 12:27:00,281,1,1.0,348.2
16160.0,2,1162,1025.44,51.272000000000006,2011-09-15 10:53:00,2011-10-05 14:19:00,64,20,0.1,102.54400000000001
16161.0,19,2599,5575.56,11.762784810126583,2010-12-06 10:03:00,2011-12-08 12:10:00,1,367,0.051771117166212535,288.652970027248
16162.0,1,4,37.4,18.7,2011-04-01 15:03:00,2011-04-01 15:03:00,251,1,1.0,37.4
16163.0,2,192,856.6,142.76666666666668,2010-12-09 16:28:00,2011-04-21 15:15:00,231,132,0.015151515151515152,12.97878787878788
16164.0,3,433,822.48,24.19058823529412,2011-10-28 09:12:00,2011-11-22 15:04:00,16,25,0.12,98.6976
16168.0,27,1892,3787.6,38.648979591836735,2010-12-05 11:38:00,2011-11-29 12:45:00,10,359,0.07520891364902507,284.86128133704733
16169.0,4,1325,1822.97,21.44670588235294,2011-09-25 11:33:00,2011-12-01 15:28:00,7,67,0.05970149253731343,108.83402985074626
16170.0,6,1770,1885.05,15.0804,2011-04-05 13:42:00,2011-10-20 08:21:00,50,197,0.030456852791878174,57.41269035532995
16171.0,1,24,73.2,24.400000000000002,2011-10-11 14:51:00,2011-10-11 14:51:00,58,1,1.0,73.2
16172.0,5,787,1140.21,16.524782608695652,2011-04-12 12:02:00,2011-09-05 13:22:00,94,146,0.03424657534246575,39.04828767123288
16173.0,6,575,1418.32,16.884761904761906,2011-09-02 15:23:00,2011-11-24 10:53:00,15,82,0.07317073170731707,103.77951219512194
16174.0,3,651,1009.5500000000001,43.89347826086957,2011-07-11 09:23:00,2011-08-05 13:26:00,125,25,0.12,121.146
16175.0,4,533,1037.59,17.889482758620687,2011-04-13 14:38:00,2011-09-06 14:32:00,93,145,0.027586206896551724,28.6231724137931
16177.0,1,95,331.95,22.13,2011-10-20 12:57:00,2011-10-20 12:57:00,49,1,1.0,331.95
16178.0,1,94,197.9,24.7375,2011-07-24 16:05:00,2011-07-24 16:05:00,137,1,1.0,197.9
16179.0,1,99,215.83,19.62090909090909,2011-10-10 09:41:00,2011-10-10 09:41:00,60,1,1.0,215.83
16180.0,8,5867,10254.18,63.29740740740741,2011-04-01 10:23:00,2011-08-31 16:28:00,99,152,0.05263157894736842,539.6936842105263
16181.0,1,152,305.54,27.776363636363637,2011-09-27 13:38:00,2011-09-27 13:38:00,72,1,1.0,305.54
16182.0,4,3791,6617.65,236.34464285714284,2011-02-18 10:11:00,2011-09-28 13:23:00,71,222,0.018018018018018018,119.23693693693693
16183.0,1,113,338.71000000000004,22.58066666666667,2011-10-03 14:59:00,2011-10-03 14:59:00,66,1,1.0,338.71000000000004
16184.0,6,561,1158.79,25.750888888888888,2011-05-12 13:33:00,2011-10-06 17:43:00,63,147,0.04081632653061224,47.29755102040816
16185.0,2,260,529.41,17.07774193548387,2011-04-21 11:59:00,2011-11-23 09:41:00,16,215,0.009302325581395349,4.924744186046511
16186.0,12,3020,4006.94,18.38045871559633,2010-12-02 14:40:00,2011-11-17 12:43:00,22,349,0.034383954154727794,137.774441260745
16187.0,15,5048,6911.4400000000005,23.428610169491527,2011-02-28 13:34:00,2011-11-08 09:50:00,31,252,0.05952380952380952,411.3952380952381
16188.0,4,782,981.86,14.654626865671641,2011-04-11 09:44:00,2011-10-26 12:19:00,44,198,0.020202020202020204,19.83555555555556
16189.0,2,134,215.48,19.58909090909091,2011-09-15 15:21:00,2011-11-24 11:47:00,15,69,0.028985507246376812,6.245797101449275
16190.0,1,88,215.08,35.84666666666667,2011-10-30 15:59:00,2011-10-30 15:59:00,39,1,1.0,215.08
16191.0,13,3351,5180.52,38.66059701492538,2010-12-14 12:38:00,2011-12-07 11:26:00,2,357,0.036414565826330535,188.64638655462187
16193.0,1,219,314.45,16.55,2011-04-17 11:45:00,2011-04-17 11:45:00,236,1,1.0,314.45
16198.0,1,129,400.68100000000004,26.71206666666667,2011-09-25 14:58:00,2011-09-25 14:58:00,74,1,1.0,400.68100000000004
16200.0,2,523,1080.6200000000001,6.036983240223464,2011-06-28 15:47:00,2011-12-05 14:40:00,3,159,0.012578616352201259,13.592704402515725
16201.0,4,1286,1863.47,16.78801801801802,2011-08-22 10:47:00,2011-12-06 16:02:00,2,106,0.03773584905660377,70.31962264150943
16202.0,1,191,365.27,20.292777777777776,2010-12-14 10:43:00,2010-12-14 10:43:00,360,1,1.0,365.27
16203.0,4,262,592.9,16.939999999999998,2010-12-02 15:39:00,2011-10-12 12:31:00,58,313,0.012779552715654952,7.57699680511182
16204.0,1,231,405.71,7.117719298245614,2011-11-16 13:40:00,2011-11-16 13:40:00,22,1,1.0,405.71
16205.0,4,517,761.38,7.769183673469388,2011-06-13 11:33:00,2011-11-09 09:32:00,30,148,0.02702702702702703,20.57783783783784
16206.0,4,272,537.0600000000001,8.524761904761906,2011-01-16 11:07:00,2011-10-16 10:41:00,54,272,0.014705882352941176,7.897941176470589
16207.0,1,140,394.38,20.756842105263157,2011-11-14 13:51:00,2011-11-14 13:51:00,24,1,1.0,394.38
16208.0,2,333,664.26,10.064545454545454,2011-02-23 13:37:00,2011-10-26 11:36:00,44,244,0.00819672131147541,5.444754098360656
16209.0,5,1179,2262.62,49.18739130434783,2011-04-07 12:23:00,2011-09-12 11:58:00,88,157,0.03184713375796178,72.05796178343948
16210.0,18,7559,21086.3,171.43333333333334,2010-12-01 12:27:00,2011-12-08 12:36:00,1,372,0.04838709677419355,1020.3048387096774
16211.0,1,154,547.02,23.783478260869565,2011-09-12 12:11:00,2011-09-12 12:11:00,88,1,1.0,547.02
16212.0,2,244,690.34,16.837560975609758,2011-03-01 12:51:00,2011-11-20 13:00:00,18,264,0.007575757575757576,5.229848484848485
16213.0,1,48,159.0,26.5,2011-09-22 10:03:00,2011-09-22 10:03:00,78,1,1.0,159.0
16214.0,3,420,1062.75,24.15340909090909,2011-03-15 13:23:00,2011-06-22 11:30:00,170,98,0.030612244897959183,32.53316326530612
16215.0,1,104,242.35,17.310714285714287,2011-09-20 10:18:00,2011-09-20 10:18:00,80,1,1.0,242.35
16216.0,1,254,914.9300000000001,24.72783783783784,2011-03-17 15:34:00,2011-03-17 15:34:00,266,1,1.0,914.9300000000001
16217.0,2,91,304.25,20.283333333333335,2011-03-02 15:28:00,2011-04-18 13:31:00,234,46,0.043478260869565216,13.228260869565217
16218.0,7,2088,3084.68,36.72238095238095,2010-12-01 11:29:00,2011-11-10 09:59:00,29,343,0.02040816326530612,62.95265306122448
16221.0,3,717,864.86,8.916082474226805,2010-12-07 13:13:00,2011-11-03 11:43:00,36,330,0.00909090909090909,7.862363636363636
16222.0,1,365,846.72,6.18043795620438,2011-01-25 13:38:00,2011-01-25 13:38:00,317,1,1.0,846.72
16224.0,4,1116,1295.3,13.492708333333333,2011-04-04 12:00:00,2011-10-13 17:51:00,56,192,0.020833333333333332,26.985416666666666
16225.0,5,493,1096.32,8.181492537313432,2011-03-07 12:17:00,2011-10-26 08:30:00,44,232,0.021551724137931036,23.627586206896552
16226.0,3,192,255.12,31.89,2011-04-18 12:58:00,2011-05-20 14:41:00,202,32,0.09375,23.9175
16227.0,1,90,314.22,52.370000000000005,2011-04-28 13:33:00,2011-04-28 13:33:00,224,1,1.0,314.22
16229.0,2,318,1010.6,21.50212765957447,2011-05-11 10:18:00,2011-09-13 17:16:00,86,125,0.016,16.1696
16230.0,2,365,542.03,15.486571428571429,2011-05-03 15:12:00,2011-06-03 10:06:00,189,30,0.06666666666666667,36.13533333333333
16232.0,4,550,990.88,26.78054054054054,2011-05-08 14:05:00,2011-10-27 12:16:00,43,171,0.023391812865497075,23.178479532163742
16233.0,3,174,536.6800000000001,24.394545454545458,2010-12-08 12:51:00,2011-09-29 17:27:00,70,295,0.010169491525423728,5.457762711864407
16235.0,5,330,867.31,18.854565217391304,2011-01-11 15:42:00,2011-10-30 10:56:00,40,291,0.01718213058419244,14.902233676975944
16236.0,1,184,432.2,21.61,2011-09-22 14:10:00,2011-09-22 14:10:00,77,1,1.0,432.2
16239.0,2,228,414.2,21.8,2011-06-03 09:30:00,2011-10-14 08:29:00,56,132,0.015151515151515152,6.275757575757575
16240.0,2,1641,3718.8,27.546666666666667,2011-09-23 13:44:00,2011-11-15 14:30:00,23,53,0.03773584905660377,140.33207547169812
16241.0,13,1453,2607.87,3.939380664652568,2010-12-05 11:04:00,2011-11-30 11:08:00,9,360,0.03611111111111111,94.17308333333332
16242.0,7,1982,3603.21,12.255816326530612,2011-03-07 17:04:00,2011-12-01 15:12:00,7,268,0.026119402985074626,94.11369402985075
16243.0,2,110,409.1,8.02156862745098,2011-10-16 12:09:00,2011-11-06 12:32:00,33,21,0.09523809523809523,38.96190476190476
16244.0,2,855,1522.75,16.733516483516482,2010-12-02 11:41:00,2011-05-12 10:18:00,211,160,0.0125,19.034375
16245.0,3,1014,1413.66,15.707333333333334,2011-03-28 09:30:00,2011-11-16 10:14:00,23,233,0.012875536480686695,18.201630901287555
16247.0,1,182,114.56,7.16,2011-06-22 14:23:00,2011-06-22 14:23:00,169,1,1.0,114.56
16248.0,1,78,152.94,21.84857142857143,2011-10-09 11:32:00,2011-10-09 11:32:00,61,1,1.0,152.94
16249.0,5,950,1800.07,26.08797101449275,2011-04-14 13:50:00,2011-10-18 10:07:00,52,186,0.026881720430107527,48.38897849462366
16250.0,2,208,389.44,16.226666666666667,2010-12-01 09:59:00,2011-03-23 15:07:00,260,112,0.017857142857142856,6.954285714285714
16253.0,2,3233,3683.86,29.95008130081301,2011-03-29 13:33:00,2011-10-04 09:09:00,66,188,0.010638297872340425,39.19
16255.0,8,1767,2619.91,9.70337037037037,2010-12-09 14:25:00,2011-11-23 12:40:00,16,348,0.022988505747126436,60.22781609195402
16256.0,1,581,752.4300000000001,57.87923076923077,2011-03-18 12:18:00,2011-03-18 12:18:00,266,1,1.0,752.4300000000001
16257.0,1,2,46.95,23.475,2011-06-16 10:11:00,2011-06-16 10:11:00,176,1,1.0,46.95
16258.0,5,2994,5203.51,38.54451851851852,2011-05-04 14:33:00,2011-10-25 13:30:00,44,173,0.028901734104046242,150.39046242774566
16260.0,1,311,1035.45,57.525000000000006,2011-10-20 09:40:00,2011-10-20 09:40:00,50,1,1.0,1035.45
16261.0,4,306,746.83,6.022822580645162,2011-04-07 19:05:00,2011-11-22 17:23:00,16,228,0.017543859649122806,13.102280701754387
16265.0,9,2646,5447.0,21.112403100775193,2010-12-10 10:21:00,2011-11-30 16:41:00,8,355,0.02535211267605634,138.09295774647887
16266.0,7,398,861.89,14.129344262295081,2011-05-17 14:50:00,2011-09-27 12:08:00,73,132,0.05303030303030303,45.706287878787876
16268.0,2,533,667.65,14.836666666666666,2011-09-29 18:30:00,2011-09-29 18:30:00,70,1,2.0,1335.3
16270.0,1,688,1141.24,21.134074074074075,2010-12-21 14:26:00,2010-12-21 14:26:00,352,1,1.0,1141.24
16271.0,5,1038,1429.24,10.746165413533834,2010-12-16 16:36:00,2011-12-07 12:45:00,2,355,0.014084507042253521,20.13014084507042
16272.0,1,224,411.7,16.468,2011-08-15 10:53:00,2011-08-15 10:54:00,116,1,1.0,411.7
16274.0,1,155,357.95,5.342537313432835,2010-12-01 15:35:00,2010-12-01 15:35:00,372,1,1.0,357.95
16275.0,1,336,559.87,16.965757575757575,2011-05-27 12:41:00,2011-05-27 12:41:00,196,1,1.0,559.87
16276.0,1,420,810.6000000000001,135.10000000000002,2011-06-16 09:34:00,2011-06-16 09:34:00,176,1,1.0,810.6000000000001
16278.0,1,114,566.38,24.625217391304346,2011-08-31 17:12:00,2011-08-31 17:12:00,99,1,1.0,566.38
16279.0,3,1054,1509.58,14.10822429906542,2011-06-16 11:50:00,2011-11-18 15:00:00,20,155,0.01935483870967742,29.21767741935484
16281.0,1,934,2062.06,121.29764705882353,2011-09-28 14:57:00,2011-09-28 14:57:00,71,1,1.0,2062.06
16282.0,1,114,168.3,15.3,2011-01-04 11:42:00,2011-01-04 11:42:00,339,1,1.0,168.3
16283.0,5,1236,1570.81,9.462710843373493,2011-05-15 13:37:00,2011-12-04 12:08:00,5,202,0.024752475247524754,38.88143564356436
16284.0,2,544,823.97,7.559357798165138,2011-10-20 13:54:00,2011-11-08 16:12:00,30,19,0.10526315789473684,86.73368421052632
16287.0,1,298,142.5,17.8125,2011-06-23 09:08:00,2011-06-23 09:08:00,169,1,1.0,142.5
16292.0,1,191,302.25,17.779411764705884,2011-08-10 12:24:00,2011-08-10 12:24:00,121,1,1.0,302.25
16293.0,10,982,2248.9900000000002,19.059237288135595,2010-12-07 15:02:00,2011-11-18 09:58:00,21,345,0.028985507246376812,65.18811594202899
16295.0,4,841,1328.55,16.817088607594936,2011-10-06 10:45:00,2011-11-30 08:17:00,9,54,0.07407407407407407,98.4111111111111
16297.0,1,206,301.9,15.094999999999999,2011-03-16 08:29:00,2011-03-16 08:29:00,268,1,1.0,301.9
16298.0,3,198,598.2,22.15555555555556,2011-06-06 10:06:00,2011-11-17 11:59:00,22,164,0.018292682926829267,10.942682926829269
16302.0,1,158,233.22,21.201818181818183,2011-08-05 09:44:00,2011-08-05 09:44:00,126,1,1.0,233.22
16303.0,3,2659,5360.63,33.09030864197531,2011-01-10 14:16:00,2011-11-14 10:49:00,25,307,0.009771986970684038,52.384006514657976
16305.0,1,256,361.21999999999997,16.419090909090908,2011-07-24 12:18:00,2011-07-24 12:18:00,138,1,1.0,361.21999999999997
16306.0,6,487,632.27,15.42121951219512,2010-12-07 15:18:00,2011-05-10 12:12:00,213,153,0.0392156862745098,24.794901960784312
16308.0,4,8000,2560.0,640.0,2011-03-23 14:46:00,2011-11-02 11:24:00,37,223,0.017937219730941704,45.91928251121076
16309.0,2,467,706.57,16.823095238095238,2011-04-13 11:46:00,2011-08-25 15:35:00,105,134,0.014925373134328358,10.545820895522388
16311.0,2,394,616.26,16.655675675675674,2011-10-21 13:13:00,2011-11-22 08:54:00,17,31,0.06451612903225806,39.758709677419354
16313.0,2,165,274.15000000000003,17.134375000000002,2011-10-21 09:04:00,2011-12-06 13:02:00,2,46,0.043478260869565216,11.919565217391305
16315.0,1,75,226.37,16.169285714285714,2011-01-13 11:57:00,2011-01-13 11:57:00,330,1,1.0,226.37
16316.0,8,1484,2938.91,19.46298013245033,2010-12-16 14:26:00,2011-10-06 13:48:00,63,293,0.027303754266211604,80.24327645051194
16317.0,3,890,1341.65,19.444202898550724,2011-02-15 14:30:00,2011-08-12 12:46:00,119,177,0.01694915254237288,22.73983050847458
16318.0,1,199,328.15,17.271052631578947,2011-11-04 13:05:00,2011-11-04 13:05:00,34,1,1.0,328.15
16319.0,1,72,404.40000000000003,134.8,2011-05-06 11:27:00,2011-05-06 11:27:00,217,1,1.0,404.40000000000003
16320.0,2,732,1038.46,18.543928571428573,2011-05-10 15:31:00,2011-06-20 15:25:00,171,40,0.05,51.923
16321.0,5,135,373.65000000000003,31.137500000000003,2011-01-20 12:11:00,2011-09-28 14:55:00,71,251,0.0199203187250996,7.443227091633466
16322.0,2,231,326.75,8.83108108108108,2011-11-03 14:33:00,2011-12-08 15:41:00,0,35,0.05714285714285714,18.67142857142857
16323.0,1,50,207.50000000000003,207.50000000000003,2011-05-27 14:48:00,2011-05-27 14:48:00,195,1,1.0,207.50000000000003
16324.0,3,282,428.68,3.6328813559322035,2011-06-15 14:26:00,2011-08-03 12:58:00,127,48,0.0625,26.7925
16325.0,3,194,594.24,33.013333333333335,2011-04-08 09:20:00,2011-10-24 08:48:00,46,198,0.015151515151515152,9.003636363636364
16326.0,14,709,3110.96,9.752225705329154,2011-01-09 12:01:00,2011-12-04 10:11:00,5,328,0.042682926829268296,132.7848780487805
16327.0,6,2571,3844.22,12.050846394984326,2010-12-05 12:43:00,2011-11-25 13:23:00,13,355,0.016901408450704224,64.97273239436619
16330.0,3,147,251.91,6.4592307692307696,2011-08-19 17:08:00,2011-11-22 12:24:00,17,94,0.031914893617021274,8.03968085106383
16332.0,7,801,1593.2,10.413071895424837,2011-02-07 14:16:00,2011-11-11 14:22:00,27,277,0.02527075812274368,40.26137184115523
16333.0,22,32184,26626.8,591.7066666666667,2011-02-03 10:50:00,2011-12-02 12:19:00,7,302,0.0728476821192053,1939.7006622516556
16337.0,1,87,151.05,15.105,2011-11-03 10:03:00,2011-11-03 10:03:00,36,1,1.0,151.05
16338.0,1,94,214.79999999999998,19.527272727272727,2011-07-05 13:56:00,2011-07-05 13:56:00,156,1,1.0,214.79999999999998
16339.0,1,23,109.95,5.4975000000000005,2011-02-28 13:41:00,2011-02-28 13:41:00,283,1,1.0,109.95
16340.0,1,501,549.07,3.5886928104575166,2011-08-24 14:53:00,2011-08-24 14:53:00,106,1,1.0,549.07
16341.0,4,1398,1971.87,25.6087012987013,2011-05-22 13:20:00,2011-11-15 09:12:00,24,176,0.022727272727272728,44.81522727272727
16342.0,4,157,322.41,21.494000000000003,2011-06-13 10:10:00,2011-09-25 14:36:00,74,104,0.038461538461538464,12.400384615384617
16343.0,2,195,370.47999999999996,7.882553191489361,2011-11-23 17:43:00,2011-11-23 17:45:00,15,1,2.0,740.9599999999999
16344.0,1,18,101.10000000000001,50.550000000000004,2011-07-04 15:50:00,2011-07-04 15:50:00,157,1,1.0,101.10000000000001
16345.0,1,289,575.41,15.14236842105263,2011-10-26 16:03:00,2011-10-26 16:03:00,43,1,1.0,575.41
16347.0,2,353,887.65,9.648369565217392,2011-11-03 13:01:00,2011-11-28 13:14:00,10,25,0.08,71.012
16348.0,7,819,1469.45,6.252978723404255,2011-04-13 15:49:00,2011-11-07 15:44:00,31,207,0.033816425120772944,49.691545893719805
16349.0,1,9,53.5,5.944444444444445,2011-02-22 12:40:00,2011-02-22 12:40:00,290,1,1.0,53.5
16350.0,4,545,1116.47,19.58719298245614,2011-01-10 09:44:00,2011-11-18 15:53:00,20,312,0.01282051282051282,14.31371794871795
16351.0,1,90,153.9,19.2375,2011-01-11 10:26:00,2011-01-11 10:26:00,332,1,1.0,153.9
16352.0,2,300,494.44,17.658571428571427,2011-11-02 08:44:00,2011-11-22 10:32:00,17,20,0.1,49.444
16353.0,23,2006,6675.71,71.0181914893617,2010-12-05 12:09:00,2011-12-06 12:23:00,3,366,0.06284153005464481,419.5118306010929
16354.0,2,150,395.8,10.148717948717948,2011-09-27 16:28:00,2011-10-07 14:28:00,62,9,0.2222222222222222,87.95555555555555
16356.0,3,93,211.77,6.831290322580646,2011-03-07 12:31:00,2011-05-26 11:51:00,197,79,0.0379746835443038,8.041898734177217
16357.0,3,246,658.88,19.378823529411765,2011-05-10 10:35:00,2011-11-06 16:04:00,32,180,0.016666666666666666,10.981333333333334
16358.0,4,1302,2027.5,18.60091743119266,2011-06-08 15:05:00,2011-12-08 15:09:00,0,183,0.02185792349726776,44.31693989071038
16359.0,9,1183,1750.92,26.52909090909091,2011-01-12 10:49:00,2011-12-02 17:04:00,6,324,0.027777777777777776,48.63666666666666
16360.0,6,2144,3512.53,5.305936555891239,2011-09-12 13:50:00,2011-12-05 12:16:00,4,83,0.07228915662650602,253.91783132530122
16361.0,4,421,896.66,8.459056603773584,2011-09-29 13:13:00,2011-11-30 12:32:00,9,61,0.06557377049180328,58.79737704918033
16362.0,5,351,734.77,9.071234567901234,2011-09-09 14:47:00,2011-11-07 13:01:00,31,58,0.08620689655172414,63.342241379310344
16363.0,1,52,109.36000000000001,21.872000000000003,2011-10-17 14:14:00,2011-10-17 14:14:00,52,1,1.0,109.36000000000001
16364.0,2,280,707.04,13.340377358490565,2011-07-25 14:35:00,2011-11-28 11:27:00,11,125,0.016,11.31264
16365.0,9,504,1540.42,30.2043137254902,2010-12-07 17:19:00,2011-11-22 11:24:00,17,349,0.025787965616045846,39.72429799426934
16366.0,1,256,327.3,18.183333333333334,2011-11-21 08:19:00,2011-11-21 08:19:00,18,1,1.0,327.3
16367.0,2,647,804.49,6.188384615384615,2010-12-12 12:01:00,2011-11-02 13:13:00,36,325,0.006153846153846154,4.9507076923076925
16368.0,2,260,497.43,6.545131578947369,2011-11-11 15:08:00,2011-12-07 13:12:00,1,25,0.08,39.7944
16369.0,3,1035,1553.66,13.166610169491527,2011-05-27 09:39:00,2011-11-21 16:25:00,17,178,0.016853932584269662,26.185280898876407
16370.0,4,647,1320.56,5.791929824561404,2011-04-28 16:40:00,2011-09-18 15:55:00,81,142,0.028169014084507043,37.19887323943662
16372.0,2,166,367.93,3.7930927835051547,2011-11-06 12:50:00,2011-11-06 13:08:00,32,1,2.0,735.86
16374.0,2,240,473.03000000000003,4.261531531531531,2011-03-22 13:46:00,2011-10-04 15:21:00,65,196,0.01020408163265306,4.826836734693877
16376.0,2,694,987.01,7.8960799999999995,2011-11-22 16:47:00,2011-12-01 11:38:00,8,8,0.25,246.7525
16377.0,1,1500,676.2,135.24,2011-03-17 15:41:00,2011-03-17 15:41:00,266,1,1.0,676.2
16378.0,3,267,362.95,15.780434782608696,2011-02-02 12:42:00,2011-04-06 15:07:00,246,63,0.047619047619047616,17.28333333333333
16379.0,4,1410,2157.4,19.975925925925928,2011-09-22 09:33:00,2011-12-05 15:38:00,3,74,0.05405405405405406,116.61621621621623
16380.0,1,1524,1780.59,55.6434375,2011-10-09 15:40:00,2011-10-09 15:40:00,60,1,1.0,1780.59
16383.0,2,475,668.36,6.552549019607843,2011-03-16 13:00:00,2011-09-26 12:45:00,74,193,0.010362694300518135,6.926010362694301
16384.0,2,260,584.5,17.71212121212121,2011-03-21 10:13:00,2011-09-11 11:19:00,89,174,0.011494252873563218,6.718390804597701
16385.0,3,261,555.89,9.42186440677966,2010-12-08 12:56:00,2011-10-10 13:12:00,59,306,0.00980392156862745,5.449901960784313
16386.0,2,224,317.2,3.6045454545454545,2011-03-31 12:19:00,2011-11-11 12:28:00,28,225,0.008888888888888889,2.8195555555555556
16387.0,1,44,94.36,23.59,2011-01-21 11:34:00,2011-01-21 11:34:00,322,1,1.0,94.36
16389.0,4,1242,1382.07,40.64911764705882,2011-03-01 15:47:00,2011-10-17 14:41:00,52,229,0.017467248908296942,24.140960698689955
16392.0,1,203,221.19,4.915333333333333,2011-03-15 12:11:00,2011-03-15 12:11:00,269,1,1.0,221.19
16393.0,13,1576,3046.21,9.230939393939394,2010-12-05 13:10:00,2011-12-07 12:51:00,1,366,0.03551912568306011,108.19871584699453
16394.0,5,2604,1555.34,18.73903614457831,2011-02-23 10:58:00,2011-10-14 09:48:00,56,232,0.021551724137931036,33.52025862068965
16395.0,5,1476,1486.9,7.080476190476191,2011-01-13 12:10:00,2011-10-10 12:50:00,60,270,0.018518518518518517,27.535185185185185
16398.0,2,758,1705.8,20.802439024390242,2011-03-31 09:38:00,2011-07-08 15:16:00,153,99,0.020202020202020204,34.46060606060606
16399.0,2,264,408.57,5.596849315068493,2011-04-18 13:46:00,2011-11-20 16:12:00,18,216,0.009259259259259259,3.7830555555555554
16400.0,1,172,303.93,10.480344827586206,2011-09-06 12:27:00,2011-09-06 12:27:00,94,1,1.0,303.93
16401.0,12,3882,4098.32,22.033978494623653,2011-01-16 10:56:00,2011-12-08 18:15:00,0,326,0.03680981595092025,150.85840490797545
16402.0,2,149,299.6,4.993333333333334,2010-12-05 13:42:00,2011-03-20 12:25:00,264,104,0.019230769230769232,5.761538461538462
16403.0,1,114,177.5,17.75,2011-01-31 13:39:00,2011-01-31 13:39:00,311,1,1.0,177.5
16404.0,1,157,443.05,19.26304347826087,2011-09-30 14:55:00,2011-09-30 14:55:00,69,1,1.0,443.05
16405.0,2,187,167.25,33.45,2011-02-02 17:08:00,2011-02-10 15:24:00,301,7,0.2857142857142857,47.785714285714285
16406.0,1,122,163.07,2.6301612903225804,2011-11-21 11:57:00,2011-11-21 11:57:00,18,1,1.0,163.07
16407.0,10,1124,2126.93,12.365872093023254,2011-01-31 14:02:00,2011-11-27 11:05:00,12,299,0.033444816053511704,71.13478260869564
16409.0,5,1306,2028.88,8.745172413793103,2011-01-26 14:51:00,2011-11-03 16:45:00,35,281,0.017793594306049824,36.101067615658366
16411.0,2,132,214.65,4.7700000000000005,2010-12-05 13:26:00,2011-11-20 13:23:00,18,349,0.0057306590257879654,1.2300859598853868
16412.0,1,73,151.83,4.338,2011-10-17 12:35:00,2011-10-17 12:35:00,53,1,1.0,151.83
16413.0,1,148,262.2,8.458064516129031,2011-10-14 12:08:00,2011-10-14 12:08:00,56,1,1.0,262.2
16414.0,2,27,126.25,18.035714285714285,2011-03-04 13:27:00,2011-11-18 09:42:00,21,258,0.007751937984496124,0.9786821705426356
16415.0,1,187,210.35,3.89537037037037,2011-10-26 13:35:00,2011-10-26 13:35:00,43,1,1.0,210.35
16416.0,3,672,1051.4,14.808450704225354,2011-10-14 13:35:00,2011-11-13 12:50:00,26,29,0.10344827586206896,108.76551724137931
16418.0,3,288,675.27,6.620294117647059,2011-04-27 16:54:00,2011-10-26 12:39:00,44,181,0.016574585635359115,11.192320441988949
16419.0,6,436,972.23,19.063333333333333,2011-02-01 12:25:00,2011-08-19 12:33:00,112,199,0.03015075376884422,29.313467336683416
16422.0,51,33704,34684.4,93.99566395663958,2010-12-05 15:35:00,2011-11-22 14:00:00,16,351,0.1452991452991453,5039.613675213675
16423.0,1,230,346.12,19.22888888888889,2011-11-15 09:21:00,2011-11-15 09:21:00,24,1,1.0,346.12
16424.0,1,88,133.56,26.712,2011-06-01 13:40:00,2011-06-01 13:40:00,190,1,1.0,133.56
16425.0,1,199,302.7,14.414285714285715,2011-02-10 14:30:00,2011-02-10 14:30:00,301,1,1.0,302.7
16426.0,10,1243,1908.25,5.129704301075269,2011-03-08 15:45:00,2011-12-07 14:01:00,1,273,0.03663003663003663,69.8992673992674
16427.0,2,156,241.06,26.784444444444446,2011-02-28 15:18:00,2011-03-21 17:10:00,262,21,0.09523809523809523,22.958095238095236
16429.0,1,9,284.55,142.275,2011-08-25 13:54:00,2011-08-25 13:54:00,105,1,1.0,284.55
16430.0,1,103,300.85,50.14166666666667,2011-10-13 14:47:00,2011-10-13 14:47:00,56,1,1.0,300.85
16431.0,3,453,642.81,7.744698795180722,2011-02-15 14:02:00,2011-05-10 14:09:00,212,84,0.03571428571428571,22.957499999999996
16432.0,1,276,287.4,35.925,2011-10-06 13:59:00,2011-10-06 13:59:00,63,1,1.0,287.4
16433.0,1,106,184.26,10.838823529411764,2011-11-11 14:09:00,2011-11-11 14:09:00,27,1,1.0,184.26
16434.0,7,767,1522.25,13.965596330275229,2011-02-13 12:17:00,2011-11-10 14:28:00,28,270,0.025925925925925925,39.46574074074074
16438.0,5,463,798.35,6.04810606060606,2011-09-18 13:31:00,2011-12-04 10:51:00,5,76,0.06578947368421052,52.52302631578947
16440.0,5,2018,3640.67,12.91017730496454,2011-05-09 12:25:00,2011-12-02 12:02:00,7,206,0.024271844660194174,88.36577669902913
16441.0,2,173,381.2,15.883333333333333,2011-02-21 17:35:00,2011-10-03 17:48:00,66,224,0.008928571428571428,3.4035714285714285
16442.0,3,446,616.79,3.5447701149425286,2010-12-14 10:46:00,2011-12-08 11:43:00,1,359,0.008356545961002786,5.154233983286908
16444.0,4,407,654.67,7.793690476190475,2011-03-20 12:14:00,2011-10-24 13:50:00,45,218,0.01834862385321101,12.012293577981652
16445.0,1,111,230.51,3.658888888888889,2011-11-06 12:32:00,2011-11-06 12:32:00,33,1,1.0,230.51
16446.0,2,80997,168472.5,56157.5,2011-05-18 09:52:00,2011-12-09 09:15:00,0,204,0.00980392156862745,1651.6911764705883
16447.0,1,223,259.01,7.194722222222222,2011-07-27 12:45:00,2011-07-27 12:45:00,135,1,1.0,259.01
16448.0,1,78,188.89000000000001,9.444500000000001,2011-05-25 16:28:00,2011-05-25 16:28:00,197,1,1.0,188.89000000000001
16449.0,2,367,707.69,17.69225,2011-03-04 12:15:00,2011-05-26 10:25:00,197,82,0.024390243902439025,17.260731707317074
16450.0,1,200,311.92,28.35636363636364,2011-07-13 11:47:00,2011-07-13 11:47:00,149,1,1.0,311.92
16451.0,1,120,266.97,19.069285714285716,2011-09-13 09:17:00,2011-09-13 09:17:00,87,1,1.0,266.97
16454.0,2,3,6.9,3.45,2011-10-06 16:57:00,2011-10-26 11:40:00,44,19,0.10526315789473684,0.7263157894736842
16455.0,7,988,1841.18,18.59777777777778,2010-12-03 16:44:00,2011-10-07 12:17:00,63,307,0.02280130293159609,41.98130293159609
16456.0,5,1148,2158.37,19.444774774774775,2010-12-01 14:11:00,2011-09-01 13:50:00,98,273,0.018315018315018316,39.53058608058608
16457.0,1,140,208.36,23.151111111111113,2011-05-05 13:19:00,2011-05-05 13:19:00,217,1,1.0,208.36
16458.0,18,2154,3482.7400000000002,17.241287128712873,2010-12-14 11:51:00,2011-12-07 09:34:00,2,357,0.05042016806722689,175.6003361344538
16460.0,3,879,814.72,6.034962962962963,2011-09-19 10:15:00,2011-11-11 13:46:00,27,53,0.05660377358490566,46.116226415094346
16461.0,1,49,151.42,4.588484848484848,2011-06-15 12:07:00,2011-06-15 12:07:00,177,1,1.0,151.42
16462.0,3,16,136.0,45.333333333333336,2011-03-01 08:58:00,2011-09-27 10:24:00,73,210,0.014285714285714285,1.9428571428571428
16463.0,4,1163,1422.4,17.346341463414635,2011-05-19 14:45:00,2011-11-18 14:01:00,20,182,0.02197802197802198,31.261538461538468
16464.0,3,963,1314.68,5.570677966101695,2011-07-20 13:53:00,2011-11-20 12:11:00,19,122,0.02459016393442623,32.32819672131148
16466.0,7,789,1603.46,10.834189189189189,2011-02-20 11:39:00,2011-11-06 11:35:00,33,258,0.027131782945736434,43.504728682170544
16468.0,1,31,74.9,37.45,2011-09-26 14:13:00,2011-09-26 14:13:00,73,1,1.0,74.9
16469.0,4,273,650.43,3.5737912087912087,2011-04-07 13:11:00,2011-11-16 12:25:00,23,222,0.018018018018018018,11.719459459459458
16470.0,4,531,762.39,4.484647058823529,2010-12-16 11:53:00,2011-10-19 12:11:00,51,307,0.013029315960912053,9.933420195439739
16471.0,1,141,223.95000000000002,17.22692307692308,2011-03-10 09:41:00,2011-03-10 09:41:00,274,1,1.0,223.95000000000002
16473.0,3,196,316.11,17.561666666666667,2011-01-07 10:55:00,2011-06-28 09:10:00,164,171,0.017543859649122806,5.54578947368421
16474.0,7,943,1871.5,5.198611111111111,2011-07-17 14:51:00,2011-12-02 13:02:00,6,137,0.051094890510948905,95.62408759124088
16475.0,4,319,544.3,19.439285714285713,2011-03-11 09:39:00,2011-09-12 14:37:00,87,185,0.021621621621621623,11.768648648648648
16477.0,7,1415,2494.46,17.085342465753424,2010-12-03 12:48:00,2011-10-07 09:44:00,63,307,0.02280130293159609,56.87693811074919
16478.0,3,224,331.0,19.470588235294116,2011-10-05 12:02:00,2011-11-14 15:51:00,24,40,0.075,24.825
16479.0,2,102,300.83,8.595142857142857,2011-11-29 13:04:00,2011-11-29 13:40:00,9,1,2.0,601.66
16480.0,1,455,769.29,14.514905660377357,2011-09-25 11:40:00,2011-09-25 11:40:00,75,1,1.0,769.29
16482.0,1,346,220.62,12.256666666666668,2011-11-24 12:33:00,2011-11-24 12:33:00,15,1,1.0,220.62
16483.0,1,44,139.35,7.334210526315789,2011-05-31 13:08:00,2011-05-31 13:08:00,191,1,1.0,139.35
16484.0,2,200,404.3,16.172,2011-06-02 10:39:00,2011-06-19 12:06:00,173,17,0.11764705882352941,47.56470588235294
16485.0,1,235,363.65,8.658333333333333,2011-09-23 15:50:00,2011-09-23 15:50:00,76,1,1.0,363.65
16488.0,3,728,498.8,17.2,2011-07-14 11:46:00,2011-11-06 13:42:00,32,115,0.02608695652173913,13.012173913043478
16491.0,1,478,731.5,18.756410256410255,2011-10-24 10:18:00,2011-10-24 10:18:00,46,1,1.0,731.5
16493.0,4,1164,1351.63,24.13625,2011-01-14 08:16:00,2011-09-21 11:10:00,79,250,0.016,21.62608
16494.0,1,675,826.53,16.5306,2011-02-16 12:49:00,2011-02-16 12:49:00,296,1,1.0,826.53
16495.0,3,337,684.41,7.055773195876288,2011-03-08 16:38:00,2011-12-06 13:20:00,2,272,0.011029411764705883,7.548639705882353
16496.0,3,1111,1599.52,16.837052631578945,2011-01-27 09:42:00,2011-12-01 10:31:00,8,308,0.00974025974025974,15.579740259740259
16497.0,6,1396,2965.69,21.80654411764706,2011-01-10 13:20:00,2011-10-21 10:55:00,49,283,0.02120141342756184,62.87681978798587
16498.0,2,45,100.97,6.731333333333334,2011-06-30 19:52:00,2011-07-01 15:07:00,160,1,2.0,201.94
16499.0,2,127,365.45,19.23421052631579,2010-12-10 10:27:00,2010-12-14 13:31:00,359,4,0.5,182.725
16500.0,6,123,400.86,36.441818181818185,2011-01-13 10:28:00,2011-12-05 12:04:00,4,326,0.018404907975460124,7.377791411042946
16503.0,4,569,1431.93,17.046785714285715,2010-12-14 13:50:00,2011-08-25 11:46:00,106,253,0.015810276679841896,22.639209486166006
16504.0,1,524,484.38,5.632325581395349,2011-11-14 15:18:00,2011-11-14 15:18:00,24,1,1.0,484.38
16505.0,1,576,777.6,194.4,2011-11-08 12:14:00,2011-11-08 12:14:00,31,1,1.0,777.6
16506.0,2,42,90.30000000000001,30.100000000000005,2011-10-30 15:50:00,2011-11-20 12:17:00,19,20,0.1,9.030000000000001
16509.0,1,64,363.7,27.976923076923075,2011-02-16 09:25:00,2011-02-16 09:25:00,296,1,1.0,363.7
16510.0,1,92,248.1,19.084615384615383,2010-12-02 13:39:00,2010-12-02 13:39:00,371,1,1.0,248.1
16511.0,3,417,950.26,5.6228402366863905,2011-03-18 11:24:00,2011-11-18 10:41:00,21,244,0.012295081967213115,11.683524590163934
16513.0,4,407,874.59,24.988285714285716,2011-10-27 14:56:00,2011-12-05 10:18:00,4,38,0.10526315789473684,92.06210526315789
16515.0,5,833,1627.13,14.399380530973453,2011-02-01 13:09:00,2011-10-18 13:10:00,51,259,0.019305019305019305,31.411776061776063
16516.0,1,58,101.69999999999999,16.95,2011-11-09 14:59:00,2011-11-09 14:59:00,29,1,1.0,101.69999999999999
16517.0,1,96,162.7,9.570588235294117,2011-03-07 13:50:00,2011-03-07 13:50:00,276,1,1.0,162.7
16518.0,2,327,484.32,12.108,2011-02-28 16:36:00,2011-10-09 15:04:00,60,222,0.009009009009009009,4.363243243243243
16519.0,2,54,215.07999999999998,16.544615384615383,2010-12-09 14:08:00,2011-11-14 15:41:00,24,340,0.0058823529411764705,1.2651764705882351
16520.0,3,558,1046.57,6.708782051282051,2010-12-09 13:08:00,2011-06-06 13:24:00,185,179,0.01675977653631285,17.540279329608936
16523.0,21,4265,9418.470000000001,32.477482758620695,2011-01-28 12:06:00,2011-12-08 09:06:00,1,313,0.0670926517571885,631.9101277955272
16525.0,26,7397,13027.45,71.18825136612023,2010-12-08 11:31:00,2011-12-07 15:07:00,1,364,0.07142857142857142,930.5321428571428
16526.0,1,106,290.36,19.357333333333333,2011-06-21 12:02:00,2011-06-21 12:02:00,171,1,1.0,290.36
16527.0,1,106,228.06,16.29,2011-09-19 16:21:00,2011-09-19 16:21:00,80,1,1.0,228.06
16528.0,1,171,244.41,14.377058823529412,2011-12-06 12:45:00,2011-12-06 12:45:00,3,1,1.0,244.41
16529.0,1,198,455.25,15.175,2011-06-02 17:23:00,2011-06-02 17:23:00,189,1,1.0,455.25
16531.0,7,915,1244.59,16.163506493506492,2010-12-14 13:19:00,2011-11-17 16:29:00,21,338,0.020710059171597635,25.7755325443787
16532.0,3,2016,6748.8,1687.2,2011-01-05 12:37:00,2011-11-22 11:08:00,17,320,0.009375,63.269999999999996
16533.0,3,612,1095.56,6.189604519774011,2011-10-02 15:07:00,2011-11-20 13:08:00,18,48,0.0625,68.4725
16535.0,1,356,593.75,19.153225806451612,2011-12-04 15:18:00,2011-12-04 15:18:00,4,1,1.0,593.75
16536.0,1,251,548.97,9.981272727272728,2011-08-21 15:54:00,2011-08-21 15:54:00,109,1,1.0,548.97
16539.0,4,477,1388.81,30.862444444444442,2010-12-01 15:40:00,2011-12-07 08:41:00,2,370,0.010810810810810811,15.014162162162162
16542.0,1,46,119.62,23.924,2011-10-17 10:47:00,2011-10-17 10:47:00,53,1,1.0,119.62
16545.0,1,78,339.3,113.10000000000001,2011-06-28 10:37:00,2011-06-28 10:37:00,164,1,1.0,339.3
16546.0,2,549,787.15,31.486,2010-12-02 12:07:00,2011-02-22 11:20:00,290,81,0.024691358024691357,19.4358024691358
16549.0,10,2365,4154.64,4.235107033639144,2011-01-09 14:03:00,2011-11-29 15:06:00,9,324,0.030864197530864196,128.22962962962964
16550.0,5,1540,2298.97,9.159243027888445,2010-12-06 13:53:00,2011-08-23 11:12:00,108,259,0.019305019305019305,44.38166023166023
16551.0,3,970,922.12,28.81625,2011-01-07 10:24:00,2011-09-05 09:38:00,95,240,0.0125,11.5265
16552.0,2,219,379.73,22.337058823529414,2010-12-01 12:36:00,2011-04-11 10:04:00,242,130,0.015384615384615385,5.8420000000000005
16553.0,12,4600,5719.82,68.09309523809523,2010-12-14 13:58:00,2011-06-29 15:42:00,162,197,0.06091370558375635,348.4154314720812
16554.0,3,402,837.1,16.098076923076924,2011-01-12 12:41:00,2011-10-28 14:51:00,41,289,0.010380622837370242,8.689619377162629
16555.0,2,175,285.89,16.81705882352941,2011-08-22 12:32:00,2011-11-04 14:31:00,34,74,0.02702702702702703,7.726756756756757
16556.0,7,1890,3313.79,16.008647342995168,2010-12-14 13:32:00,2011-10-04 11:36:00,66,293,0.023890784982935155,79.16904436860068
16557.0,2,111,281.85,25.622727272727275,2011-07-25 13:28:00,2011-11-15 14:04:00,23,113,0.017699115044247787,4.988495575221239
16558.0,20,5377,8338.49,18.127152173913043,2010-12-08 12:01:00,2011-12-09 10:20:00,0,365,0.0547945205479452,456.9035616438356
16560.0,2,500,841.41,15.02517857142857,2010-12-16 14:36:00,2011-11-13 10:35:00,26,331,0.006042296072507553,5.0840483383685795
16561.0,2,244,511.12,16.48774193548387,2011-10-11 09:53:00,2011-12-04 11:50:00,5,54,0.037037037037037035,18.93037037037037
16563.0,1,486,1077.74,56.72315789473684,2011-10-17 11:51:00,2011-10-17 11:51:00,53,1,1.0,1077.74
16565.0,1,46,173.7,57.9,2010-12-10 15:21:00,2010-12-10 15:21:00,363,1,1.0,173.7
16566.0,5,362,614.66,34.147777777777776,2011-02-20 10:29:00,2011-11-24 16:34:00,14,277,0.018050541516245487,11.09494584837545
16567.0,2,996,865.6,24.731428571428573,2011-01-07 09:31:00,2011-05-29 13:57:00,193,142,0.014084507042253521,12.191549295774648
16569.0,1,93,124.2,24.84,2011-12-06 15:32:00,2011-12-06 15:32:00,2,1,1.0,124.2
16570.0,10,2112,3738.4,29.66984126984127,2011-02-01 10:37:00,2011-11-24 17:02:00,14,296,0.033783783783783786,126.2972972972973
16571.0,3,1239,1421.69,16.34126436781609,2011-03-03 09:41:00,2011-11-13 11:46:00,26,255,0.011764705882352941,16.725764705882355
16572.0,3,532,1009.6,17.712280701754388,2011-03-09 12:04:00,2011-08-04 16:34:00,126,148,0.02027027027027027,20.464864864864868
16573.0,2,360,663.61,15.800238095238095,2011-02-22 15:14:00,2011-09-16 09:13:00,84,205,0.00975609756097561,6.474243902439024
16574.0,1,416,451.44,16.122857142857143,2011-09-29 13:39:00,2011-09-29 13:39:00,70,1,1.0,451.44
16581.0,1,134,105.84,11.76,2011-06-10 10:05:00,2011-06-10 10:05:00,182,1,1.0,105.84
16582.0,1,164,313.62,52.27,2011-08-18 17:02:00,2011-08-18 17:02:00,112,1,1.0,313.62
16583.0,1,111,233.45,16.675,2010-12-01 12:03:00,2010-12-01 12:03:00,373,1,1.0,233.45
16584.0,2,646,936.08,33.431428571428576,2011-03-30 13:14:00,2011-09-20 13:45:00,79,174,0.011494252873563218,10.759540229885058
16586.0,1,95,463.95,57.99375,2011-04-05 09:32:00,2011-04-05 09:32:00,248,1,1.0,463.95
16587.0,1,71,225.15,17.31923076923077,2011-04-21 15:51:00,2011-04-21 15:51:00,231,1,1.0,225.15
16589.0,3,368,459.24,13.916363636363636,2011-07-01 13:31:00,2011-09-29 14:50:00,70,90,0.03333333333333333,15.308
16591.0,1,41,213.5,21.35,2011-10-02 10:43:00,2011-10-02 10:43:00,68,1,1.0,213.5
16592.0,16,2927,4113.68,19.044814814814817,2011-02-25 10:19:00,2011-12-05 13:49:00,3,283,0.05653710247349823,232.57554770318023
16593.0,3,116,330.03,12.223333333333333,2011-01-16 12:11:00,2011-10-20 12:41:00,50,277,0.010830324909747292,3.5743321299638984
16594.0,1,64,181.09,3.416792452830189,2011-09-25 14:08:00,2011-09-25 14:08:00,74,1,1.0,181.09
16595.0,1,335,360.16,4.237176470588236,2011-10-09 13:15:00,2011-10-09 13:15:00,60,1,1.0,360.16
16596.0,2,97,250.15,20.845833333333335,2010-12-08 16:18:00,2011-11-24 10:02:00,15,350,0.005714285714285714,1.4294285714285715
16597.0,1,184,90.04,12.862857142857143,2011-12-05 15:44:00,2011-12-05 15:44:00,3,1,1.0,90.04
16598.0,1,73,145.04999999999998,14.504999999999999,2011-02-27 11:42:00,2011-02-27 11:42:00,285,1,1.0,145.04999999999998
16600.0,6,1145,813.52,13.121290322580645,2011-01-05 12:13:00,2011-12-05 16:00:00,3,334,0.017964071856287425,14.614131736526945
16601.0,1,134,244.79999999999998,7.896774193548387,2011-10-30 11:09:00,2011-10-30 11:09:00,40,1,1.0,244.79999999999998
16602.0,1,336,528.08,18.209655172413793,2011-11-03 15:54:00,2011-11-03 15:54:00,35,1,1.0,528.08
16603.0,2,480,482.47,14.19029411764706,2011-09-09 13:02:00,2011-09-26 10:06:00,74,16,0.125,60.30875
16607.0,14,2859,3347.71,19.46343023255814,2010-12-16 08:41:00,2011-11-22 10:24:00,17,341,0.04105571847507331,137.44263929618768
16609.0,7,2420,5493.46,19.903840579710145,2011-04-01 10:11:00,2011-11-24 13:32:00,14,237,0.029535864978902954,162.25409282700423
16610.0,1,66,75.66,12.61,2011-05-04 13:13:00,2011-05-04 13:13:00,218,1,1.0,75.66
16611.0,1,47,129.49,12.949000000000002,2011-06-06 15:46:00,2011-06-06 15:46:00,185,1,1.0,129.49
16612.0,4,506,1187.66,17.994848484848486,2011-02-01 10:38:00,2011-11-07 07:38:00,32,278,0.014388489208633094,17.088633093525182
16613.0,1,293,618.59,20.619666666666667,2011-09-30 15:52:00,2011-09-30 15:52:00,69,1,1.0,618.59
16614.0,1,223,506.19,19.468846153846155,2011-06-10 11:36:00,2011-06-10 11:36:00,182,1,1.0,506.19
16616.0,2,370,500.42,15.164242424242424,2011-07-05 13:38:00,2011-11-24 16:31:00,14,142,0.014084507042253521,7.0481690140845075
16617.0,1,91,151.85,30.369999999999997,2011-04-18 10:35:00,2011-04-18 10:35:00,235,1,1.0,151.85
16618.0,5,1363,2647.59,27.579062500000003,2011-01-21 11:55:00,2011-11-08 13:52:00,30,291,0.01718213058419244,45.491237113402065
16619.0,1,133,226.21,16.157857142857143,2011-03-21 08:18:00,2011-03-21 08:18:00,263,1,1.0,226.21
16620.0,2,88,178.96,19.884444444444444,2011-03-24 10:37:00,2011-12-06 12:19:00,3,257,0.007782101167315175,1.3926848249027237
16621.0,4,302,813.48,28.05103448275862,2011-03-07 11:32:00,2011-10-19 11:38:00,51,226,0.017699115044247787,14.39787610619469
16623.0,1,39,129.45,25.889999999999997,2011-04-08 10:09:00,2011-04-08 10:09:00,245,1,1.0,129.45
16624.0,2,488,810.5699999999999,16.886875,2011-05-26 14:20:00,2011-09-20 12:39:00,80,116,0.017241379310344827,13.975344827586206
16625.0,1,164,333.08,14.481739130434782,2011-03-10 12:50:00,2011-03-10 12:50:00,274,1,1.0,333.08
16626.0,17,2690,4413.1,24.65418994413408,2011-03-18 12:27:00,2011-12-09 11:56:00,0,265,0.06415094339622641,283.10452830188683
16627.0,1,162,322.8,16.14,2011-09-21 14:38:00,2011-09-21 14:38:00,78,1,1.0,322.8
16628.0,5,1205,2188.05,18.701282051282053,2011-04-19 08:55:00,2011-11-10 12:45:00,29,205,0.024390243902439025,53.367073170731715
16629.0,2,493,417.73,6.52703125,2011-09-04 16:12:00,2011-09-27 10:34:00,73,22,0.09090909090909091,37.97545454545455
16633.0,6,1138,2883.1,18.967763157894737,2011-04-19 14:36:00,2011-11-22 13:41:00,16,216,0.027777777777777776,80.08611111111111
16634.0,2,82,217.9,24.211111111111112,2010-12-02 17:41:00,2011-05-01 12:09:00,222,149,0.013422818791946308,2.9248322147651007
16637.0,4,927,1154.47,16.73144927536232,2011-04-28 10:20:00,2011-11-07 13:17:00,31,193,0.02072538860103627,23.926839378238345
16638.0,10,1255,1680.72,17.88,2010-12-06 10:19:00,2011-11-17 11:09:00,22,346,0.028901734104046242,48.575722543352605
16639.0,3,510,1257.51,25.150199999999998,2011-04-18 09:31:00,2011-11-08 13:20:00,30,204,0.014705882352941176,18.49279411764706
16641.0,1,256,231.10000000000002,19.258333333333336,2011-08-26 12:49:00,2011-08-26 12:49:00,105,1,1.0,231.10000000000002
16642.0,2,479,688.33,20.245,2011-05-16 12:35:00,2011-12-05 11:31:00,4,202,0.009900990099009901,6.815148514851486
16643.0,1,269,487.51,18.055925925925926,2011-04-08 08:24:00,2011-04-08 08:24:00,245,1,1.0,487.51
16644.0,2,826,833.78,13.448064516129032,2011-05-11 12:53:00,2011-06-15 12:39:00,177,34,0.058823529411764705,49.04588235294118
16647.0,2,146,214.06,15.290000000000001,2011-05-19 09:31:00,2011-06-23 11:47:00,169,35,0.05714285714285714,12.232
16648.0,1,281,290.65999999999997,15.297894736842103,2011-10-28 08:58:00,2011-10-28 08:58:00,42,1,1.0,290.65999999999997
16650.0,1,372,518.42,21.60083333333333,2011-09-29 09:51:00,2011-09-29 09:51:00,71,1,1.0,518.42
16652.0,7,3283,6773.97,57.406525423728816,2011-03-11 13:13:00,2011-10-12 09:38:00,58,214,0.03271028037383177,221.57845794392523
16653.0,2,733,1212.66,17.574782608695653,2011-09-29 13:38:00,2011-11-23 14:51:00,15,55,0.03636363636363636,44.09672727272727
16654.0,4,282,601.27,20.733448275862067,2010-12-06 15:09:00,2011-07-21 15:23:00,140,227,0.01762114537444934,10.595066079295155
16655.0,6,2367,3794.52,14.538390804597702,2011-01-12 10:16:00,2011-11-22 11:25:00,17,314,0.01910828025477707,72.50675159235668
16656.0,15,8894,8625.8,118.16164383561643,2010-12-10 11:23:00,2011-11-17 14:43:00,21,342,0.043859649122807015,378.3245614035087
16657.0,4,1229,933.62,4.488557692307692,2011-03-30 12:02:00,2011-11-30 11:48:00,9,244,0.01639344262295082,15.305245901639346
16658.0,1,40,123.24,15.405,2010-12-06 13:47:00,2010-12-06 13:47:00,367,1,1.0,123.24
16659.0,1,72,39.12,19.56,2011-06-03 15:03:00,2011-06-03 15:03:00,188,1,1.0,39.12
16660.0,4,571,1267.6499999999999,79.22812499999999,2011-01-24 12:44:00,2011-11-23 14:53:00,15,303,0.013201320132013201,16.734653465346533
16665.0,1,59,135.39999999999998,15.044444444444443,2010-12-12 14:03:00,2010-12-12 14:03:00,361,1,1.0,135.39999999999998
16666.0,1,233,118.98,3.718125,2011-11-20 14:01:00,2011-11-20 14:01:00,18,1,1.0,118.98
16667.0,2,237,570.13,10.757169811320754,2011-02-28 12:57:00,2011-10-02 15:26:00,67,216,0.009259259259259259,5.278981481481481
16668.0,6,318,306.71999999999997,15.335999999999999,2011-02-28 12:46:00,2011-11-24 17:43:00,14,269,0.022304832713754646,6.841338289962824
16669.0,3,888,1374.8700000000001,8.592937500000001,2011-09-22 14:13:00,2011-11-16 12:26:00,23,54,0.05555555555555555,76.38166666666667
16670.0,11,2556,4095.9,16.25357142857143,2010-12-16 10:30:00,2011-11-23 09:34:00,16,341,0.03225806451612903,132.1258064516129
16671.0,3,875,1692.27,282.045,2011-06-28 11:20:00,2011-11-11 13:40:00,27,136,0.022058823529411766,37.329485294117646
16672.0,20,2832,8134.9400000000005,71.35912280701754,2011-03-18 10:15:00,2011-12-07 16:29:00,1,264,0.07575757575757576,616.2833333333334
16674.0,2,188,319.61,3.261326530612245,2011-09-02 13:59:00,2011-10-16 11:31:00,54,43,0.046511627906976744,14.865581395348837
16676.0,4,636,1592.1200000000001,17.888988764044946,2011-01-06 13:00:00,2011-11-06 12:01:00,33,303,0.013201320132013201,21.01808580858086
16678.0,12,2397,3109.99,19.07969325153374,2011-03-02 09:24:00,2011-12-07 12:17:00,2,280,0.04285714285714286,133.28528571428572
16679.0,1,29,129.75,43.25,2010-12-08 13:51:00,2010-12-08 13:51:00,365,1,1.0,129.75
16680.0,1,94,183.7,18.369999999999997,2011-10-27 17:35:00,2011-10-27 17:35:00,42,1,1.0,183.7
16681.0,6,1407,1770.34,40.235,2011-03-31 13:46:00,2011-09-28 11:11:00,72,180,0.03333333333333333,59.01133333333333
16682.0,5,1040,1028.0,34.266666666666666,2011-06-05 11:02:00,2011-12-05 12:13:00,4,183,0.0273224043715847,28.08743169398907
16684.0,28,50255,66653.56,240.6265703971119,2010-12-16 17:34:00,2011-12-05 14:06:00,3,353,0.07932011331444759,5286.967932011331
16685.0,2,396,324.24,5.2296774193548385,2011-10-09 13:44:00,2011-10-09 13:58:00,60,1,2.0,648.48
16686.0,7,2030,3062.83,5.235606837606838,2010-12-19 14:41:00,2011-10-23 13:49:00,46,307,0.02280130293159609,69.83651465798046
16688.0,4,804,1260.86,20.336451612903225,2011-10-10 12:23:00,2011-12-08 15:24:00,0,59,0.06779661016949153,85.48203389830508
16689.0,2,330,422.59999999999997,32.5076923076923,2011-09-18 13:29:00,2011-09-25 11:39:00,75,6,0.3333333333333333,140.86666666666665
16690.0,2,138,225.57999999999998,18.798333333333332,2011-05-22 10:53:00,2011-09-28 15:02:00,71,129,0.015503875968992248,3.497364341085271
16692.0,2,152,1276.0,425.3333333333333,2011-02-23 15:41:00,2011-03-28 14:46:00,255,32,0.0625,79.75
16693.0,2,204,482.01,8.0335,2011-03-13 11:06:00,2011-10-02 11:10:00,68,203,0.009852216748768473,4.748866995073891
16696.0,4,146,657.9000000000001,65.79,2011-04-05 15:20:00,2011-07-27 14:23:00,134,112,0.03571428571428571,23.496428571428574
16697.0,1,27,112.75,5.369047619047619,2011-04-12 17:12:00,2011-04-12 17:12:00,240,1,1.0,112.75
16698.0,2,840,1998.0,399.6,2011-03-31 13:33:00,2011-04-27 10:52:00,226,26,0.07692307692307693,153.6923076923077
16700.0,13,4024,5076.55,16.482305194805196,2010-12-08 16:34:00,2011-12-01 11:00:00,8,357,0.036414565826330535,184.86036414565828
16701.0,13,6393,5398.3,37.488194444444446,2010-12-13 11:51:00,2011-12-01 11:10:00,8,352,0.036931818181818184,199.3690340909091
16705.0,20,5476,14034.99,51.98144444444444,2010-12-16 10:51:00,2011-12-09 12:08:00,0,358,0.055865921787709494,784.0776536312849
16706.0,3,249,531.35,4.319918699186992,2011-08-17 15:53:00,2011-11-02 13:50:00,36,76,0.039473684210526314,20.97434210526316
16708.0,1,285,656.63,24.31962962962963,2011-10-25 12:20:00,2011-10-25 12:20:00,45,1,1.0,656.63
16709.0,5,851,3029.87,38.35278481012658,2011-03-03 10:55:00,2011-09-16 10:56:00,84,197,0.025380710659898477,76.9002538071066
16710.0,10,1836,2483.04,6.1767164179104475,2010-12-06 13:13:00,2011-11-20 14:50:00,18,349,0.02865329512893983,71.14727793696275
16711.0,5,833,1651.03,75.04681818181818,2010-12-17 12:43:00,2011-12-06 16:32:00,2,354,0.014124293785310734,23.319632768361583
16712.0,11,1749,3645.43,8.155324384787471,2011-03-08 15:07:00,2011-11-30 13:48:00,8,266,0.041353383458646614,150.75086466165413
16713.0,15,4276,6923.13,11.094759615384616,2010-12-08 13:01:00,2011-11-21 12:36:00,18,347,0.043227665706051875,299.2707492795389
16714.0,3,610,1161.53,12.489569892473117,2011-01-26 13:40:00,2011-05-05 11:09:00,218,98,0.030612244897959183,35.55704081632653
16715.0,1,642,301.71999999999997,15.879999999999999,2011-09-22 18:15:00,2011-09-22 18:15:00,77,1,1.0,301.71999999999997
16716.0,2,120,901.2,450.6,2011-02-01 15:35:00,2011-03-18 10:03:00,266,44,0.045454545454545456,40.96363636363637
16717.0,6,1866,3858.38,19.38884422110553,2010-12-08 16:48:00,2011-11-16 12:16:00,23,342,0.017543859649122806,67.69087719298246
16718.0,1,413,623.75,13.86111111111111,2010-12-05 13:03:00,2010-12-05 13:03:00,368,1,1.0,623.75
16719.0,7,1204,1790.42,8.907562189054726,2010-12-06 12:06:00,2011-11-25 09:27:00,14,353,0.019830028328611898,35.50407932011331
16720.0,1,182,155.24,5.74962962962963,2011-11-13 16:22:00,2011-11-13 16:22:00,25,1,1.0,155.24
16721.0,1,172,292.47,7.904594594594595,2011-03-22 16:08:00,2011-03-22 16:08:00,261,1,1.0,292.47
16722.0,13,5001,4730.81,21.025822222222224,2010-12-06 12:59:00,2011-11-22 13:28:00,16,351,0.037037037037037035,175.2151851851852
16723.0,2,399,589.15,13.701162790697675,2011-08-24 11:31:00,2011-09-09 13:01:00,90,16,0.125,73.64375
16725.0,7,294,781.02,5.172317880794702,2010-12-03 16:02:00,2011-02-10 16:52:00,301,69,0.10144927536231885,79.23391304347827
16726.0,5,977,1382.02,7.470378378378379,2010-12-13 13:28:00,2011-11-13 14:53:00,25,335,0.014925373134328358,20.627164179104476
16727.0,1,177,272.82,5.9308695652173915,2010-12-10 13:48:00,2010-12-10 13:48:00,363,1,1.0,272.82
16728.0,4,677,1054.67,3.9207063197026026,2011-03-20 13:28:00,2011-10-24 14:36:00,45,218,0.01834862385321101,19.351743119266057
16729.0,21,5783,7239.92,10.969575757575758,2011-04-12 14:22:00,2011-11-01 14:29:00,37,203,0.10344827586206896,748.9572413793103
16730.0,3,994,743.11,9.062317073170732,2011-01-24 14:01:00,2011-10-18 14:11:00,51,267,0.011235955056179775,8.349550561797752
16732.0,1,317,603.75,21.5625,2011-11-08 09:54:00,2011-11-08 09:54:00,31,1,1.0,603.75
16734.0,3,346,650.51,12.27377358490566,2011-08-17 15:00:00,2011-10-18 13:44:00,51,61,0.04918032786885246,31.992295081967214
16735.0,5,1573,2300.56,18.40448,2011-01-09 12:53:00,2011-09-22 11:49:00,78,255,0.0196078431372549,45.10901960784314
16737.0,1,288,417.59999999999997,417.59999999999997,2011-10-17 13:03:00,2011-10-17 13:03:00,52,1,1.0,417.59999999999997
16738.0,1,3,3.75,3.75,2011-02-15 09:46:00,2011-02-15 09:46:00,297,1,1.0,3.75
16739.0,1,172,323.0,24.846153846153847,2011-06-16 09:17:00,2011-06-16 09:17:00,176,1,1.0,323.0
16742.0,1,1,464.9,464.9,2011-10-24 12:02:00,2011-10-24 12:02:00,46,1,1.0,464.9
16743.0,7,2047,2238.09,11.717748691099477,2010-12-16 12:15:00,2011-11-10 13:13:00,28,329,0.02127659574468085,47.61893617021277
16744.0,7,805,1304.76,5.391570247933884,2011-06-19 15:13:00,2011-11-28 13:06:00,10,161,0.043478260869565216,56.72869565217391
16745.0,17,6735,7194.3,20.152100840336136,2011-02-01 11:31:00,2011-09-14 11:58:00,86,225,0.07555555555555556,543.5693333333334
16746.0,18,4665,6697.66,14.91683741648107,2010-12-16 11:43:00,2011-12-05 12:33:00,4,354,0.05084745762711865,340.5589830508475
16747.0,2,583,836.06,19.906190476190474,2011-10-03 10:18:00,2011-11-02 11:37:00,37,30,0.06666666666666667,55.73733333333333
16748.0,5,880,1515.9,21.969565217391306,2011-01-09 13:50:00,2011-11-22 10:17:00,17,316,0.015822784810126583,23.98575949367089
16750.0,5,214,623.93,6.567684210526315,2011-04-21 16:53:00,2011-10-26 12:48:00,44,187,0.026737967914438502,16.682620320855612
16751.0,1,1031,1764.72,70.5888,2011-11-09 10:48:00,2011-11-09 10:48:00,30,1,1.0,1764.72
16752.0,1,54,207.5,23.055555555555557,2010-12-02 12:18:00,2010-12-02 12:18:00,372,1,1.0,207.5
16753.0,1,189,223.92000000000002,6.5858823529411765,2011-10-12 13:14:00,2011-10-12 13:14:00,57,1,1.0,223.92000000000002
16754.0,1,4280,2002.4,1001.2,2010-12-02 17:38:00,2010-12-02 17:38:00,371,1,1.0,2002.4
16755.0,3,1064,1496.83,8.804882352941176,2011-01-28 10:47:00,2011-08-17 13:21:00,113,201,0.014925373134328358,22.340746268656716
16756.0,1,106,239.4,18.415384615384617,2011-05-09 09:33:00,2011-05-09 09:33:00,214,1,1.0,239.4
16757.0,1,81,106.83000000000001,15.261428571428572,2011-01-25 11:59:00,2011-01-25 11:59:00,318,1,1.0,106.83000000000001
16758.0,1,203,369.34000000000003,16.78818181818182,2011-10-05 14:47:00,2011-10-05 14:47:00,64,1,1.0,369.34000000000003
16759.0,3,609,789.79,18.804523809523808,2011-11-09 09:06:00,2011-12-02 12:42:00,7,23,0.13043478260869565,103.01608695652173
16761.0,1,341,316.62,24.355384615384615,2011-09-04 11:15:00,2011-09-04 11:15:00,96,1,1.0,316.62
16762.0,3,618,1501.38,16.869438202247192,2011-07-18 12:52:00,2011-11-20 11:43:00,19,124,0.024193548387096774,36.32370967741936
16763.0,1,319,611.85,26.60217391304348,2011-05-25 11:52:00,2011-05-25 11:52:00,198,1,1.0,611.85
16764.0,13,1259,2799.25,3.9649433427762037,2011-07-19 17:17:00,2011-12-06 11:41:00,3,139,0.09352517985611511,261.8003597122302
16765.0,1,4,34.0,34.0,2011-02-18 15:41:00,2011-02-18 15:41:00,293,1,1.0,34.0
16766.0,2,536,1145.6,33.69411764705882,2011-03-11 13:34:00,2011-03-11 15:22:00,272,1,2.0,2291.2
16767.0,11,4435,5580.6,25.13783783783784,2011-01-27 13:38:00,2011-11-09 09:42:00,30,285,0.03859649122807018,215.39157894736846
16768.0,3,196,478.09000000000003,8.85351851851852,2011-03-13 10:25:00,2011-10-23 10:38:00,47,224,0.013392857142857142,6.402991071428572
16769.0,1,83,380.39,9.50975,2011-03-24 13:41:00,2011-03-24 13:41:00,259,1,1.0,380.39
16770.0,5,464,770.1,5.311034482758621,2010-12-02 15:49:00,2011-10-13 12:21:00,57,314,0.01592356687898089,12.262738853503185
16771.0,5,1489,2246.81,8.811019607843138,2011-01-05 13:57:00,2011-11-06 13:28:00,32,304,0.01644736842105263,36.95411184210526
16773.0,1,171,171.59,6.599615384615385,2011-10-13 14:37:00,2011-10-13 14:37:00,56,1,1.0,171.59
16774.0,4,322,661.52,13.781666666666666,2011-06-14 12:45:00,2011-10-03 12:41:00,67,110,0.03636363636363636,24.055272727272726
16775.0,11,440,1695.66,10.732025316455697,2010-12-07 15:15:00,2011-11-29 15:22:00,9,357,0.03081232492997199,52.24722689075631
16776.0,1,262,388.28,5.1089473684210525,2011-10-10 13:04:00,2011-10-10 13:04:00,59,1,1.0,388.28
16777.0,2,64,226.35,4.527,2011-03-27 14:34:00,2011-09-20 13:41:00,79,176,0.011363636363636364,2.572159090909091
16778.0,2,194,245.94,15.37125,2011-03-10 15:21:00,2011-09-26 13:48:00,73,199,0.010050251256281407,2.4717587939698493
16779.0,22,5325,10629.720000000001,31.921081081081084,2010-12-08 09:56:00,2011-12-07 14:54:00,1,364,0.06043956043956044,642.4556043956045
16780.0,2,271,425.19,7.0865,2011-03-25 17:34:00,2011-08-31 16:09:00,99,158,0.012658227848101266,5.382151898734177
16781.0,1,113,311.25,18.308823529411764,2010-12-02 14:26:00,2010-12-02 14:26:00,371,1,1.0,311.25
16782.0,13,712,2279.9,11.999473684210527,2010-12-09 11:28:00,2011-11-29 13:20:00,9,355,0.036619718309859155,83.48929577464789
16784.0,1,24,107.6,35.86666666666667,2011-11-20 12:20:00,2011-11-20 12:20:00,19,1,1.0,107.6
16788.0,2,311,597.48,3.854709677419355,2011-03-30 13:05:00,2011-08-08 14:53:00,122,131,0.015267175572519083,9.121832061068702
16789.0,1,32,80.8,16.16,2011-12-01 15:12:00,2011-12-01 15:12:00,7,1,1.0,80.8
16790.0,6,898,1545.6200000000001,16.61956989247312,2011-11-02 11:23:00,2011-12-06 11:53:00,3,34,0.17647058823529413,272.75647058823535
16791.0,7,763,1721.78,5.3805625,2011-01-11 15:42:00,2011-11-10 19:12:00,28,303,0.0231023102310231,39.77709570957095
16792.0,2,44,110.38000000000001,9.198333333333334,2011-03-02 14:39:00,2011-03-02 14:41:00,281,1,2.0,220.76000000000002
16793.0,1,146,243.84,15.24,2011-10-13 15:08:00,2011-10-13 15:08:00,56,1,1.0,243.84
16794.0,10,937,1222.71,4.290210526315789,2011-06-12 14:15:00,2011-12-08 17:54:00,0,179,0.055865921787709494,68.30782122905028
16795.0,1,239,414.88,6.286060606060606,2010-12-09 14:08:00,2010-12-09 14:08:00,364,1,1.0,414.88
16796.0,1,186,305.62,16.97888888888889,2011-09-11 14:01:00,2011-09-11 14:01:00,88,1,1.0,305.62
16800.0,1,540,1201.49,7.326158536585366,2011-11-28 14:06:00,2011-11-28 14:06:00,10,1,1.0,1201.49
16801.0,4,499,1619.73,21.312236842105264,2011-03-11 13:56:00,2011-06-29 15:33:00,162,110,0.03636363636363636,58.899272727272724
16803.0,1,245,332.3,13.845833333333333,2011-10-05 14:28:00,2011-10-05 14:28:00,64,1,1.0,332.3
16804.0,3,246,536.99,8.949833333333334,2011-03-14 15:48:00,2011-11-16 16:43:00,22,247,0.012145748987854251,6.522145748987854
16805.0,2,539,460.59,4.699897959183673,2010-12-14 13:35:00,2011-06-19 11:23:00,173,186,0.010752688172043012,4.952580645161291
16806.0,4,378,801.49,7.781456310679611,2011-04-14 19:59:00,2011-08-28 15:27:00,102,135,0.02962962962962963,23.747851851851852
16807.0,3,778,1121.59,16.740149253731342,2011-03-14 09:46:00,2011-07-20 12:00:00,142,128,0.0234375,26.287265624999996
16808.0,2,196,288.42,12.540000000000001,2011-03-10 19:05:00,2011-09-01 19:34:00,98,175,0.011428571428571429,3.2962285714285717
16809.0,5,652,914.69,6.138859060402685,2011-03-22 15:20:00,2011-11-16 15:45:00,22,239,0.02092050209205021,19.135774058577407
16810.0,1,114,309.54,20.636000000000003,2011-05-31 15:32:00,2011-05-31 15:32:00,191,1,1.0,309.54
16811.0,2,477,547.07,19.538214285714286,2011-11-22 17:19:00,2011-12-05 11:39:00,4,12,0.16666666666666666,91.17833333333334
16812.0,1,81,479.35,31.956666666666667,2010-12-14 12:35:00,2010-12-14 12:35:00,360,1,1.0,479.35
16813.0,10,1525,1692.98,3.7705567928730512,2011-05-19 13:28:00,2011-12-01 14:03:00,7,196,0.05102040816326531,86.3765306122449
16814.0,21,2769,6509.1,20.089814814814815,2010-12-05 11:45:00,2011-11-25 13:27:00,13,355,0.059154929577464786,385.0453521126761
16816.0,4,274,417.06,14.895,2010-12-16 17:01:00,2011-08-28 14:16:00,102,254,0.015748031496062992,6.567874015748031
16817.0,9,822,1604.75,18.65988372093023,2010-12-06 14:19:00,2011-12-07 11:03:00,2,365,0.024657534246575342,39.56917808219178
16818.0,11,2164,3349.57,17.81686170212766,2011-05-18 11:42:00,2011-11-29 10:41:00,10,194,0.05670103092783505,189.92407216494846
16820.0,1,307,497.61,19.138846153846153,2011-09-05 12:06:00,2011-09-05 12:06:00,95,1,1.0,497.61
16823.0,1,136,358.38,9.431052631578947,2011-04-26 15:00:00,2011-04-26 15:00:00,226,1,1.0,358.38
16824.0,2,236,460.64,17.716923076923077,2011-06-28 13:36:00,2011-11-24 12:38:00,15,148,0.013513513513513514,6.224864864864865
16825.0,2,566,775.1800000000001,27.685000000000002,2011-06-07 09:44:00,2011-11-01 11:51:00,38,147,0.013605442176870748,10.546666666666667
16826.0,1,158,341.7,15.531818181818181,2011-10-19 14:05:00,2011-10-19 14:05:00,50,1,1.0,341.7
16828.0,2,59,128.5,16.0625,2011-08-19 13:24:00,2011-09-07 15:10:00,92,19,0.10526315789473684,13.526315789473683
16829.0,1,99,197.22,17.92909090909091,2011-07-06 10:48:00,2011-07-06 10:48:00,156,1,1.0,197.22
16830.0,1,264,325.91,14.170000000000002,2011-11-01 11:35:00,2011-11-01 11:35:00,38,1,1.0,325.91
16832.0,3,33,199.15,16.595833333333335,2011-05-06 14:12:00,2011-06-08 15:36:00,183,33,0.09090909090909091,18.104545454545455
16833.0,4,440,1106.53,23.5431914893617,2011-01-09 13:02:00,2011-12-08 14:39:00,0,333,0.012012012012012012,13.291651651651652
16834.0,1,358,413.46,17.2275,2011-04-26 09:37:00,2011-04-26 09:37:00,227,1,1.0,413.46
16835.0,2,61,180.85,18.085,2010-12-01 17:15:00,2011-08-03 13:50:00,127,244,0.00819672131147541,1.4823770491803279
16836.0,2,165,251.87,22.89727272727273,2011-08-15 12:38:00,2011-10-31 10:05:00,39,76,0.02631578947368421,6.628157894736842
16837.0,11,1563,3170.98,19.218060606060607,2011-04-08 08:48:00,2011-11-08 14:27:00,30,214,0.0514018691588785,162.99429906542056
16838.0,2,185,588.85,23.554000000000002,2011-02-24 15:01:00,2011-05-26 13:13:00,196,90,0.022222222222222223,13.085555555555556
16839.0,34,8975,16594.35,62.38477443609022,2010-12-05 11:15:00,2011-12-01 09:03:00,8,360,0.09444444444444444,1567.2441666666664
16841.0,6,2250,1869.82,16.119137931034484,2011-02-25 12:40:00,2011-11-03 11:51:00,36,250,0.024,44.87568
16842.0,3,693,1264.19,20.066507936507936,2011-02-10 14:51:00,2011-08-31 10:42:00,100,201,0.014925373134328358,18.86850746268657
16843.0,16,10159,10196.57,26.97505291005291,2011-01-16 16:10:00,2011-10-28 09:06:00,42,284,0.056338028169014086,574.454647887324
16846.0,1,135,214.32,19.483636363636364,2011-10-20 13:55:00,2011-10-20 13:55:00,49,1,1.0,214.32
16847.0,1,78,193.44,16.12,2011-10-27 13:29:00,2011-10-27 13:29:00,42,1,1.0,193.44
16848.0,1,182,281.42,20.101428571428574,2011-10-18 08:42:00,2011-10-18 08:42:00,52,1,1.0,281.42
16849.0,1,33,124.57,15.57125,2011-06-06 09:16:00,2011-06-06 09:16:00,186,1,1.0,124.57
16850.0,1,249,332.41,17.495263157894737,2011-01-10 11:09:00,2011-01-10 11:09:00,333,1,1.0,332.41
16851.0,3,271,342.45,17.1225,2011-10-19 09:48:00,2011-12-05 13:32:00,3,47,0.06382978723404255,21.85851063829787
16852.0,2,56,144.91000000000003,16.101111111111113,2011-06-16 15:49:00,2011-11-29 13:22:00,9,165,0.012121212121212121,1.7564848484848488
16855.0,2,164,328.4,17.28421052631579,2011-10-27 16:31:00,2011-11-16 12:03:00,23,19,0.10526315789473684,34.56842105263158
16856.0,1,12,35.400000000000006,17.700000000000003,2011-11-25 08:59:00,2011-11-25 08:59:00,14,1,1.0,35.400000000000006
16858.0,1,91,375.69000000000005,37.569,2010-12-06 09:52:00,2010-12-06 09:52:00,368,1,1.0,375.69000000000005
16859.0,2,827,747.81,14.380961538461538,2011-03-23 13:39:00,2011-07-18 12:19:00,144,116,0.017241379310344827,12.893275862068965
16861.0,2,140,173.76,28.959999999999997,2011-07-04 15:38:00,2011-10-11 09:05:00,59,98,0.02040816326530612,3.5461224489795913
16863.0,2,409,502.8,19.338461538461537,2010-12-08 08:58:00,2011-11-08 15:26:00,30,335,0.005970149253731343,3.0017910447761196
16866.0,3,60,207.73999999999998,18.885454545454543,2011-07-01 12:34:00,2011-07-22 10:06:00,140,20,0.15,31.160999999999994
16869.0,4,585,825.42,6.44859375,2011-06-17 13:01:00,2011-11-17 12:02:00,22,152,0.02631578947368421,21.721578947368418
16871.0,6,1253,2812.34,20.528029197080293,2011-03-14 10:31:00,2011-11-17 19:27:00,21,248,0.024193548387096774,68.04048387096775
16872.0,3,600,680.02,97.14571428571428,2011-06-08 14:32:00,2011-09-23 16:05:00,76,107,0.028037383177570093,19.065981308411214
16873.0,6,3840,7123.62,25.53268817204301,2010-12-10 15:45:00,2011-12-05 12:05:00,4,359,0.016713091922005572,119.05771587743733
16875.0,5,1069,2095.53,18.710089285714286,2011-01-04 10:37:00,2011-10-03 13:39:00,66,272,0.01838235294117647,38.52077205882353
16877.0,6,463,853.72,5.369308176100629,2011-05-15 16:13:00,2011-11-27 13:47:00,11,195,0.03076923076923077,26.268307692307694
16878.0,1,12,13.3,4.433333333333334,2011-09-16 17:39:00,2011-09-16 17:39:00,83,1,1.0,13.3
16880.0,7,753,1519.08,8.534157303370787,2011-06-03 16:45:00,2011-11-09 11:33:00,30,158,0.04430379746835443,67.30101265822785
16881.0,1,600,432.0,432.0,2011-10-04 10:33:00,2011-10-04 10:33:00,66,1,1.0,432.0
16882.0,3,424,705.12,18.080000000000002,2011-01-26 17:43:00,2011-10-04 10:42:00,66,250,0.012,8.46144
16883.0,2,104,276.73,7.282368421052632,2010-12-03 10:33:00,2011-06-05 12:51:00,186,184,0.010869565217391304,3.0079347826086957
16884.0,2,320,429.84000000000003,16.532307692307693,2011-11-02 10:16:00,2011-11-02 11:52:00,37,1,2.0,859.6800000000001
16885.0,3,184,471.51,4.668415841584158,2010-12-17 17:23:00,2011-11-24 13:40:00,14,341,0.008797653958944282,4.148181818181818
16887.0,1,157,194.88,5.2670270270270265,2011-11-04 14:07:00,2011-11-04 14:07:00,34,1,1.0,194.88
16889.0,3,925,1578.67,11.693851851851852,2011-01-07 10:47:00,2011-05-29 11:05:00,194,142,0.02112676056338028,33.35218309859155
16891.0,5,283,809.7,3.9886699507389163,2010-12-03 11:35:00,2011-12-08 11:15:00,1,369,0.013550135501355014,10.971544715447155
16892.0,5,239,525.54,5.308484848484848,2011-06-09 11:35:00,2011-12-08 13:18:00,0,182,0.027472527472527472,14.437912087912087
16893.0,1,62,145.93,3.242888888888889,2010-12-08 12:06:00,2010-12-08 12:06:00,366,1,1.0,145.93
16895.0,1,102,219.14,3.175942028985507,2011-10-06 12:15:00,2011-10-06 12:15:00,64,1,1.0,219.14
16897.0,2,73,289.78,7.831891891891891,2011-01-30 11:52:00,2011-02-13 15:02:00,298,14,0.14285714285714285,41.39714285714285
16898.0,3,419,508.81,3.1408024691358025,2010-12-06 12:23:00,2011-11-13 15:44:00,25,342,0.008771929824561403,4.463245614035087
16899.0,6,522,1281.56,10.25248,2010-12-14 13:11:00,2011-12-02 12:03:00,7,352,0.017045454545454544,21.844772727272726
16900.0,3,833,887.11,11.229240506329115,2011-10-07 13:17:00,2011-11-23 10:32:00,16,46,0.06521739130434782,57.855
16902.0,1,629,1706.88,38.79272727272728,2011-08-15 14:17:00,2011-08-15 14:17:00,115,1,1.0,1706.88
16903.0,1,262,373.24,6.220666666666667,2011-11-10 15:32:00,2011-11-10 15:32:00,28,1,1.0,373.24
16904.0,16,2034,3754.27,5.287704225352113,2010-12-07 13:29:00,2011-12-05 13:10:00,3,362,0.04419889502762431,165.9345856353591
16905.0,7,1408,3102.43,14.915528846153846,2010-12-03 10:43:00,2011-12-04 14:01:00,4,366,0.01912568306010929,59.33609289617486
16906.0,4,281,579.77,6.234086021505376,2011-04-05 12:30:00,2011-09-19 11:49:00,81,166,0.024096385542168676,13.970361445783134
16907.0,5,298,981.65,6.500993377483444,2010-12-09 16:52:00,2011-11-10 18:04:00,28,336,0.01488095238095238,14.607886904761903
16909.0,1,436,379.14,21.063333333333333,2011-09-28 16:45:00,2011-09-28 16:45:00,71,1,1.0,379.14
16910.0,8,886,1510.06,2.7606215722120657,2011-09-09 14:14:00,2011-12-05 12:51:00,3,86,0.09302325581395349,140.4706976744186
16912.0,11,1029,2575.38,25.49881188118812,2011-01-20 15:42:00,2011-11-11 12:18:00,28,294,0.03741496598639456,96.35775510204083
16913.0,1,82,113.44,14.18,2011-02-22 12:56:00,2011-02-22 12:56:00,289,1,1.0,113.44
16914.0,1,121,208.46,5.4857894736842105,2011-11-03 15:27:00,2011-11-03 15:27:00,35,1,1.0,208.46
16915.0,6,132,621.6800000000001,10.906666666666668,2011-03-01 09:52:00,2011-11-30 16:39:00,8,274,0.021897810218978103,13.613430656934309
16916.0,2,440,576.26,4.029790209790209,2010-12-02 13:14:00,2011-11-16 12:08:00,23,348,0.005747126436781609,3.31183908045977
16917.0,1,232,391.52,43.50222222222222,2011-03-08 11:55:00,2011-03-08 11:55:00,276,1,1.0,391.52
16918.0,6,721,1068.82,8.35015625,2011-01-26 17:37:00,2011-10-21 12:50:00,49,267,0.02247191011235955,24.018426966292132
16919.0,11,1413,2596.45,7.940214067278287,2010-12-06 12:52:00,2011-07-06 13:35:00,155,212,0.05188679245283019,134.72146226415094
16921.0,1,171,169.79,2.829833333333333,2011-10-09 16:22:00,2011-10-09 16:22:00,60,1,1.0,169.79
16923.0,19,3417,7247.61,10.785133928571428,2010-12-12 11:06:00,2011-11-27 13:00:00,11,350,0.054285714285714284,393.4416857142857
16924.0,3,493,846.75,10.201807228915662,2011-09-16 12:54:00,2011-11-18 12:53:00,20,62,0.04838709677419355,40.971774193548384
16926.0,1,35,230.25,16.446428571428573,2010-12-03 13:42:00,2010-12-03 13:42:00,370,1,1.0,230.25
16927.0,3,993,543.05,90.50833333333333,2010-12-13 11:57:00,2011-08-16 11:10:00,115,245,0.012244897959183673,6.649591836734693
16928.0,17,2114,2847.6,13.62488038277512,2010-12-01 15:21:00,2011-09-20 15:10:00,79,292,0.05821917808219178,165.7849315068493
16929.0,7,929,1295.39,16.823246753246753,2011-07-07 12:39:00,2011-12-06 08:37:00,3,151,0.046357615894039736,60.05119205298014
16930.0,3,341,380.55,7.0472222222222225,2011-10-02 14:25:00,2011-11-13 16:13:00,25,42,0.07142857142857142,27.182142857142857
16931.0,21,3158,4604.22,5.127193763919822,2010-12-05 11:40:00,2011-12-04 13:15:00,4,364,0.057692307692307696,265.62807692307695
16932.0,1,87,161.94,3.0554716981132075,2011-10-17 14:12:00,2011-10-17 14:12:00,52,1,1.0,161.94
16933.0,2,288,563.23,12.800681818181818,2011-04-14 13:33:00,2011-12-08 12:54:00,0,237,0.008438818565400843,4.752995780590717
16934.0,2,399,950.9300000000001,15.33758064516129,2011-10-16 12:25:00,2011-10-16 12:40:00,54,1,2.0,1901.8600000000001
16936.0,1,173,262.68,4.608421052631579,2011-11-14 11:04:00,2011-11-14 11:04:00,25,1,1.0,262.68
16938.0,4,2540,2736.38,11.354273858921163,2011-02-04 09:34:00,2011-12-01 10:20:00,8,300,0.013333333333333334,36.48506666666667
16940.0,3,2169,3049.88,9.99960655737705,2011-02-23 12:27:00,2011-10-18 13:15:00,51,237,0.012658227848101266,38.60607594936709
16942.0,9,811,1920.59,6.834839857651246,2011-04-26 11:59:00,2011-11-27 12:40:00,12,215,0.04186046511627907,80.39679069767442
16943.0,3,145,816.73,24.74939393939394,2011-01-25 14:00:00,2011-05-12 11:57:00,211,106,0.02830188679245283,23.115000000000002
16945.0,19,2725,4345.5,17.451807228915662,2010-12-16 17:49:00,2011-11-18 11:39:00,21,336,0.05654761904761905,245.72767857142858
16947.0,1,312,406.48,19.356190476190477,2011-04-18 09:38:00,2011-04-18 09:38:00,235,1,1.0,406.48
16948.0,3,1614,435.02,22.89578947368421,2011-01-18 10:58:00,2011-07-24 12:46:00,138,187,0.016042780748663103,6.978930481283423
16949.0,6,791,1286.27,21.437833333333334,2011-01-27 12:11:00,2011-12-06 11:07:00,3,312,0.019230769230769232,24.735961538461538
16950.0,3,644,1178.56,28.06095238095238,2010-12-07 15:20:00,2011-10-14 09:06:00,56,310,0.00967741935483871,11.40541935483871
16951.0,3,1318,1277.75,14.857558139534884,2011-02-08 14:58:00,2011-07-28 12:05:00,134,169,0.01775147928994083,22.681952662721894
16952.0,2,92,167.61,10.475625,2011-08-22 12:58:00,2011-08-22 13:03:00,108,1,2.0,335.22
16953.0,1,10,20.8,20.8,2011-11-09 15:54:00,2011-11-09 15:54:00,29,1,1.0,20.8
16954.0,9,1054,2085.08,38.61259259259259,2010-12-15 10:41:00,2011-12-09 09:46:00,0,358,0.025139664804469275,52.418212290502794
16955.0,4,266,518.67,20.746799999999997,2010-12-01 13:31:00,2011-06-08 10:36:00,184,188,0.02127659574468085,11.035531914893616
16956.0,1,114,308.74,19.29625,2011-11-22 08:56:00,2011-11-22 08:56:00,17,1,1.0,308.74
16957.0,2,172,416.64,26.04,2011-03-03 09:25:00,2011-04-14 13:56:00,238,42,0.047619047619047616,19.84
16959.0,1,49,117.35000000000001,16.764285714285716,2011-09-13 15:03:00,2011-09-13 15:03:00,86,1,1.0,117.35000000000001
16960.0,3,304,507.05,5.02029702970297,2011-04-01 11:54:00,2011-11-01 11:35:00,38,213,0.014084507042253521,7.141549295774648
16961.0,1,125,234.17,16.72642857142857,2011-08-15 13:46:00,2011-08-15 13:46:00,115,1,1.0,234.17
16963.0,1,35,110.55000000000001,15.792857142857144,2011-06-05 13:48:00,2011-06-05 13:48:00,186,1,1.0,110.55000000000001
16965.0,1,291,201.19,7.738076923076923,2011-04-27 12:08:00,2011-04-27 12:08:00,226,1,1.0,201.19
16966.0,7,1981,2154.97,76.96321428571427,2011-04-13 14:17:00,2011-12-01 13:40:00,7,231,0.030303030303030304,65.30212121212121
16967.0,1,333,319.02,15.19142857142857,2011-06-03 14:24:00,2011-06-03 14:24:00,188,1,1.0,319.02
16968.0,2,326,439.43,14.175161290322581,2011-08-24 10:51:00,2011-12-05 15:02:00,3,103,0.019417475728155338,8.5326213592233
16969.0,3,816,650.41,15.48595238095238,2011-06-01 12:10:00,2011-10-31 13:12:00,38,152,0.019736842105263157,12.837039473684209
16971.0,1,72,357.21,8.712439024390243,2011-11-01 15:06:00,2011-11-01 15:06:00,37,1,1.0,357.21
16976.0,1,88,251.51999999999998,125.75999999999999,2011-03-17 16:33:00,2011-03-17 16:33:00,266,1,1.0,251.51999999999998
16978.0,1,166,344.33,8.828974358974358,2011-09-23 12:50:00,2011-09-23 12:50:00,77,1,1.0,344.33
16979.0,6,865,1852.0,20.808988764044944,2011-02-15 09:20:00,2011-12-06 12:21:00,3,294,0.02040816326530612,37.795918367346935
16980.0,2,788,1078.96,12.401839080459771,2011-02-21 12:58:00,2011-03-29 16:36:00,254,36,0.05555555555555555,59.94222222222222
16982.0,1,182,384.06,17.457272727272727,2011-10-10 12:28:00,2011-10-10 12:28:00,60,1,1.0,384.06
16983.0,7,1379,1931.25,13.048986486486486,2010-12-05 12:34:00,2011-11-27 12:10:00,12,356,0.019662921348314606,37.97401685393258
16984.0,2,2423,4481.35,11.010687960687962,2011-08-01 17:37:00,2011-09-12 13:43:00,87,41,0.04878048780487805,218.60243902439026
16985.0,10,1832,5464.12,45.53433333333333,2010-12-16 10:38:00,2011-11-22 13:33:00,16,341,0.02932551319648094,160.23812316715544
16986.0,2,1040,1873.2,624.4,2011-11-09 15:52:00,2011-11-10 11:55:00,29,1,2.0,3746.4
16987.0,7,402,1625.05,12.597286821705426,2011-05-18 15:55:00,2011-12-06 17:26:00,2,202,0.034653465346534656,56.313613861386145
16988.0,1,43,126.12,18.017142857142858,2011-12-04 16:02:00,2011-12-04 16:02:00,4,1,1.0,126.12
16989.0,6,1233,1133.25,94.4375,2011-07-12 09:11:00,2011-12-02 16:39:00,6,143,0.04195804195804196,47.548951048951054
16990.0,1,100,179.0,179.0,2011-05-05 08:30:00,2011-05-05 08:30:00,218,1,1.0,179.0
16992.0,5,860,1614.31,17.358172043010754,2011-02-28 10:37:00,2011-11-29 11:50:00,10,274,0.01824817518248175,29.458211678832114
16996.0,6,544,1456.96,39.3772972972973,2010-12-21 13:22:00,2011-11-09 16:43:00,29,323,0.018575851393188854,27.064272445820432
16997.0,3,360,702.0,58.5,2011-01-18 11:51:00,2011-02-24 17:28:00,287,37,0.08108108108108109,56.91891891891892
16998.0,4,76,295.0,73.75,2011-02-08 15:42:00,2011-07-13 09:44:00,149,154,0.025974025974025976,7.662337662337663
16999.0,2,294,484.82,21.07913043478261,2011-09-26 15:43:00,2011-11-16 13:53:00,22,50,0.04,19.3928
17001.0,11,2164,3989.57,23.606923076923078,2010-12-16 09:35:00,2011-12-09 09:38:00,0,358,0.030726256983240222,122.5845530726257
17002.0,3,679,1493.73,30.484285714285715,2011-02-22 11:46:00,2011-09-15 12:40:00,85,205,0.014634146341463415,21.85946341463415
17004.0,2,819,1412.94,32.11227272727273,2011-09-08 12:16:00,2011-10-24 14:25:00,45,46,0.043478260869565216,61.43217391304348
17006.0,4,272,781.78,17.76772727272727,2011-09-25 12:15:00,2011-12-05 12:09:00,4,70,0.05714285714285714,44.67314285714286
17007.0,6,597,889.9300000000001,17.114038461538463,2010-12-17 13:57:00,2011-10-20 10:47:00,50,306,0.0196078431372549,17.449607843137255
17010.0,1,118,195.36,17.76,2011-11-21 14:49:00,2011-11-21 14:49:00,17,1,1.0,195.36
17011.0,1,186,270.9,18.06,2011-11-09 13:30:00,2011-11-09 13:30:00,29,1,1.0,270.9
17014.0,3,245,586.33,7.923378378378379,2011-10-04 11:36:00,2011-12-01 14:09:00,7,58,0.05172413793103448,30.32741379310345
17015.0,3,1981,1842.56,8.491059907834101,2011-06-07 13:19:00,2011-11-11 10:45:00,28,156,0.019230769230769232,35.433846153846154
17017.0,20,6673,8694.26,34.50103174603175,2010-12-02 10:17:00,2011-12-07 09:32:00,2,369,0.05420054200542006,471.2336043360434
17018.0,2,176,920.1,57.50625,2011-01-18 08:46:00,2011-10-30 11:42:00,40,285,0.007017543859649123,6.456842105263158
17019.0,4,827,1272.61,5.4385042735042735,2010-12-06 12:55:00,2011-11-28 13:06:00,10,357,0.011204481792717087,14.25893557422969
17022.0,1,108,71.0,10.142857142857142,2011-11-08 17:09:00,2011-11-08 17:09:00,30,1,1.0,71.0
17024.0,3,69,95.85,31.95,2011-07-05 09:31:00,2011-10-25 13:47:00,44,112,0.026785714285714284,2.567410714285714
17025.0,3,235,357.77,39.75222222222222,2010-12-01 15:45:00,2011-10-10 09:06:00,60,312,0.009615384615384616,3.440096153846154
17026.0,2,97,154.82999999999998,38.707499999999996,2010-12-05 12:47:00,2011-06-07 14:28:00,184,184,0.010869565217391304,1.6829347826086953
17027.0,6,421,890.29,5.818888888888889,2011-01-26 14:19:00,2011-09-22 12:24:00,78,238,0.025210084033613446,22.444285714285712
17029.0,2,400,716.0,358.0,2011-04-17 10:57:00,2011-08-21 11:06:00,110,126,0.015873015873015872,11.365079365079364
17030.0,1,146,146.87,13.351818181818182,2011-10-07 08:49:00,2011-10-07 08:49:00,63,1,1.0,146.87
17031.0,2,235,380.35,17.288636363636364,2011-07-08 09:38:00,2011-11-28 10:23:00,11,143,0.013986013986013986,5.3195804195804195
17033.0,3,750,1030.14,36.79071428571429,2010-12-15 13:21:00,2011-09-14 14:34:00,85,273,0.01098901098901099,11.320219780219782
17034.0,3,410,745.52,24.850666666666665,2011-02-25 10:10:00,2011-11-23 15:14:00,15,271,0.01107011070110701,8.252988929889298
17035.0,2,229,433.53000000000003,15.483214285714286,2011-02-01 12:27:00,2011-04-08 11:23:00,245,65,0.03076923076923077,13.339384615384617
17037.0,1,656,1267.32,16.8976,2011-09-13 12:49:00,2011-09-13 12:49:00,87,1,1.0,1267.32
17038.0,1,28,112.4,5.109090909090909,2011-11-09 13:50:00,2011-11-09 13:50:00,29,1,1.0,112.4
17040.0,1,181,449.73,29.982000000000003,2011-07-25 10:19:00,2011-07-25 10:19:00,137,1,1.0,449.73
17041.0,3,951,1081.57,15.450999999999999,2010-12-14 11:43:00,2011-11-13 11:21:00,26,333,0.009009009009009009,9.743873873873873
17042.0,5,994,1044.3799999999999,10.656938775510202,2011-04-06 14:53:00,2011-12-07 12:26:00,2,244,0.020491803278688523,21.401229508196717
17043.0,4,998,1735.18,17.01156862745098,2011-03-18 14:53:00,2011-11-07 15:33:00,31,234,0.017094017094017096,29.661196581196585
17044.0,1,504,948.48,158.08,2011-11-14 14:28:00,2011-11-14 14:28:00,24,1,1.0,948.48
17045.0,3,106,339.44,15.42909090909091,2011-04-06 12:08:00,2011-08-18 17:09:00,112,134,0.022388059701492536,7.599402985074627
17046.0,1,510,642.02,29.182727272727274,2011-07-05 14:24:00,2011-07-05 14:24:00,156,1,1.0,642.02
17047.0,3,533,1100.9,16.93692307692308,2011-05-18 16:50:00,2011-09-15 13:27:00,84,119,0.025210084033613446,27.753781512605045
17048.0,3,485,925.35,21.519767441860466,2011-01-12 16:51:00,2011-08-14 11:49:00,117,213,0.014084507042253521,13.033098591549296
17049.0,9,2676,5659.9800000000005,17.79867924528302,2011-03-09 08:33:00,2011-12-07 10:48:00,2,273,0.03296703296703297,186.59274725274727
17050.0,6,1614,3228.84,10.217848101265822,2011-02-13 12:41:00,2011-09-04 13:48:00,95,203,0.029556650246305417,95.43369458128079
17051.0,1,184,247.14000000000001,5.747441860465116,2011-05-29 14:13:00,2011-05-29 14:13:00,193,1,1.0,247.14000000000001
17052.0,1,261,413.75,4.497282608695652,2011-11-11 14:50:00,2011-11-11 14:50:00,27,1,1.0,413.75
17053.0,1,122,498.48,38.34461538461539,2011-08-01 10:23:00,2011-08-01 10:23:00,130,1,1.0,498.48
17054.0,5,804,1356.33,16.34132530120482,2011-04-08 13:14:00,2011-11-11 12:56:00,27,216,0.023148148148148147,31.396527777777774
17058.0,3,592,1179.89,19.030483870967743,2011-04-14 09:18:00,2011-09-19 10:13:00,81,158,0.0189873417721519,22.402974683544308
17059.0,5,1855,3095.04,5.9981395348837205,2010-12-05 12:35:00,2011-11-10 12:27:00,29,339,0.014749262536873156,45.64955752212389
17060.0,1,216,234.24,46.848,2011-03-18 13:27:00,2011-03-18 13:27:00,265,1,1.0,234.24
17061.0,11,1526,5232.2300000000005,52.850808080808086,2011-04-21 13:29:00,2011-09-27 11:24:00,73,158,0.06962025316455696,364.26917721518987
17062.0,4,430,538.37,7.691,2010-12-05 11:59:00,2011-01-30 11:01:00,313,55,0.07272727272727272,39.15418181818182
17063.0,7,770,1461.14,18.732564102564105,2011-02-23 13:44:00,2011-11-18 16:19:00,20,268,0.026119402985074626,38.16410447761194
17064.0,3,318,859.35,13.860483870967743,2011-01-16 16:10:00,2011-10-12 10:18:00,58,268,0.011194029850746268,9.619589552238805
17068.0,21,2164,4552.14,15.378851351351353,2010-12-06 13:58:00,2011-11-27 13:14:00,11,355,0.059154929577464786,269.2815211267606
17069.0,9,1506,2709.7000000000003,18.948951048951052,2010-12-01 16:49:00,2011-11-11 17:13:00,27,345,0.02608695652173913,70.68782608695652
17070.0,1,133,312.14,4.8771875,2011-08-17 17:01:00,2011-08-17 17:01:00,113,1,1.0,312.14
17071.0,9,1197,2429.03,17.350214285714287,2011-02-03 08:18:00,2011-11-11 16:31:00,27,281,0.03202846975088968,77.79811387900357
17073.0,4,759,1446.09,8.310862068965516,2011-08-22 14:37:00,2011-11-22 11:47:00,17,91,0.04395604395604396,63.56439560439561
17075.0,4,292,834.12,10.832727272727272,2011-01-26 13:20:00,2011-11-22 11:58:00,17,299,0.013377926421404682,11.158795986622074
17076.0,3,295,841.0799999999999,33.6432,2010-12-10 10:08:00,2011-11-03 17:53:00,35,328,0.009146341463414634,7.692804878048779
17078.0,2,788,378.2,13.507142857142856,2011-11-03 18:49:00,2011-11-03 19:17:00,35,1,2.0,756.4
17079.0,1,24,118.80000000000001,59.400000000000006,2011-09-22 15:34:00,2011-09-22 15:34:00,77,1,1.0,118.80000000000001
17080.0,2,166,287.62,35.9525,2011-03-15 12:05:00,2011-11-17 12:59:00,21,247,0.008097165991902834,2.328906882591093
17081.0,2,78,290.16,4.53375,2011-10-24 13:08:00,2011-11-14 12:56:00,24,20,0.1,29.016000000000005
17082.0,2,1049,2003.85,24.738888888888887,2011-01-25 14:36:00,2011-11-06 15:17:00,32,285,0.007017543859649123,14.062105263157894
17083.0,3,772,1405.78,27.034230769230767,2011-02-09 11:38:00,2011-08-22 15:43:00,108,194,0.015463917525773196,21.738865979381444
17084.0,2,1816,2949.75,18.208333333333332,2011-11-04 14:49:00,2011-11-04 14:54:00,34,1,2.0,5899.5
17085.0,5,786,1566.65,8.377807486631017,2010-12-12 12:24:00,2011-08-08 14:15:00,122,239,0.02092050209205021,32.77510460251046
17086.0,6,1859,2050.08,21.355,2011-10-07 11:22:00,2011-12-02 13:54:00,6,56,0.10714285714285714,219.65142857142854
17088.0,4,868,1991.01,17.313130434782607,2011-03-31 09:48:00,2011-11-11 14:23:00,27,225,0.017777777777777778,35.39573333333333
17090.0,7,921,2043.95,32.4436507936508,2010-12-20 13:52:00,2011-12-05 13:44:00,3,349,0.02005730659025788,40.996131805157596
17091.0,9,1746,3827.76,19.629538461538463,2010-12-07 09:55:00,2011-12-07 10:43:00,2,365,0.024657534246575342,94.38312328767124
17092.0,4,1131,1777.78,14.22224,2011-03-07 14:51:00,2011-10-20 19:51:00,49,227,0.01762114537444934,31.326519823788548
17094.0,1,152,302.0,21.571428571428573,2011-01-21 13:09:00,2011-01-21 13:09:00,321,1,1.0,302.0
17095.0,3,618,1324.16,17.894054054054056,2011-01-09 11:05:00,2011-11-17 12:21:00,22,312,0.009615384615384616,12.732307692307694
17096.0,4,339,1022.13,21.294375,2011-03-23 12:05:00,2011-11-24 15:01:00,14,246,0.016260162601626018,16.62
17097.0,8,459,954.42,4.523317535545024,2010-12-09 14:55:00,2011-12-07 17:05:00,1,363,0.02203856749311295,21.03404958677686
17100.0,2,800,971.74,14.949846153846154,2011-11-21 16:36:00,2011-11-21 16:36:00,17,1,2.0,1943.48
17101.0,4,815,1621.73,38.61261904761905,2011-06-14 14:49:00,2011-11-29 13:57:00,9,167,0.023952095808383235,38.843832335329346
17102.0,1,2,25.5,25.5,2011-03-23 10:08:00,2011-03-23 10:08:00,261,1,1.0,25.5
17105.0,2,693,665.78,7.397555555555555,2011-02-06 14:46:00,2011-07-03 15:53:00,158,147,0.013605442176870748,9.058231292517005
17107.0,6,4837,10815.43,25.874234449760767,2011-03-06 15:17:00,2011-11-06 14:14:00,32,244,0.02459016393442623,265.9531967213115
17109.0,6,589,885.04,7.564444444444444,2011-04-21 15:46:00,2011-11-10 16:59:00,28,203,0.029556650246305417,26.158817733990144
17110.0,1,50,163.29999999999998,13.608333333333333,2011-06-27 12:58:00,2011-06-27 12:58:00,164,1,1.0,163.29999999999998
17111.0,1,302,248.61,8.287,2011-10-23 15:59:00,2011-10-23 15:59:00,46,1,1.0,248.61
17114.0,8,219,808.62,6.367086614173228,2011-01-09 11:39:00,2011-12-04 12:17:00,5,329,0.0243161094224924,19.662492401215804
17115.0,3,372,837.5,21.474358974358974,2011-04-20 14:46:00,2011-12-01 14:30:00,7,224,0.013392857142857142,11.216517857142856
17117.0,1,68,116.19999999999999,12.91111111111111,2011-02-24 13:54:00,2011-02-24 13:54:00,287,1,1.0,116.19999999999999
17118.0,1,154,157.02,15.702000000000002,2011-01-26 12:19:00,2011-01-26 12:19:00,317,1,1.0,157.02
17119.0,2,334,606.91,17.340285714285713,2011-10-11 11:03:00,2011-12-06 14:40:00,2,56,0.03571428571428571,21.67535714285714
17120.0,1,120,307.46,17.08111111111111,2011-04-20 15:21:00,2011-04-20 15:21:00,232,1,1.0,307.46
17122.0,1,80,138.32,19.759999999999998,2011-08-12 14:33:00,2011-08-12 14:33:00,118,1,1.0,138.32
17123.0,1,246,345.29999999999995,38.36666666666666,2011-07-01 10:47:00,2011-07-01 10:47:00,161,1,1.0,345.29999999999995
17124.0,1,130,298.89,9.3403125,2011-06-07 14:02:00,2011-06-07 14:02:00,184,1,1.0,298.89
17125.0,1,291,259.35,6.483750000000001,2011-10-20 14:41:00,2011-10-20 14:41:00,49,1,1.0,259.35
17126.0,5,792,1004.75,3.8644230769230767,2010-12-12 11:26:00,2011-07-10 13:52:00,151,210,0.023809523809523808,23.922619047619047
17128.0,1,76,157.09,11.220714285714285,2011-01-09 12:02:00,2011-01-09 12:02:00,334,1,1.0,157.09
17131.0,5,983,2463.17,18.38186567164179,2011-09-25 12:42:00,2011-12-04 12:52:00,4,70,0.07142857142857142,175.94071428571428
17133.0,7,2730,4892.240000000001,181.1940740740741,2011-03-18 13:47:00,2011-11-24 12:27:00,15,250,0.028,136.98272000000003
17134.0,2,102,425.0,17.708333333333332,2011-03-20 11:56:00,2011-08-25 09:53:00,106,157,0.012738853503184714,5.414012738853503
17135.0,7,1224,1139.73,21.917884615384615,2010-12-03 09:31:00,2011-11-23 16:48:00,15,355,0.01971830985915493,22.47354929577465
17138.0,1,126,380.5,15.854166666666666,2011-03-09 11:54:00,2011-03-09 11:54:00,275,1,1.0,380.5
17139.0,12,5182,10668.47,22.31897489539749,2011-02-24 09:32:00,2011-11-24 10:12:00,15,273,0.04395604395604396,468.9437362637363
17140.0,1,302,465.32,23.266,2011-04-06 13:33:00,2011-04-06 13:33:00,246,1,1.0,465.32
17142.0,1,81,579.0,38.6,2011-04-14 18:22:00,2011-04-14 18:22:00,238,1,1.0,579.0
17144.0,2,483,984.57,20.511875,2011-09-16 12:50:00,2011-12-08 17:57:00,0,83,0.024096385542168676,23.724578313253016
17146.0,3,212,749.78,21.422285714285714,2010-12-16 12:20:00,2011-08-26 12:44:00,105,253,0.011857707509881422,8.890671936758892
17147.0,4,882,1714.59,21.167777777777776,2011-02-01 09:36:00,2011-11-17 12:32:00,22,289,0.01384083044982699,23.73134948096886
17148.0,1,82,124.88,13.875555555555556,2011-10-19 09:59:00,2011-10-19 09:59:00,51,1,1.0,124.88
17152.0,3,517,1689.5,120.67857142857143,2011-03-21 16:20:00,2011-05-29 12:19:00,194,68,0.04411764705882353,74.53676470588236
17153.0,1,104,213.78,15.27,2011-11-15 13:42:00,2011-11-15 13:42:00,23,1,1.0,213.78
17154.0,1,490,329.34,14.319130434782608,2011-09-25 13:42:00,2011-09-25 13:42:00,74,1,1.0,329.34
17155.0,2,242,251.70000000000002,12.585,2011-06-15 10:22:00,2011-11-22 12:38:00,17,160,0.0125,3.14625
17157.0,2,172,319.0,24.53846153846154,2011-06-16 15:08:00,2011-12-02 09:10:00,7,168,0.011904761904761904,3.7976190476190474
17158.0,3,778,1266.97,18.91,2010-12-14 13:03:00,2011-11-07 15:15:00,31,328,0.009146341463414634,11.588140243902439
17159.0,3,1111,1538.88,15.236435643564358,2011-06-21 09:49:00,2011-11-18 10:52:00,21,150,0.02,30.777600000000003
17160.0,6,2856,3518.03,15.362576419213974,2011-04-12 12:00:00,2011-11-08 14:05:00,30,210,0.02857142857142857,100.51514285714286
17162.0,10,1001,1715.46,16.494807692307692,2011-02-07 12:27:00,2011-11-11 11:34:00,28,276,0.036231884057971016,62.15434782608696
17163.0,2,66,293.1,58.620000000000005,2011-09-22 15:54:00,2011-11-18 08:57:00,21,56,0.03571428571428571,10.467857142857143
17164.0,7,1501,2467.35,17.134375,2011-03-11 14:26:00,2011-11-07 09:14:00,32,240,0.029166666666666667,71.964375
17165.0,1,100,158.68,15.868,2011-02-28 16:39:00,2011-02-28 16:39:00,283,1,1.0,158.68
17166.0,2,78,206.34,17.195,2011-05-20 08:18:00,2011-11-01 09:46:00,38,165,0.012121212121212121,2.5010909090909093
17169.0,2,526,835.78,15.477407407407407,2011-06-09 13:16:00,2011-10-13 10:25:00,57,125,0.016,13.37248
17171.0,1,185,224.91,14.056875,2011-02-23 16:37:00,2011-02-23 16:37:00,288,1,1.0,224.91
17172.0,1,480,317.76,21.184,2011-09-22 09:36:00,2011-09-22 09:36:00,78,1,1.0,317.76
17173.0,8,1122,3766.6,43.79767441860465,2011-07-31 15:26:00,2011-12-04 14:40:00,4,125,0.064,241.0624
17174.0,1,41,59.9,14.975,2011-05-06 11:47:00,2011-05-06 11:47:00,217,1,1.0,59.9
17175.0,4,866,1443.69,22.915714285714287,2011-02-16 14:56:00,2011-10-26 15:31:00,43,252,0.015873015873015872,22.915714285714284
17176.0,1,170,306.13,20.408666666666665,2011-05-22 12:41:00,2011-05-22 12:41:00,201,1,1.0,306.13
17179.0,3,290,711.79,8.897375,2010-12-13 14:24:00,2011-06-14 16:48:00,177,183,0.01639344262295082,11.668688524590165
17180.0,4,683,796.03,6.218984375,2011-01-27 18:05:00,2011-10-14 15:46:00,55,259,0.015444015444015444,12.293899613899613
17181.0,2,241,239.92000000000002,10.431304347826087,2010-12-01 12:38:00,2011-10-13 14:48:00,56,316,0.006329113924050633,1.518481012658228
17183.0,6,1296,3347.31,45.85356164383562,2011-08-26 15:25:00,2011-12-02 10:07:00,7,97,0.061855670103092786,207.0501030927835
17186.0,2,200,144.0,72.0,2011-10-10 12:52:00,2011-10-24 10:20:00,46,13,0.15384615384615385,22.153846153846153
17187.0,1,144,203.95,20.395,2011-04-27 12:39:00,2011-04-27 12:39:00,226,1,1.0,203.95
17188.0,7,1328,2474.23,29.455119047619046,2010-12-12 12:56:00,2011-11-28 13:53:00,10,351,0.019943019943019943,49.34361823361823
17189.0,2,227,384.40000000000003,6.301639344262296,2010-12-15 17:28:00,2011-08-25 19:39:00,105,253,0.007905138339920948,3.038735177865613
17190.0,2,161,444.74,23.40736842105263,2011-05-16 15:29:00,2011-10-12 11:33:00,58,148,0.013513513513513514,6.010000000000001
17191.0,7,1167,2095.13,8.840210970464135,2010-12-06 14:36:00,2011-11-11 16:58:00,27,340,0.020588235294117647,43.135029411764705
17193.0,7,1254,1699.3000000000002,53.103125000000006,2011-06-16 10:04:00,2011-11-04 12:47:00,35,141,0.04964539007092199,84.36241134751775
17194.0,2,119,262.62,9.055862068965517,2010-12-14 12:06:00,2011-03-11 12:05:00,273,86,0.023255813953488372,6.107441860465117
17197.0,1,191,1013.01,34.93137931034483,2011-11-10 10:32:00,2011-11-10 10:32:00,29,1,1.0,1013.01
17198.0,3,357,692.22,7.210625,2010-12-03 14:54:00,2011-11-16 10:39:00,23,347,0.008645533141210375,5.984610951008646
17201.0,1,268,342.63,8.56575,2011-10-17 11:55:00,2011-10-17 11:55:00,53,1,1.0,342.63
17203.0,6,2850,3563.85,23.446381578947367,2011-10-10 14:37:00,2011-11-04 12:27:00,35,24,0.25,890.9625
17204.0,4,646,1564.56,27.448421052631577,2011-03-21 12:42:00,2011-06-17 14:46:00,174,88,0.045454545454545456,71.11636363636363
17205.0,1,884,384.08,29.544615384615383,2011-10-17 12:46:00,2011-10-17 12:46:00,53,1,1.0,384.08
17206.0,1,76,204.24,29.177142857142858,2011-10-17 13:25:00,2011-10-17 13:25:00,52,1,1.0,204.24
17211.0,8,1323,2317.2200000000003,10.982085308056874,2010-12-05 12:44:00,2011-11-13 12:03:00,26,342,0.023391812865497075,54.20397660818714
17212.0,1,147,226.85,56.7125,2011-03-31 19:42:00,2011-03-31 19:42:00,252,1,1.0,226.85
17213.0,7,1176,2781.23,17.71484076433121,2010-12-08 13:03:00,2011-10-30 14:53:00,39,326,0.02147239263803681,59.71966257668712
17214.0,6,276,1069.1200000000001,10.37980582524272,2010-12-15 15:14:00,2011-10-10 13:17:00,59,298,0.020134228187919462,21.525906040268456
17217.0,1,24,113.5,12.61111111111111,2011-04-19 17:19:00,2011-04-19 17:19:00,233,1,1.0,113.5
17218.0,10,958,1960.72,7.155912408759124,2010-12-06 15:25:00,2011-12-05 13:52:00,3,363,0.027548209366391185,54.01432506887053
17219.0,1,89,114.23,4.5692,2011-11-08 11:25:00,2011-11-08 11:25:00,31,1,1.0,114.23
17220.0,14,1905,3198.25,6.775953389830509,2010-12-10 14:54:00,2011-11-15 13:47:00,23,339,0.04129793510324484,132.0811209439528
17221.0,2,288,335.13,5.319523809523809,2011-11-03 17:39:00,2011-12-02 13:35:00,6,28,0.07142857142857142,23.93785714285714
17222.0,1,128,354.15,12.648214285714285,2011-10-05 13:58:00,2011-10-05 13:58:00,64,1,1.0,354.15
17223.0,2,112,426.79,8.71,2010-12-06 14:08:00,2011-02-02 15:57:00,309,58,0.034482758620689655,14.716896551724139
17226.0,1,406,393.49,18.73761904761905,2011-02-04 11:52:00,2011-02-04 11:52:00,308,1,1.0,393.49
17227.0,6,741,939.32,19.985531914893617,2010-12-06 11:16:00,2011-11-21 10:51:00,18,349,0.017191977077363897,16.148767908309456
17228.0,8,1532,1906.09,9.16389423076923,2010-12-02 16:00:00,2011-11-24 10:24:00,15,356,0.02247191011235955,42.833483146067415
17229.0,2,185,318.76,6.782127659574468,2011-07-20 12:38:00,2011-09-04 13:56:00,95,46,0.043478260869565216,13.859130434782609
17230.0,8,1651,3638.41,52.73057971014492,2010-12-15 11:22:00,2011-03-20 16:12:00,263,95,0.08421052631578947,306.39242105263156
17231.0,10,1742,3174.32,5.867504621072089,2010-12-13 14:16:00,2011-11-27 15:18:00,11,349,0.02865329512893983,90.95472779369628
17232.0,2,203,421.52,11.708888888888888,2011-11-25 12:24:00,2011-12-07 12:21:00,2,11,0.18181818181818182,76.64
17233.0,1,131,190.88,7.6352,2011-11-04 14:06:00,2011-11-04 14:06:00,34,1,1.0,190.88
17234.0,1,55,149.89000000000001,10.706428571428573,2011-06-10 11:20:00,2011-06-10 11:20:00,182,1,1.0,149.89000000000001
17235.0,2,224,550.06,18.96758620689655,2010-12-02 13:38:00,2011-11-14 15:51:00,24,347,0.005763688760806916,3.170374639769452
17236.0,6,474,916.13,8.725047619047618,2010-12-12 11:49:00,2011-11-27 12:00:00,12,350,0.017142857142857144,15.705085714285715
17237.0,2,105,314.69,16.562631578947368,2011-11-17 12:55:00,2011-11-28 15:02:00,10,11,0.18181818181818182,57.21636363636364
17238.0,17,1822,3744.65,6.615989399293286,2010-12-03 15:05:00,2011-12-07 11:35:00,2,368,0.04619565217391304,172.98654891304346
17239.0,1,150,382.5,25.5,2011-01-31 09:41:00,2011-01-31 09:41:00,312,1,1.0,382.5
17242.0,2,611,1135.04,28.375999999999998,2011-06-12 13:04:00,2011-08-23 14:55:00,107,72,0.027777777777777776,31.528888888888886
17243.0,26,3370,8676.85,21.692125,2010-12-05 10:03:00,2011-12-08 13:26:00,0,368,0.07065217391304347,613.0383152173913
17244.0,1,616,954.9,30.80322580645161,2011-10-17 15:19:00,2011-10-17 15:19:00,52,1,1.0,954.9
17245.0,1,75,171.45,19.049999999999997,2011-05-19 10:43:00,2011-05-19 10:43:00,204,1,1.0,171.45
17247.0,1,106,282.19,5.130727272727273,2011-11-24 15:21:00,2011-11-24 15:21:00,14,1,1.0,282.19
17248.0,1,213,318.65,4.618115942028985,2011-08-11 13:34:00,2011-08-11 13:34:00,119,1,1.0,318.65
17250.0,2,168,384.52,6.7459649122807015,2011-03-23 16:45:00,2011-12-06 12:15:00,3,257,0.007782101167315175,2.9923735408560312
17251.0,1,110,283.28000000000003,7.263589743589744,2010-12-12 11:06:00,2010-12-12 11:06:00,362,1,1.0,283.28000000000003
17252.0,2,193,353.86,4.067356321839081,2011-06-06 16:41:00,2011-08-15 09:45:00,116,69,0.028985507246376812,10.2568115942029
17253.0,1,43,178.26,9.903333333333332,2011-11-21 12:59:00,2011-11-21 12:59:00,17,1,1.0,178.26
17254.0,2,252,272.44,2.4325,2011-11-24 14:09:00,2011-12-05 12:46:00,4,10,0.2,54.488
17255.0,2,232,298.41,3.825769230769231,2011-02-13 15:18:00,2011-10-30 12:18:00,40,258,0.007751937984496124,2.3132558139534884
17256.0,2,141,240.0,15.0,2011-01-31 14:53:00,2011-08-24 13:30:00,106,204,0.00980392156862745,2.3529411764705883
17259.0,2,410,603.37,4.865887096774194,2010-12-06 12:55:00,2011-07-14 15:01:00,147,220,0.00909090909090909,5.485181818181818
17262.0,5,367,1253.3600000000001,104.44666666666667,2010-12-08 13:30:00,2011-10-18 12:56:00,51,313,0.01597444089456869,20.021725239616615
17263.0,1,36,63.440000000000005,2.7582608695652175,2011-05-15 14:32:00,2011-05-15 14:32:00,207,1,1.0,63.440000000000005
17265.0,2,394,562.9,4.432283464566929,2011-06-12 12:00:00,2011-07-24 10:49:00,138,41,0.04878048780487805,27.458536585365852
17266.0,3,161,310.64,3.883,2011-07-15 11:57:00,2011-12-07 14:12:00,1,145,0.020689655172413793,6.4270344827586205
17267.0,2,159,317.62,8.358421052631579,2011-08-04 17:19:00,2011-08-04 17:22:00,126,1,2.0,635.24
17268.0,4,844,763.64,127.27333333333333,2011-04-08 13:20:00,2011-08-24 10:06:00,107,137,0.029197080291970802,22.296058394160582
17272.0,4,1778,2148.63,18.847631578947368,2011-03-22 12:05:00,2011-10-28 16:37:00,41,220,0.01818181818181818,39.066
17274.0,1,79,111.97999999999999,4.147407407407407,2011-11-04 13:16:00,2011-11-04 13:16:00,34,1,1.0,111.97999999999999
17277.0,2,430,1065.3500000000001,15.43985507246377,2011-01-21 12:37:00,2011-04-26 12:47:00,227,95,0.021052631578947368,22.42842105263158
17278.0,1,179,246.04,16.402666666666665,2011-04-12 13:10:00,2011-04-12 13:10:00,240,1,1.0,246.04
17279.0,1,48,187.82999999999998,20.869999999999997,2011-10-13 11:58:00,2011-10-13 11:58:00,57,1,1.0,187.82999999999998
17282.0,3,1877,1703.41,18.121382978723407,2011-02-13 11:36:00,2011-08-01 14:29:00,129,169,0.01775147928994083,30.238047337278108
17284.0,6,1364,1652.58,5.659520547945205,2011-01-07 14:31:00,2011-10-10 14:38:00,59,276,0.021739130434782608,35.92565217391304
17286.0,1,118,153.92,3.420444444444444,2011-11-18 12:47:00,2011-11-18 12:47:00,21,1,1.0,153.92
17287.0,7,559,1064.11,8.581532258064515,2010-12-02 12:22:00,2011-11-13 13:27:00,25,346,0.02023121387283237,21.52823699421965
17288.0,7,1203,1419.73,9.998098591549295,2010-12-16 13:33:00,2011-11-30 16:09:00,8,349,0.02005730659025788,28.47595988538682
17289.0,3,520,944.41,8.508198198198198,2011-06-12 13:51:00,2011-11-08 12:01:00,31,148,0.02027027027027027,19.143445945945945
17290.0,2,404,525.24,5.149411764705882,2011-11-23 15:53:00,2011-12-06 12:38:00,3,12,0.16666666666666666,87.53999999999999
17291.0,1,72,550.8000000000001,550.8000000000001,2011-02-04 13:04:00,2011-02-04 13:04:00,307,1,1.0,550.8000000000001
17293.0,9,1140,1875.1100000000001,13.889703703703704,2010-12-13 14:55:00,2011-12-01 14:37:00,7,352,0.02556818181818182,47.94315340909092
17295.0,3,294,556.95,8.071739130434784,2011-10-06 12:22:00,2011-11-11 10:49:00,28,35,0.08571428571428572,47.73857142857143
17297.0,1,67,131.78,2.583921568627451,2011-11-22 14:43:00,2011-11-22 14:43:00,16,1,1.0,131.78
17298.0,2,387,498.42,16.614,2011-08-07 12:21:00,2011-08-30 16:43:00,100,23,0.08695652173913043,43.34086956521739
17299.0,4,678,669.11,11.738771929824562,2011-06-19 16:04:00,2011-11-28 12:01:00,11,161,0.024844720496894408,16.62385093167702
17301.0,1,149,197.63,2.994393939393939,2011-11-18 13:43:00,2011-11-18 13:43:00,20,1,1.0,197.63
17302.0,5,575,1135.63,14.375063291139242,2011-02-07 10:14:00,2011-11-25 09:36:00,14,290,0.017241379310344827,19.5798275862069
17303.0,1,144,250.04,4.717735849056604,2010-12-13 13:32:00,2010-12-13 13:32:00,360,1,1.0,250.04
17306.0,19,11491,8631.31,130.77742424242425,2010-12-21 13:34:00,2011-11-29 12:14:00,10,342,0.05555555555555555,479.5172222222222
17309.0,1,41,82.75,6.895833333333333,2011-09-05 15:20:00,2011-09-05 15:20:00,94,1,1.0,82.75
17311.0,2,1005,1384.85,25.179090909090906,2011-01-27 10:56:00,2011-09-22 14:11:00,77,238,0.008403361344537815,11.637394957983192
17312.0,3,372,644.3,46.021428571428565,2011-07-03 13:12:00,2011-07-24 11:52:00,138,20,0.15,96.645
17313.0,1,1402,2328.84,97.03500000000001,2011-11-08 15:45:00,2011-11-08 15:45:00,30,1,1.0,2328.84
17314.0,8,1896,2527.92,19.297099236641223,2011-01-31 11:25:00,2011-11-15 09:41:00,24,287,0.027874564459930314,70.46466898954704
17315.0,38,3888,6292.26,13.302875264270613,2010-12-17 12:24:00,2011-12-08 12:15:00,1,355,0.10704225352112676,673.537690140845
17317.0,3,1146,2600.34,288.9266666666667,2011-09-11 12:45:00,2011-10-24 17:19:00,45,43,0.06976744186046512,181.41906976744187
17320.0,3,634,1200.6200000000001,16.446849315068494,2010-12-06 15:38:00,2011-08-31 13:31:00,99,267,0.011235955056179775,13.490112359550563
17321.0,2,373,700.86,6.550093457943925,2011-10-03 11:34:00,2011-12-01 13:41:00,7,59,0.03389830508474576,23.757966101694915
17323.0,7,776,921.07,4.6053500000000005,2011-02-20 14:38:00,2011-11-24 17:29:00,14,277,0.02527075812274368,23.276137184115523
17324.0,4,844,990.23,19.8046,2010-12-08 12:45:00,2011-11-22 10:34:00,17,348,0.011494252873563218,11.381954022988506
17325.0,1,60,96.8,16.133333333333333,2011-03-04 13:09:00,2011-03-04 13:09:00,279,1,1.0,96.8
17329.0,2,142,523.11,15.851818181818182,2011-01-28 15:29:00,2011-11-25 14:24:00,13,300,0.006666666666666667,3.4874000000000005
17330.0,2,120,363.9,60.65,2011-10-03 11:26:00,2011-11-17 08:56:00,22,44,0.045454545454545456,16.54090909090909
17331.0,1,16,175.2,175.2,2011-08-08 11:55:00,2011-08-08 11:55:00,123,1,1.0,175.2
17333.0,1,375,494.25,17.651785714285715,2011-09-15 10:11:00,2011-09-15 10:11:00,85,1,1.0,494.25
17334.0,2,315,307.02,27.91090909090909,2011-02-04 09:03:00,2011-02-10 14:59:00,301,6,0.3333333333333333,102.33999999999999
17337.0,4,1269,2027.8700000000001,3.7345672191528547,2011-02-02 17:06:00,2011-07-11 14:55:00,150,158,0.02531645569620253,51.33848101265823
17338.0,8,3128,6643.93,8.8232802124834,2010-12-13 12:57:00,2011-11-22 14:23:00,16,344,0.023255813953488372,154.51
17339.0,2,152,243.36,27.040000000000003,2010-12-09 14:44:00,2011-09-06 13:29:00,93,270,0.007407407407407408,1.8026666666666669
17340.0,11,5967,12353.29,30.352063882063884,2010-12-08 15:56:00,2011-11-10 10:45:00,29,336,0.03273809523809524,404.4231845238096
17341.0,3,489,781.36,4.2697267759562845,2010-12-08 12:46:00,2011-07-06 12:33:00,156,209,0.014354066985645933,11.215693779904306
17343.0,1,56,193.64,11.390588235294118,2010-12-19 15:07:00,2010-12-19 15:07:00,354,1,1.0,193.64
17344.0,1,66,160.57,5.0178125,2011-10-24 12:56:00,2011-10-24 12:56:00,45,1,1.0,160.57
17345.0,4,346,537.74,6.180919540229885,2011-05-27 12:26:00,2011-11-24 15:03:00,14,181,0.022099447513812154,11.883756906077348
17346.0,15,1657,2676.56,5.35312,2010-12-01 14:34:00,2011-12-06 12:18:00,3,369,0.04065040650406504,108.80325203252032
17347.0,1,216,228.96,228.96,2011-09-14 13:12:00,2011-09-14 13:12:00,85,1,1.0,228.96
17348.0,5,1401,1159.52,5.393116279069767,2011-02-15 10:49:00,2011-11-25 11:25:00,14,283,0.0176678445229682,20.486219081272086
17349.0,1,112,110.75,12.305555555555555,2011-06-13 14:29:00,2011-06-13 14:29:00,178,1,1.0,110.75
17350.0,4,795,1286.07,18.113661971830986,2011-10-19 16:05:00,2011-12-01 15:47:00,7,42,0.09523809523809523,122.48285714285713
17351.0,3,113,587.15,21.746296296296297,2011-03-11 16:05:00,2011-11-03 18:45:00,35,237,0.012658227848101266,7.432278481012657
17353.0,2,1200,1740.0,217.5,2011-07-08 16:17:00,2011-08-02 17:19:00,128,25,0.08,139.20000000000002
17354.0,1,1006,1393.06,87.06625,2011-10-20 10:34:00,2011-10-20 10:34:00,50,1,1.0,1393.06
17356.0,1,166,178.22,9.38,2011-02-01 11:07:00,2011-02-01 11:07:00,311,1,1.0,178.22
17357.0,2,153,388.14,8.625333333333334,2011-11-15 16:29:00,2011-11-15 16:30:00,23,1,2.0,776.28
17358.0,2,202,365.85,6.200847457627119,2010-12-19 14:16:00,2011-02-09 16:57:00,302,52,0.038461538461538464,14.071153846153848
17359.0,1,161,127.86,8.524,2011-11-28 14:37:00,2011-11-28 14:37:00,10,1,1.0,127.86
17360.0,3,335,585.79,4.43780303030303,2011-06-08 17:09:00,2011-11-22 13:11:00,16,166,0.018072289156626505,10.58656626506024
17361.0,3,157,488.2,16.834482758620688,2011-02-21 09:55:00,2011-10-21 15:43:00,48,242,0.012396694214876033,6.0520661157024795
17362.0,2,191,312.23,8.920857142857143,2011-02-03 10:26:00,2011-04-14 14:43:00,238,70,0.02857142857142857,8.920857142857143
17364.0,11,2701,4481.18,10.903114355231144,2011-01-12 16:57:00,2011-12-09 09:00:00,0,330,0.03333333333333333,149.37266666666667
17365.0,8,4777,4801.56,10.259743589743591,2011-01-11 12:11:00,2011-11-27 12:13:00,12,320,0.025,120.03900000000002
17367.0,1,150,168.4,4.952941176470588,2011-04-15 14:21:00,2011-04-15 14:21:00,237,1,1.0,168.4
17368.0,8,1391,1912.67,17.231261261261263,2011-01-06 11:57:00,2011-11-16 15:26:00,22,314,0.025477707006369428,48.73044585987262
17370.0,4,540,446.18,13.520606060606061,2011-06-23 11:50:00,2011-09-28 10:14:00,72,96,0.041666666666666664,18.590833333333332
17371.0,3,152,423.89,4.872298850574713,2010-12-13 15:20:00,2011-11-22 13:30:00,16,343,0.008746355685131196,3.7074927113702625
17372.0,8,749,1342.68,5.30703557312253,2010-12-12 12:00:00,2011-10-30 11:37:00,40,321,0.024922118380062305,33.462429906542056
17373.0,4,408,646.92,11.349473684210526,2011-01-31 11:46:00,2011-10-30 15:28:00,39,272,0.014705882352941176,9.513529411764706
17374.0,2,85,495.77,17.706071428571427,2011-03-03 12:53:00,2011-05-05 09:05:00,218,62,0.03225806451612903,15.99258064516129
17375.0,3,367,400.1,5.798550724637681,2010-12-13 15:16:00,2011-05-24 15:45:00,198,162,0.018518518518518517,7.409259259259259
17376.0,2,86,203.2,8.466666666666667,2011-02-01 14:12:00,2011-09-30 12:36:00,70,240,0.008333333333333333,1.6933333333333331
17377.0,20,2076,4100.92,9.810813397129186,2010-12-01 12:35:00,2011-11-16 11:17:00,23,349,0.05730659025787966,235.00974212034384
17379.0,1,663,404.66,4.875421686746988,2011-11-28 13:56:00,2011-11-28 13:56:00,10,1,1.0,404.66
17381.0,29,25649,20275.61,186.01477064220185,2010-12-02 12:58:00,2011-12-01 11:59:00,8,363,0.07988980716253444,1619.814573002755
17382.0,1,25,65.4,32.7,2011-10-05 13:05:00,2011-10-05 13:05:00,64,1,1.0,65.4
17383.0,1,150,199.29,3.9076470588235295,2011-12-05 17:36:00,2011-12-05 17:36:00,3,1,1.0,199.29
17384.0,2,88,336.4,22.426666666666666,2011-05-04 16:07:00,2011-11-20 15:48:00,18,199,0.010050251256281407,3.380904522613065
17385.0,1,201,261.11,5.555531914893617,2011-11-25 11:02:00,2011-11-25 11:02:00,14,1,1.0,261.11
17386.0,6,1902,2686.42,95.94357142857143,2011-06-27 12:11:00,2011-12-02 11:28:00,7,157,0.03821656050955414,102.66573248407643
17387.0,2,542,784.11,10.052692307692308,2011-11-06 11:25:00,2011-11-20 11:00:00,19,13,0.15384615384615385,120.6323076923077
17388.0,4,1068,1259.56,83.97066666666666,2011-02-25 12:28:00,2011-09-23 10:31:00,77,209,0.019138755980861243,24.106411483253588
17389.0,34,7612,31833.68,149.45389671361502,2011-01-12 15:48:00,2011-12-09 09:38:00,0,330,0.10303030303030303,3279.833696969697
17391.0,2,480,508.8,169.6,2011-06-28 12:21:00,2011-06-29 09:58:00,163,1,2.0,1017.6
17392.0,2,320,457.91,7.385645161290323,2010-12-16 19:04:00,2011-02-06 12:48:00,306,51,0.0392156862745098,17.957254901960784
17394.0,1,241,203.86999999999998,50.967499999999994,2011-05-04 13:22:00,2011-05-04 13:22:00,218,1,1.0,203.86999999999998
17396.0,8,2005,7330.8,271.5111111111111,2010-12-03 09:45:00,2011-10-31 14:12:00,38,332,0.024096385542168676,176.64578313253014
17397.0,2,254,696.41,7.569673913043478,2011-11-17 13:58:00,2011-11-17 14:08:00,21,1,2.0,1392.82
17398.0,3,310,653.38,17.19421052631579,2011-03-29 13:04:00,2011-08-17 09:48:00,114,140,0.02142857142857143,14.001
17400.0,5,1097,2129.96,9.99981220657277,2010-12-21 17:16:00,2011-08-05 15:38:00,125,226,0.022123893805309734,47.12300884955752
17402.0,13,701,2633.85,44.641525423728815,2010-12-05 13:53:00,2011-12-05 10:15:00,4,364,0.03571428571428571,94.06607142857142
17403.0,1,117,281.62,8.533939393939393,2011-11-03 15:18:00,2011-11-03 15:18:00,35,1,1.0,281.62
17404.0,15,32748,31906.82,161.14555555555555,2010-12-14 13:28:00,2011-12-05 16:26:00,3,356,0.042134831460674156,1344.3884831460673
17405.0,3,726,1031.41,12.578170731707319,2011-07-12 14:17:00,2011-12-08 17:12:00,0,149,0.020134228187919462,20.766644295302015
17406.0,3,787,2200.42,19.47274336283186,2010-12-08 10:35:00,2011-01-10 15:07:00,332,33,0.09090909090909091,200.03818181818184
17408.0,1,3,32.65,16.325,2011-06-29 12:53:00,2011-06-29 12:53:00,162,1,1.0,32.65
17409.0,2,105,771.85,59.37307692307692,2011-04-05 16:42:00,2011-06-08 10:36:00,184,63,0.031746031746031744,24.503174603174603
17410.0,5,616,1214.72,18.98,2011-05-08 15:21:00,2011-11-23 15:46:00,15,199,0.02512562814070352,30.52060301507538
17411.0,3,306,778.94,18.998536585365855,2011-03-23 13:44:00,2011-11-27 14:25:00,11,249,0.012048192771084338,9.384819277108434
17412.0,7,738,1258.06,19.061515151515152,2010-12-02 16:29:00,2011-12-07 11:36:00,2,369,0.018970189701897018,23.86563685636856
17414.0,2,2100,778.0,129.66666666666666,2011-06-08 11:43:00,2011-10-27 12:13:00,43,141,0.014184397163120567,11.035460992907801
17415.0,1,114,507.84,36.27428571428571,2011-09-21 12:50:00,2011-09-21 12:50:00,79,1,1.0,507.84
17416.0,7,4302,6893.42,25.626096654275095,2011-03-03 13:45:00,2011-11-10 12:47:00,29,251,0.027888446215139442,192.24677290836652
17418.0,2,289,463.46000000000004,15.448666666666668,2011-01-20 11:39:00,2011-10-28 13:00:00,41,281,0.0071174377224199285,3.2986476868327403
17419.0,12,1876,4226.57,20.517330097087378,2010-12-07 15:03:00,2011-11-28 13:47:00,10,355,0.03380281690140845,142.8699718309859
17420.0,3,265,598.83,19.961000000000002,2010-12-01 09:56:00,2011-10-20 14:52:00,49,323,0.009287925696594427,5.561888544891641
17422.0,6,2253,1979.37,16.917692307692306,2011-02-16 14:44:00,2011-11-23 13:27:00,15,279,0.021505376344086023,42.56709677419355
17423.0,2,459,698.41,26.861923076923077,2011-05-06 09:14:00,2011-10-24 13:36:00,45,171,0.011695906432748537,8.168538011695906
17425.0,2,407,759.17,17.655116279069766,2011-10-10 11:37:00,2011-11-20 15:30:00,18,41,0.04878048780487805,37.03268292682927
17426.0,6,3094,5037.26,18.58767527675277,2011-03-02 16:34:00,2011-12-01 18:07:00,7,274,0.021897810218978103,110.30496350364965
17427.0,1,34,100.8,50.4,2011-09-29 11:29:00,2011-09-29 11:29:00,71,1,1.0,100.8
17428.0,28,9474,17256.85,52.61234756097561,2010-12-06 09:37:00,2011-12-09 09:45:00,0,368,0.07608695652173914,1313.021195652174
17429.0,3,624,524.9200000000001,13.459487179487182,2011-05-05 09:53:00,2011-08-03 13:22:00,127,90,0.03333333333333333,17.497333333333337
17430.0,2,190,265.76,18.982857142857142,2010-12-09 13:05:00,2011-11-07 09:24:00,32,332,0.006024096385542169,1.6009638554216867
17431.0,1,292,403.3,9.37906976744186,2011-01-30 14:36:00,2011-01-30 14:36:00,312,1,1.0,403.3
17432.0,2,207,365.76,7.62,2011-11-02 17:30:00,2011-11-21 17:33:00,17,19,0.10526315789473684,38.50105263157894
17433.0,1,185,303.15999999999997,5.6140740740740736,2011-09-12 14:24:00,2011-09-12 14:24:00,87,1,1.0,303.15999999999997
17434.0,7,1693,2373.82,17.715074626865672,2011-09-15 13:54:00,2011-12-07 13:16:00,1,82,0.08536585365853659,202.64317073170736
17436.0,2,90,216.29999999999998,24.03333333333333,2011-04-27 11:33:00,2011-12-08 12:30:00,1,225,0.008888888888888889,1.9226666666666665
17438.0,1,103,388.45000000000005,22.85,2011-03-31 10:26:00,2011-03-31 10:26:00,253,1,1.0,388.45000000000005
17440.0,3,246,186.42000000000002,37.284000000000006,2011-04-06 12:05:00,2011-07-06 11:54:00,156,90,0.03333333333333333,6.214
17442.0,6,1496,2248.56,16.656,2011-02-22 13:02:00,2011-11-03 09:17:00,36,253,0.023715415019762844,53.32553359683794
17443.0,1,504,534.24,534.24,2011-05-04 10:47:00,2011-05-04 10:47:00,219,1,1.0,534.24
17444.0,3,2119,2940.04,21.778074074074073,2011-06-20 09:04:00,2011-07-15 12:05:00,147,25,0.12,352.8048
17446.0,2,198,120.9,13.433333333333334,2011-02-02 14:40:00,2011-06-16 10:42:00,176,133,0.015037593984962405,1.8180451127819548
17447.0,2,443,541.53,15.042499999999999,2011-09-29 10:10:00,2011-10-30 14:18:00,39,31,0.06451612903225806,34.93741935483871
17449.0,7,1122,2520.86,9.10057761732852,2010-12-15 10:57:00,2011-12-07 16:56:00,1,357,0.0196078431372549,49.42862745098039
17450.0,46,69993,194550.79,577.3020474777448,2010-12-07 09:23:00,2011-12-01 13:29:00,7,359,0.12813370473537605,24928.51348189415
17451.0,7,1203,1721.4,17.214000000000002,2011-08-26 11:54:00,2011-12-08 15:02:00,0,104,0.0673076923076923,115.86346153846154
17453.0,2,219,486.71999999999997,25.616842105263157,2011-10-06 17:02:00,2011-11-22 09:42:00,17,46,0.043478260869565216,21.161739130434782
17454.0,4,243,517.53,8.484098360655738,2010-12-15 10:54:00,2011-05-31 13:58:00,191,167,0.023952095808383235,12.395928143712576
17455.0,1,66,131.7,16.4625,2011-05-20 12:31:00,2011-05-20 12:31:00,203,1,1.0,131.7
17456.0,1,222,249.86,14.69764705882353,2010-12-09 15:23:00,2010-12-09 15:23:00,364,1,1.0,249.86
17457.0,5,826,1737.7,91.4578947368421,2011-01-04 14:33:00,2011-08-05 12:48:00,126,212,0.02358490566037736,40.98349056603774
17458.0,1,170,316.5,5.861111111111111,2011-11-24 13:01:00,2011-11-24 13:01:00,14,1,1.0,316.5
17459.0,2,537,657.3,5.921621621621621,2011-10-10 17:00:00,2011-10-27 13:25:00,42,16,0.125,82.1625
17460.0,6,236,622.4300000000001,21.463103448275863,2010-12-01 16:24:00,2011-09-06 15:04:00,93,278,0.02158273381294964,13.433741007194246
17461.0,3,799,757.46,6.823963963963965,2011-11-10 12:01:00,2011-11-17 10:21:00,22,6,0.5,378.73
17462.0,2,227,675.69,25.025555555555556,2011-02-28 17:01:00,2011-10-10 13:56:00,59,223,0.008968609865470852,6.0600000000000005
17463.0,5,1095,1896.41,8.820511627906978,2011-01-30 15:48:00,2011-11-23 13:40:00,15,296,0.016891891891891893,32.033952702702706
17464.0,1,220,289.96000000000004,32.21777777777778,2011-07-04 13:19:00,2011-07-04 13:19:00,157,1,1.0,289.96000000000004
17466.0,2,306,763.28,18.61658536585366,2011-09-22 09:16:00,2011-11-29 13:15:00,9,68,0.029411764705882353,22.449411764705882
17468.0,2,116,137.0,27.4,2011-11-25 12:52:00,2011-11-29 15:33:00,9,4,0.5,68.5
17469.0,5,787,1870.97,21.261022727272728,2011-05-19 08:55:00,2011-11-23 13:15:00,15,188,0.026595744680851064,49.75984042553192
17470.0,5,1675,1125.07,14.423974358974359,2010-12-07 09:57:00,2011-10-26 12:42:00,44,323,0.015479876160990712,17.41594427244582
17472.0,3,462,710.29,3.9242541436464085,2011-02-13 14:40:00,2011-06-01 14:57:00,190,108,0.027777777777777776,19.730277777777776
17475.0,1,178,194.37,13.883571428571429,2011-09-21 14:55:00,2011-09-21 14:55:00,78,1,1.0,194.37
17480.0,1,338,511.82,17.64896551724138,2011-09-23 11:39:00,2011-09-23 11:39:00,77,1,1.0,511.82
17481.0,4,1061,1255.59,15.312073170731706,2011-09-07 09:57:00,2011-12-06 12:28:00,3,90,0.044444444444444446,55.803999999999995
17483.0,3,191,414.04,19.716190476190476,2011-06-09 19:40:00,2011-10-05 13:10:00,64,117,0.02564102564102564,10.616410256410257
17486.0,1,191,396.87,16.53625,2011-03-23 14:00:00,2011-03-23 14:00:00,260,1,1.0,396.87
17489.0,2,428,376.64,12.987586206896552,2011-05-11 11:34:00,2011-10-12 08:56:00,58,153,0.013071895424836602,4.923398692810458
17490.0,7,1134,2092.32,27.530526315789476,2011-06-16 09:15:00,2011-12-09 09:08:00,0,175,0.04,83.6928
17491.0,10,2013,3558.87,32.65018348623853,2010-12-07 12:18:00,2011-12-08 16:18:00,0,366,0.0273224043715847,97.23688524590163
17492.0,1,155,374.57,31.214166666666667,2011-04-05 15:21:00,2011-04-05 15:21:00,247,1,1.0,374.57
17495.0,2,229,497.56,18.42814814814815,2011-11-01 12:06:00,2011-12-02 12:08:00,7,31,0.06451612903225806,32.10064516129032
17496.0,1,79,271.05,27.105,2010-12-16 08:39:00,2010-12-16 08:39:00,358,1,1.0,271.05
17498.0,1,394,272.22,16.01294117647059,2011-09-25 12:25:00,2011-09-25 12:25:00,75,1,1.0,272.22
17499.0,1,711,622.88,15.572,2011-02-23 09:14:00,2011-02-23 09:14:00,289,1,1.0,622.88
17500.0,3,17,1138.0,227.6,2011-11-10 09:08:00,2011-11-22 14:25:00,16,12,0.25,284.5
17501.0,2,160,288.6,16.033333333333335,2011-05-03 09:46:00,2011-05-03 09:47:00,220,1,2.0,577.2
17502.0,4,376,689.1,24.610714285714288,2011-11-10 16:39:00,2011-11-30 13:13:00,8,19,0.21052631578947367,145.07368421052632
17503.0,2,486,558.96,14.709473684210527,2011-11-01 11:12:00,2011-12-07 09:18:00,2,35,0.05714285714285714,31.94057142857143
17504.0,9,1664,2997.0299999999997,23.598661417322834,2011-01-21 11:09:00,2011-05-17 12:59:00,205,116,0.07758620689655173,232.5281896551724
17505.0,2,556,1145.84,22.035384615384615,2011-05-18 09:01:00,2011-07-01 12:50:00,161,44,0.045454545454545456,52.08363636363636
17506.0,1,139,302.2,21.585714285714285,2011-09-25 11:39:00,2011-09-25 11:39:00,75,1,1.0,302.2
17507.0,2,359,605.58,6.881590909090909,2011-02-03 18:08:00,2011-03-23 11:48:00,261,47,0.0425531914893617,25.76936170212766
17508.0,1,289,387.31,17.605,2011-03-04 08:10:00,2011-03-04 08:10:00,280,1,1.0,387.31
17509.0,8,3534,6115.14,16.708032786885248,2011-10-07 13:14:00,2011-10-13 10:26:00,57,5,1.6,9784.224
17510.0,1,214,308.48,15.424000000000001,2011-11-15 10:00:00,2011-11-15 10:00:00,24,1,1.0,308.48
17511.0,31,64549,91062.38,94.5611422637591,2010-12-01 10:19:00,2011-12-07 10:12:00,2,370,0.08378378378378379,7629.550756756757
17512.0,10,2753,2924.9900000000002,27.85704761904762,2011-02-11 12:22:00,2011-11-11 12:11:00,28,272,0.03676470588235294,107.53639705882354
17513.0,1,254,513.2,85.53333333333335,2011-09-28 16:42:00,2011-09-28 16:42:00,71,1,1.0,513.2
17514.0,1,135,208.65,5.2162500000000005,2011-08-03 15:45:00,2011-08-03 15:45:00,127,1,1.0,208.65
17515.0,4,243,639.02,7.345057471264368,2011-01-25 14:33:00,2011-11-08 14:04:00,30,286,0.013986013986013986,8.937342657342658
17516.0,5,416,768.08,5.606423357664234,2011-02-27 12:41:00,2011-11-24 16:51:00,14,270,0.018518518518518517,14.223703703703704
17517.0,1,102,153.94,13.994545454545454,2011-02-04 11:48:00,2011-02-04 11:48:00,308,1,1.0,153.94
17519.0,6,1236,1844.02,22.488048780487805,2010-12-06 15:18:00,2011-11-22 16:43:00,16,351,0.017094017094017096,31.521709401709405
17520.0,1,365,546.81,18.226999999999997,2011-10-17 12:04:00,2011-10-17 12:04:00,53,1,1.0,546.81
17521.0,3,519,723.2099999999999,16.07133333333333,2011-05-24 15:14:00,2011-11-10 11:22:00,29,169,0.01775147928994083,12.838047337278105
17522.0,5,1034,1070.71,14.667260273972603,2011-05-05 16:31:00,2011-12-08 12:31:00,1,216,0.023148148148148147,24.784953703703703
17523.0,4,872,652.74,19.78,2011-11-20 13:40:00,2011-11-28 13:20:00,10,7,0.5714285714285714,372.9942857142857
17524.0,1,90,145.0,24.166666666666668,2010-12-13 14:32:00,2010-12-13 14:32:00,360,1,1.0,145.0
17525.0,1,82,422.70000000000005,46.96666666666667,2010-12-15 12:05:00,2010-12-15 12:05:00,359,1,1.0,422.70000000000005
17526.0,4,310,1195.8999999999999,62.942105263157885,2010-12-09 12:20:00,2011-12-05 11:05:00,4,360,0.011111111111111112,13.287777777777777
17527.0,4,488,939.37,19.98659574468085,2011-05-05 13:43:00,2011-10-17 12:32:00,53,164,0.024390243902439025,22.91146341463415
17528.0,8,2138,3628.5,14.34189723320158,2011-09-29 13:04:00,2011-12-08 13:27:00,0,70,0.11428571428571428,414.68571428571425
17530.0,10,1526,2385.0,6.053299492385787,2010-12-09 20:01:00,2011-12-08 18:42:00,0,363,0.027548209366391185,65.70247933884298
17531.0,1,136,296.7,21.192857142857143,2011-06-02 19:17:00,2011-06-02 19:17:00,189,1,1.0,296.7
17534.0,1,103,223.36,24.817777777777778,2011-10-17 12:47:00,2011-10-17 12:47:00,53,1,1.0,223.36
17535.0,1,136,164.4,12.646153846153847,2011-03-04 15:20:00,2011-03-04 15:20:00,279,1,1.0,164.4
17536.0,1,6,76.5,25.5,2011-06-15 13:23:00,2011-06-15 13:23:00,176,1,1.0,76.5
17537.0,2,700,897.62,11.968266666666667,2011-02-09 13:37:00,2011-11-10 10:56:00,29,273,0.007326007326007326,6.575970695970696
17538.0,1,134,98.42,10.935555555555556,2011-11-14 12:12:00,2011-11-14 12:12:00,25,1,1.0,98.42
17540.0,2,194,578.9,23.156,2011-01-27 14:35:00,2011-11-15 11:56:00,24,291,0.006872852233676976,3.978694158075601
17542.0,1,134,170.75,6.83,2011-03-15 11:45:00,2011-03-15 11:45:00,269,1,1.0,170.75
17545.0,3,341,645.96,4.454896551724138,2011-10-27 13:48:00,2011-10-27 14:04:00,42,1,3.0,1937.88
17548.0,1,58,103.3,20.66,2011-04-20 12:01:00,2011-04-20 12:01:00,233,1,1.0,103.3
17549.0,2,210,148.86,24.810000000000002,2011-10-19 10:05:00,2011-11-16 09:59:00,23,27,0.07407407407407407,11.026666666666667
17550.0,3,86,267.16,6.360952380952382,2011-04-10 15:19:00,2011-05-26 14:09:00,196,45,0.06666666666666667,17.81066666666667
17551.0,1,150,306.84,7.1358139534883716,2010-12-15 14:12:00,2010-12-15 14:12:00,358,1,1.0,306.84
17552.0,4,719,930.41,18.987959183673468,2010-12-02 18:45:00,2011-10-10 17:00:00,59,311,0.012861736334405145,11.96668810289389
17553.0,1,1048,1487.6,743.8,2011-08-02 10:00:00,2011-08-02 10:00:00,129,1,1.0,1487.6
17554.0,5,1763,1952.45,22.18693181818182,2011-07-14 20:01:00,2011-12-08 14:15:00,0,146,0.03424657534246575,66.86472602739725
17555.0,2,349,483.26,4.559056603773585,2011-01-09 12:31:00,2011-11-20 12:22:00,19,314,0.006369426751592357,3.0780891719745225
17556.0,1,101,157.9,26.316666666666666,2011-05-18 10:48:00,2011-05-18 10:48:00,205,1,1.0,157.9
17557.0,3,306,541.46,15.92529411764706,2011-09-19 14:23:00,2011-11-25 12:57:00,13,66,0.045454545454545456,24.611818181818183
17560.0,4,635,854.95,32.88269230769231,2011-02-02 11:14:00,2011-09-06 09:18:00,94,215,0.018604651162790697,15.906046511627908
17561.0,1,146,167.62,3.643913043478261,2011-11-20 12:53:00,2011-11-20 12:53:00,18,1,1.0,167.62
17562.0,7,817,1122.38,17.81555555555556,2011-06-19 13:06:00,2011-11-25 14:21:00,13,159,0.0440251572327044,49.41295597484277
17564.0,3,146,454.01,9.265510204081632,2011-09-20 14:00:00,2011-11-15 13:27:00,23,55,0.05454545454545454,24.764181818181818
17566.0,2,518,901.21,5.929013157894737,2011-11-14 13:42:00,2011-12-01 19:54:00,7,17,0.11764705882352941,106.02470588235295
17567.0,8,2632,4331.48,26.251393939393935,2010-12-02 15:18:00,2011-12-02 15:48:00,6,365,0.021917808219178082,94.93654794520548
17569.0,1,159,344.14,11.866896551724137,2011-01-11 14:15:00,2011-01-11 14:15:00,331,1,1.0,344.14
17571.0,4,905,1498.51,5.0117391304347825,2011-02-14 15:15:00,2011-10-20 15:57:00,49,248,0.016129032258064516,24.169516129032257
17572.0,4,95,226.75000000000003,18.895833333333336,2010-12-01 12:51:00,2011-09-29 17:53:00,70,302,0.013245033112582781,3.003311258278146
17573.0,3,308,380.6,15.224,2011-09-07 10:36:00,2011-11-10 13:01:00,28,64,0.046875,17.840625000000003
17574.0,1,77,185.65,23.20625,2011-04-11 09:47:00,2011-04-11 09:47:00,242,1,1.0,185.65
17576.0,19,1994,3622.68,8.814306569343065,2010-12-09 16:57:00,2011-12-01 17:56:00,7,357,0.05322128851540616,192.80369747899158
17578.0,1,138,143.45999999999998,28.691999999999997,2011-05-05 18:38:00,2011-05-05 18:38:00,217,1,1.0,143.45999999999998
17579.0,3,258,448.90000000000003,8.978000000000002,2011-06-13 14:12:00,2011-12-05 12:28:00,4,174,0.017241379310344827,7.739655172413793
17580.0,3,88,215.72,4.793777777777778,2010-12-16 15:27:00,2011-04-01 12:41:00,252,105,0.02857142857142857,6.163428571428571
17581.0,25,5927,11045.04,25.102363636363638,2010-12-02 14:47:00,2011-12-09 12:21:00,0,371,0.0673854447439353,744.2749326145553
17582.0,1,123,175.27,6.043793103448277,2011-04-17 13:18:00,2011-04-17 13:18:00,235,1,1.0,175.27
17584.0,2,458,1242.3,35.494285714285716,2011-08-04 14:12:00,2011-12-02 17:12:00,6,120,0.016666666666666666,20.705
17585.0,4,1671,1133.07,5.294719626168224,2011-01-05 15:09:00,2011-08-22 13:30:00,108,228,0.017543859649122806,19.878421052631577
17588.0,3,676,1240.2,53.92173913043479,2011-04-21 10:31:00,2011-08-31 13:37:00,99,132,0.022727272727272728,28.186363636363637
17589.0,4,1631,2404.17,9.502648221343874,2011-04-13 13:47:00,2011-10-10 16:58:00,59,180,0.022222222222222223,53.426
17590.0,3,828,1479.22,7.359303482587065,2011-10-30 14:05:00,2011-12-07 12:55:00,1,37,0.08108108108108109,119.93675675675676
17591.0,7,1009,2225.9700000000003,13.409457831325303,2010-12-07 15:39:00,2011-09-27 13:42:00,72,293,0.023890784982935155,53.18017064846417
17593.0,5,3101,3927.34,18.438215962441316,2010-12-22 10:29:00,2011-12-06 10:30:00,3,349,0.014326647564469915,56.26561604584528
17594.0,2,550,993.18,19.863599999999998,2011-03-30 10:32:00,2011-09-15 16:34:00,84,169,0.011834319526627219,11.75360946745562
17595.0,2,229,388.79,4.68421686746988,2011-11-02 16:19:00,2011-11-27 16:08:00,11,24,0.08333333333333333,32.399166666666666
17596.0,7,4400,2827.93,10.473814814814814,2010-12-06 12:34:00,2011-11-16 14:11:00,22,345,0.020289855072463767,57.37828985507246
17597.0,1,1176,2044.3700000000001,37.17036363636364,2011-05-10 11:54:00,2011-05-10 11:54:00,213,1,1.0,2044.3700000000001
17600.0,1,144,161.67000000000002,12.436153846153847,2011-11-22 09:43:00,2011-11-22 09:43:00,17,1,1.0,161.67000000000002
17601.0,1,103,116.00999999999999,12.889999999999999,2011-04-14 18:02:00,2011-04-14 18:02:00,238,1,1.0,116.00999999999999
17602.0,6,4151,5102.97,9.11244642857143,2011-01-19 16:18:00,2011-12-07 13:53:00,1,321,0.018691588785046728,95.38261682242991
17603.0,1,74,394.72,35.88363636363636,2011-09-22 14:18:00,2011-09-22 14:18:00,77,1,1.0,394.72
17604.0,2,169,309.36,4.91047619047619,2011-01-31 15:09:00,2011-05-06 13:43:00,216,94,0.02127659574468085,6.582127659574469
17608.0,2,232,193.42,3.2783050847457624,2011-11-06 13:00:00,2011-11-06 13:06:00,32,1,2.0,386.84
17609.0,5,723,1112.22,4.692911392405064,2011-01-16 16:23:00,2011-10-30 12:28:00,40,286,0.017482517482517484,19.444405594405595
17611.0,15,2560,3984.22,6.9170486111111105,2010-12-13 13:52:00,2011-12-02 13:29:00,6,353,0.042492917847025496,169.30113314447593
17612.0,6,1808,2048.45,15.173703703703703,2011-02-15 10:40:00,2011-10-17 14:59:00,52,244,0.02459016393442623,50.371721311475405
17613.0,14,2496,4559.150000000001,14.612660256410258,2011-02-07 11:20:00,2011-11-17 10:51:00,22,282,0.04964539007092199,226.34078014184402
17614.0,1,238,390.07,3.9007,2011-10-13 16:01:00,2011-10-13 16:01:00,56,1,1.0,390.07
17615.0,3,140,329.6,23.542857142857144,2011-05-01 15:33:00,2011-08-01 14:06:00,129,91,0.03296703296703297,10.865934065934066
17616.0,3,224,571.1999999999999,190.39999999999998,2010-12-07 10:04:00,2011-06-19 10:11:00,173,194,0.015463917525773196,8.832989690721648
17618.0,3,331,971.58,12.456153846153846,2010-12-12 16:05:00,2011-12-04 11:50:00,5,356,0.008426966292134831,8.18747191011236
17619.0,1,127,218.52,2.837922077922078,2011-01-31 14:18:00,2011-01-31 14:18:00,311,1,1.0,218.52
17620.0,1,60,81.44,20.36,2011-10-11 12:08:00,2011-10-11 12:08:00,59,1,1.0,81.44
17621.0,3,514,1379.9,53.073076923076925,2010-12-20 13:31:00,2011-11-18 17:11:00,20,333,0.009009009009009009,12.431531531531533
17623.0,1,265,527.0500000000001,15.971212121212123,2011-11-07 11:32:00,2011-11-07 11:32:00,32,1,1.0,527.0500000000001
17624.0,2,554,843.48,16.869600000000002,2011-05-05 17:59:00,2011-11-25 10:52:00,14,203,0.009852216748768473,8.310147783251232
17625.0,4,1198,2047.0,6.498412698412698,2011-03-27 12:21:00,2011-11-21 13:36:00,17,239,0.016736401673640166,34.25941422594142
17628.0,1,79,75.75,15.15,2011-09-19 15:21:00,2011-09-19 15:21:00,80,1,1.0,75.75
17629.0,8,1629,1814.12,14.748943089430893,2010-12-15 09:58:00,2011-12-04 10:56:00,5,354,0.022598870056497175,40.99706214689265
17630.0,2,158,503.59999999999997,19.369230769230768,2011-04-21 14:03:00,2011-06-23 11:58:00,169,62,0.03225806451612903,16.245161290322578
17631.0,3,334,528.33,13.546923076923077,2011-04-21 13:22:00,2011-12-08 09:47:00,1,230,0.013043478260869565,6.891260869565218
17633.0,4,644,1324.84,18.92628571428571,2011-08-11 15:43:00,2011-11-08 13:25:00,30,88,0.045454545454545456,60.22
17634.0,9,840,2361.9700000000003,7.952760942760944,2011-01-06 12:45:00,2011-11-03 13:09:00,35,301,0.029900332225913623,70.62368770764121
17636.0,1,182,285.56,14.278,2011-11-20 14:40:00,2011-11-20 14:40:00,18,1,1.0,285.56
17637.0,2,280,547.0600000000001,15.630285714285716,2011-08-16 13:25:00,2011-11-08 12:51:00,30,83,0.024096385542168676,13.182168674698797
17639.0,1,49,108.5,15.5,2011-03-08 15:22:00,2011-03-08 15:22:00,275,1,1.0,108.5
17640.0,1,250,621.66,124.332,2011-09-14 09:13:00,2011-09-14 09:13:00,86,1,1.0,621.66
17642.0,2,474,712.29,17.80725,2011-06-16 12:55:00,2011-08-12 09:11:00,119,56,0.03571428571428571,25.43892857142857
17643.0,1,71,101.55,12.69375,2010-12-01 14:38:00,2010-12-01 14:38:00,372,1,1.0,101.55
17644.0,11,1793,2895.64,18.443566878980892,2011-03-24 09:44:00,2011-12-08 13:43:00,0,259,0.04247104247104247,122.98084942084941
17646.0,3,323,1008.39,19.77235294117647,2010-12-09 14:28:00,2011-05-04 13:17:00,218,145,0.020689655172413793,20.863241379310345
17647.0,1,30,133.06,19.00857142857143,2011-10-05 15:38:00,2011-10-05 15:38:00,64,1,1.0,133.06
17648.0,4,487,1797.5,19.752747252747252,2011-04-04 10:29:00,2011-10-10 09:41:00,60,188,0.02127659574468085,38.244680851063826
17649.0,1,399,868.49,16.70173076923077,2011-07-24 15:53:00,2011-07-24 15:53:00,137,1,1.0,868.49
17650.0,1,150,166.08,20.76,2011-11-18 14:52:00,2011-11-18 14:52:00,20,1,1.0,166.08
17651.0,10,3112,3945.0,17.004310344827587,2011-06-15 15:57:00,2011-11-28 10:29:00,11,165,0.06060606060606061,239.0909090909091
17652.0,12,2509,4867.72,18.794285714285714,2011-03-03 14:05:00,2011-11-14 12:55:00,24,255,0.047058823529411764,229.06917647058825
17653.0,4,1409,1207.56,27.44454545454545,2011-08-11 15:24:00,2011-11-03 12:46:00,36,83,0.04819277108433735,58.19566265060241
17654.0,1,41,117.55,5.343181818181818,2011-03-07 13:17:00,2011-03-07 13:17:00,276,1,1.0,117.55
17655.0,7,1116,2638.94,28.99934065934066,2010-12-08 16:45:00,2011-11-29 11:34:00,10,355,0.01971830985915493,52.03543661971832
17656.0,5,1399,1674.69,20.423048780487804,2011-08-03 10:45:00,2011-09-27 13:04:00,72,55,0.09090909090909091,152.24454545454546
17658.0,2,616,595.42,31.337894736842102,2011-05-12 15:23:00,2011-11-14 12:07:00,25,185,0.010810810810810811,6.436972972972973
17659.0,12,1525,2999.46,18.98392405063291,2010-12-02 16:46:00,2011-11-22 13:29:00,16,354,0.03389830508474576,101.67661016949152
17660.0,1,130,196.0,4.355555555555555,2011-07-21 13:37:00,2011-07-21 13:37:00,140,1,1.0,196.0
17663.0,7,797,1802.91,20.96406976744186,2011-02-25 14:11:00,2011-11-14 08:56:00,25,261,0.02681992337164751,48.353908045977015
17664.0,2,604,604.64,14.061395348837209,2011-05-11 14:17:00,2011-11-21 11:29:00,18,193,0.010362694300518135,6.265699481865285
17666.0,2,596,728.16,40.45333333333333,2011-10-05 11:06:00,2011-12-06 09:06:00,3,61,0.03278688524590164,23.874098360655736
17667.0,5,1033,2055.51,17.71991379310345,2011-02-14 09:24:00,2011-10-04 14:32:00,65,232,0.021551724137931036,44.299784482758625
17668.0,2,93,347.75,23.183333333333334,2011-11-01 14:45:00,2011-12-08 13:25:00,0,36,0.05555555555555555,19.319444444444443
17669.0,7,1916,3406.7200000000003,50.09882352941177,2011-04-04 10:11:00,2011-10-28 08:53:00,42,206,0.03398058252427184,115.76233009708739
17670.0,1,110,205.7,18.7,2011-04-26 09:12:00,2011-04-26 09:12:00,227,1,1.0,205.7
17671.0,4,772,1572.71,29.67377358490566,2010-12-09 14:27:00,2011-11-24 12:21:00,15,349,0.011461318051575931,18.025329512893983
17672.0,2,1690,3178.17,28.892454545454545,2011-02-03 13:29:00,2011-10-20 14:18:00,49,259,0.007722007722007722,24.54185328185328
17673.0,6,1487,1629.12,7.176740088105727,2011-01-23 15:16:00,2011-12-08 12:50:00,1,318,0.018867924528301886,30.738113207547165
17674.0,2,672,551.04,20.40888888888889,2010-12-06 10:20:00,2011-09-26 13:35:00,73,294,0.006802721088435374,3.748571428571428
17675.0,31,8360,20374.28,28.89968794326241,2010-12-07 13:22:00,2011-12-08 18:03:00,0,366,0.08469945355191257,1725.690382513661
17676.0,6,932,1387.68,17.790769230769232,2010-12-08 13:49:00,2011-12-05 15:16:00,3,362,0.016574585635359115,23.00022099447514
17677.0,30,9775,16363.23,53.82641447368421,2010-12-06 08:42:00,2011-12-08 09:56:00,1,367,0.08174386920980926,1337.5937329700273
17678.0,1,207,298.11,18.631875,2011-03-21 11:52:00,2011-03-21 11:52:00,263,1,1.0,298.11
17679.0,2,729,1992.1100000000001,66.40366666666667,2011-09-15 10:35:00,2011-10-18 07:43:00,52,32,0.0625,124.50687500000001
17680.0,1,96,184.4,16.763636363636365,2011-11-16 12:42:00,2011-11-16 12:42:00,23,1,1.0,184.4
17682.0,6,1367,2474.33,20.968898305084746,2010-12-06 13:35:00,2011-11-29 15:59:00,9,358,0.01675977653631285,41.46921787709497
17684.0,1,145,239.41,15.960666666666667,2011-10-27 11:10:00,2011-10-27 11:10:00,43,1,1.0,239.41
17685.0,7,1956,3191.53,24.550230769230772,2010-12-02 14:42:00,2011-11-23 11:36:00,16,355,0.01971830985915493,62.93157746478874
17686.0,7,2478,5739.46,20.06804195804196,2011-02-10 10:18:00,2011-12-02 15:39:00,6,295,0.023728813559322035,136.19057627118644
17690.0,15,1773,4757.95,18.5857421875,2010-12-01 16:15:00,2011-11-09 15:17:00,29,342,0.043859649122807015,208.68201754385964
17691.0,2,134,290.40000000000003,15.28421052631579,2010-12-06 11:10:00,2010-12-16 17:20:00,357,10,0.2,58.08000000000001
17692.0,4,672,740.9399999999999,16.107391304347825,2010-12-15 13:37:00,2011-08-04 14:01:00,126,232,0.017241379310344827,12.774827586206895
17693.0,1,231,200.47,12.529375,2011-07-25 15:48:00,2011-07-25 15:48:00,136,1,1.0,200.47
17694.0,1,184,283.12,18.874666666666666,2011-07-21 12:00:00,2011-07-21 12:00:00,141,1,1.0,283.12
17695.0,2,779,765.34,21.866857142857143,2011-06-21 12:35:00,2011-07-31 10:40:00,131,39,0.05128205128205128,39.24820512820513
17696.0,8,1756,2285.71,19.875739130434784,2010-12-10 09:51:00,2011-11-01 13:43:00,37,326,0.024539877300613498,56.09104294478528
17697.0,1,93,338.95,17.839473684210525,2011-04-17 15:40:00,2011-04-17 15:40:00,235,1,1.0,338.95
17698.0,1,93,154.95,19.36875,2011-03-24 11:34:00,2011-03-24 11:34:00,260,1,1.0,154.95
17700.0,4,1266,2534.64,17.84957746478873,2011-03-03 16:34:00,2011-11-23 11:51:00,16,264,0.015151515151515152,38.403636363636366
17701.0,1,109,417.95,17.414583333333333,2011-04-01 12:25:00,2011-04-01 12:25:00,252,1,1.0,417.95
17702.0,4,1353,1824.37,24.653648648648648,2011-05-17 16:23:00,2011-11-09 16:03:00,29,175,0.022857142857142857,41.69988571428571
17703.0,3,590,798.74,14.522545454545455,2011-07-24 13:30:00,2011-11-04 15:51:00,34,103,0.02912621359223301,23.264271844660197
17704.0,2,343,885.19,28.554516129032258,2011-04-14 09:28:00,2011-06-24 09:40:00,168,71,0.028169014084507043,24.93492957746479
17705.0,9,963,1823.52,17.70407766990291,2011-02-11 10:57:00,2011-12-06 13:45:00,2,298,0.030201342281879196,55.07275167785235
17706.0,17,3899,10504.49,27.498664921465966,2010-12-08 11:02:00,2011-12-05 13:34:00,3,362,0.04696132596685083,493.30477900552484
17707.0,2,144,152.4,30.48,2011-01-07 13:30:00,2011-06-07 15:03:00,184,151,0.013245033112582781,2.018543046357616
17708.0,2,91,267.08,7.630857142857143,2011-01-19 10:09:00,2011-06-05 10:12:00,187,137,0.014598540145985401,3.8989781021897807
17709.0,1,17,137.45,19.635714285714283,2011-06-23 11:55:00,2011-06-23 11:55:00,169,1,1.0,137.45
17711.0,2,246,385.1,16.743478260869566,2011-02-23 11:32:00,2011-11-29 11:40:00,10,279,0.007168458781362007,2.760573476702509
17712.0,1,215,522.91,18.031379310344825,2011-10-26 12:28:00,2011-10-26 12:28:00,44,1,1.0,522.91
17714.0,1,92,153.0,15.3,2011-01-23 10:32:00,2011-01-23 10:32:00,320,1,1.0,153.0
17715.0,1,384,326.4,326.4,2011-05-23 12:32:00,2011-05-23 12:32:00,200,1,1.0,326.4
17716.0,11,3072,5655.99,23.085673469387753,2011-03-17 10:38:00,2011-11-17 12:00:00,22,245,0.044897959183673466,253.94240816326527
17718.0,1,83,139.35,23.224999999999998,2011-04-21 13:39:00,2011-04-21 13:39:00,231,1,1.0,139.35
17719.0,15,2466,5396.04,19.693576642335767,2011-03-29 11:29:00,2011-11-02 10:36:00,37,217,0.06912442396313365,372.9981566820277
17720.0,4,576,1195.94,23.9188,2010-12-07 10:43:00,2011-11-13 15:04:00,25,341,0.011730205278592375,14.028621700879766
17722.0,4,1595,2424.04,21.078608695652175,2010-12-08 12:41:00,2011-09-04 15:22:00,95,270,0.014814814814814815,35.91170370370371
17723.0,6,792,3276.4000000000005,327.64000000000004,2011-05-09 14:44:00,2011-08-04 18:37:00,126,87,0.06896551724137931,225.95862068965522
17724.0,3,300,1033.0,25.825,2011-07-24 13:26:00,2011-09-29 15:26:00,70,67,0.04477611940298507,46.253731343283576
17725.0,11,2162,3439.08,17.911875,2011-03-17 19:47:00,2011-11-23 16:34:00,15,250,0.044,151.31951999999998
17727.0,1,645,1060.25,16.064393939393938,2011-11-24 17:06:00,2011-11-24 17:06:00,14,1,1.0,1060.25
17728.0,3,1469,2876.01,17.430363636363637,2011-09-14 11:39:00,2011-12-06 08:52:00,3,82,0.036585365853658534,105.21987804878049
17730.0,13,3576,5298.4800000000005,24.304954128440368,2011-01-17 14:49:00,2011-12-06 15:43:00,2,323,0.04024767801857585,213.2515170278638
17731.0,4,493,1240.11,18.509104477611938,2011-06-09 14:18:00,2011-09-21 15:02:00,78,104,0.038461538461538464,47.69653846153846
17732.0,1,93,303.97,16.887222222222224,2010-12-02 09:29:00,2010-12-02 09:29:00,372,1,1.0,303.97
17733.0,2,463,692.19,19.776857142857143,2011-03-23 09:54:00,2011-11-01 08:16:00,38,222,0.009009009009009009,6.2359459459459465
17734.0,3,422,700.63,16.293720930232556,2011-04-20 10:04:00,2011-10-17 12:33:00,53,180,0.016666666666666666,11.677166666666666
17735.0,19,8439,13110.02,19.000028985507246,2010-12-07 10:32:00,2011-12-07 16:47:00,1,365,0.052054794520547946,682.4393972602741
17736.0,3,238,377.44,15.0976,2011-08-18 14:33:00,2011-11-30 15:36:00,8,104,0.028846153846153848,10.887692307692308
17737.0,2,108,168.24,16.824,2011-10-12 14:42:00,2011-11-30 15:16:00,8,49,0.04081632653061224,6.866938775510204
17738.0,4,1029,1879.05,19.371649484536082,2011-03-02 16:26:00,2011-11-20 15:05:00,18,262,0.015267175572519083,28.687786259541983
17739.0,7,861,2791.35,59.39042553191489,2010-12-14 14:26:00,2011-11-28 09:12:00,11,348,0.020114942528735632,56.147844827586205
17742.0,2,89,355.11,23.674,2011-01-11 10:04:00,2011-08-18 15:28:00,112,219,0.0091324200913242,3.2430136986301368
17744.0,6,3412,2322.4,17.076470588235296,2010-12-16 14:17:00,2011-12-06 12:11:00,3,354,0.01694915254237288,39.36271186440678
17746.0,1,29,110.25,18.375,2011-04-13 14:31:00,2011-04-13 14:31:00,239,1,1.0,110.25
17747.0,1,12,71.4,71.4,2011-08-19 08:13:00,2011-08-19 08:13:00,112,1,1.0,71.4
17749.0,2,320,674.52,19.272,2011-03-28 13:39:00,2011-06-14 15:45:00,177,78,0.02564102564102564,17.295384615384613
17750.0,9,3957,1797.57,9.313834196891191,2011-06-28 15:44:00,2011-12-04 14:09:00,4,158,0.056962025316455694,102.39322784810126
17752.0,1,192,80.64,80.64,2010-12-15 16:19:00,2010-12-15 16:19:00,358,1,1.0,80.64
17754.0,5,1869,1772.26,19.26369565217391,2011-03-24 13:54:00,2011-12-09 11:20:00,0,259,0.019305019305019305,34.21351351351351
17757.0,30,3320,5605.29,7.564493927125506,2010-12-02 17:17:00,2011-12-08 15:31:00,0,370,0.08108108108108109,454.482972972973
17758.0,8,2091,3456.7000000000003,8.390048543689321,2011-04-03 15:22:00,2011-11-20 14:45:00,18,230,0.034782608695652174,120.23304347826088
17759.0,3,708,834.99,8.789368421052632,2011-06-23 13:35:00,2011-11-22 16:02:00,16,152,0.019736842105263157,16.480065789473684
17760.0,2,239,287.59,11.503599999999999,2010-12-01 15:08:00,2011-11-18 10:56:00,21,351,0.005698005698005698,1.6386894586894587
17761.0,1,398,712.78,37.514736842105265,2011-11-07 10:23:00,2011-11-07 10:23:00,32,1,1.0,712.78
17763.0,1,12,15.0,15.0,2011-03-21 14:25:00,2011-03-21 14:25:00,262,1,1.0,15.0
17764.0,2,395,818.8199999999999,10.917599999999998,2011-05-12 16:11:00,2011-10-20 11:03:00,50,160,0.0125,10.23525
17765.0,3,144,371.88,6.524210526315789,2011-03-28 11:58:00,2011-07-04 12:41:00,158,98,0.030612244897959183,11.38408163265306
17767.0,1,128,271.2,12.914285714285715,2011-11-24 14:42:00,2011-11-24 14:42:00,14,1,1.0,271.2
17768.0,3,1186,2273.1800000000003,21.649333333333335,2011-06-26 13:46:00,2011-12-01 13:22:00,7,157,0.01910828025477707,43.43656050955414
17769.0,10,1862,3997.98,12.896709677419356,2011-01-23 11:15:00,2011-11-27 11:18:00,12,308,0.032467532467532464,129.80454545454543
17770.0,5,365,1143.27,30.086052631578948,2011-03-02 13:35:00,2011-05-25 12:34:00,198,83,0.060240963855421686,68.87168674698795
17771.0,2,287,245.81,4.552037037037037,2011-01-20 14:13:00,2011-10-14 11:43:00,56,266,0.007518796992481203,1.8481954887218044
17772.0,2,58,182.77,3.448490566037736,2011-11-29 10:57:00,2011-11-29 11:05:00,10,1,2.0,365.54
17774.0,4,512,1225.41,7.855192307692308,2011-02-07 13:13:00,2011-09-04 12:49:00,96,208,0.019230769230769232,23.565576923076925
17775.0,1,72,56.4,18.8,2011-03-30 10:50:00,2011-03-30 10:50:00,254,1,1.0,56.4
17777.0,3,507,665.86,3.4322680412371134,2011-08-31 14:35:00,2011-11-15 12:02:00,24,75,0.04,26.6344
17779.0,3,397,658.57,8.031341463414634,2011-07-19 12:19:00,2011-11-18 14:15:00,20,122,0.02459016393442623,16.194344262295083
17781.0,2,34,188.02,15.668333333333335,2011-03-31 19:54:00,2011-07-03 16:00:00,158,93,0.021505376344086023,4.043440860215054
17783.0,2,354,283.47,4.23089552238806,2011-04-06 10:07:00,2011-09-28 16:07:00,71,175,0.011428571428571429,3.2396571428571432
17785.0,1,67,131.94,10.149230769230769,2011-10-17 13:43:00,2011-10-17 13:43:00,52,1,1.0,131.94
17786.0,2,200,278.74,3.871388888888889,2011-01-26 14:35:00,2011-09-15 12:51:00,84,231,0.008658008658008658,2.4133333333333336
17787.0,4,910,1865.19,13.919328358208956,2010-12-03 13:43:00,2011-07-10 11:24:00,152,218,0.01834862385321101,34.223669724770645
17788.0,2,211,1117.9,223.58,2011-08-02 10:38:00,2011-09-27 10:09:00,73,55,0.03636363636363636,40.650909090909096
17789.0,1,74,225.9,16.135714285714286,2011-03-03 13:14:00,2011-03-03 13:14:00,280,1,1.0,225.9
17790.0,14,836,1965.55,10.345,2010-12-10 10:47:00,2011-11-13 11:30:00,26,338,0.04142011834319527,81.41331360946747
17791.0,1,46,106.1,10.61,2011-11-10 12:09:00,2011-11-10 12:09:00,29,1,1.0,106.1
17793.0,1,232,323.04,5.5696551724137935,2011-11-14 14:24:00,2011-11-14 14:24:00,24,1,1.0,323.04
17795.0,2,341,350.39,7.617173913043478,2011-03-20 12:02:00,2011-06-13 12:36:00,179,85,0.023529411764705882,8.244470588235293
17796.0,4,178,697.9,8.510975609756096,2010-12-05 12:23:00,2011-10-30 15:38:00,39,329,0.0121580547112462,8.485106382978723
17797.0,3,498,780.43,7.0309009009009005,2011-06-10 11:29:00,2011-11-17 13:21:00,21,160,0.01875,14.633062499999998
17799.0,10,1758,3055.93,7.490024509803921,2010-12-13 13:10:00,2011-11-17 15:16:00,21,339,0.029498525073746312,90.14542772861357
17800.0,9,736,1199.01,11.528942307692308,2011-01-09 13:50:00,2011-11-02 12:57:00,36,296,0.030405405405405407,36.456385135135136
17802.0,3,752,1285.04,9.178857142857142,2010-12-02 13:44:00,2011-09-18 14:56:00,81,290,0.010344827586206896,13.293517241379309
17805.0,1,478,512.31,51.230999999999995,2011-09-27 11:49:00,2011-09-27 11:49:00,73,1,1.0,512.31
17806.0,1,727,546.04,12.698604651162789,2011-11-28 14:12:00,2011-11-28 14:12:00,10,1,1.0,546.04
17809.0,12,2057,5411.91,88.71983606557377,2010-12-01 09:41:00,2011-11-23 12:59:00,15,357,0.03361344537815126,181.91294117647058
17811.0,39,4177,7837.7300000000005,9.210023501762633,2011-01-10 10:58:00,2011-12-05 13:46:00,3,329,0.11854103343465046,929.092613981763
17812.0,4,350,732.16,5.192624113475177,2010-12-06 15:27:00,2011-11-27 11:47:00,12,355,0.011267605633802818,8.24969014084507
17813.0,5,790,1770.8799999999999,4.773261455525606,2011-09-29 15:57:00,2011-11-25 16:13:00,13,57,0.08771929824561403,155.34035087719298
17816.0,4,30,36.56,2.150588235294118,2010-12-09 14:10:00,2011-11-03 11:34:00,36,328,0.012195121951219513,0.44585365853658543
17817.0,3,67,387.68,11.747878787878788,2011-03-07 17:30:00,2011-12-05 14:39:00,3,272,0.011029411764705883,4.275882352941177
17819.0,7,1031,3704.87,77.18479166666667,2010-12-03 14:26:00,2011-09-29 10:52:00,71,299,0.023411371237458192,86.73608695652173
17824.0,1,408,298.4,22.95384615384615,2011-10-19 14:14:00,2011-10-19 14:14:00,50,1,1.0,298.4
17827.0,5,1247,1995.46,9.070272727272727,2010-12-10 10:18:00,2011-12-04 15:00:00,4,359,0.013927576601671309,27.79192200557103
17828.0,4,667,1820.09,27.1655223880597,2011-06-08 08:31:00,2011-11-17 08:41:00,22,162,0.024691358024691357,44.94049382716049
17829.0,1,496,889.24,29.641333333333332,2011-02-14 12:46:00,2011-02-14 12:46:00,298,1,1.0,889.24
17830.0,3,92,398.7,17.33478260869565,2011-02-24 10:15:00,2011-12-08 12:28:00,1,287,0.010452961672473868,4.1675958188153315
17831.0,1,12,35.400000000000006,17.700000000000003,2011-11-06 15:09:00,2011-11-06 15:09:00,32,1,1.0,35.400000000000006
17832.0,1,208,155.37,2.547049180327869,2011-10-21 11:43:00,2011-10-21 11:43:00,49,1,1.0,155.37
17835.0,3,348,350.64,5.7481967213114755,2011-11-16 16:30:00,2011-12-07 11:48:00,2,20,0.15,52.596
17836.0,1,88,110.21000000000001,4.592083333333334,2011-10-23 16:13:00,2011-10-23 16:13:00,46,1,1.0,110.21000000000001
17837.0,8,518,1593.38,9.42828402366864,2011-06-29 16:44:00,2011-10-28 16:13:00,41,120,0.06666666666666667,106.22533333333334
17838.0,5,1879,2779.3,22.969421487603306,2010-12-02 15:55:00,2011-11-13 11:20:00,26,345,0.014492753623188406,40.27971014492754
17839.0,1,285,338.8,6.05,2011-10-28 17:27:00,2011-10-28 17:27:00,41,1,1.0,338.8
17841.0,124,23071,40991.57,5.223852427679368,2010-12-01 14:41:00,2011-12-08 12:07:00,1,371,0.33423180592991913,13700.686469002696
17843.0,1,113,205.48,5.553513513513513,2011-02-09 15:33:00,2011-02-09 15:33:00,302,1,1.0,205.48
17844.0,1,52,51.559999999999995,10.312,2011-08-25 11:27:00,2011-08-25 11:27:00,106,1,1.0,51.559999999999995
17846.0,1,1,2033.1,2033.1,2011-09-15 15:20:00,2011-09-15 15:20:00,84,1,1.0,2033.1
17848.0,9,398,901.1999999999999,17.670588235294115,2010-12-16 18:38:00,2011-09-19 16:49:00,80,276,0.03260869565217391,29.386956521739126
17849.0,4,114,605.8000000000001,23.300000000000004,2011-01-10 11:59:00,2011-05-05 13:46:00,217,115,0.034782608695652174,21.07130434782609
17850.0,34,1733,5391.21,18.15222222222222,2010-12-01 08:26:00,2010-12-02 15:27:00,371,1,34.0,183301.14
17852.0,2,53,114.34,4.764166666666667,2011-11-28 12:31:00,2011-11-28 12:36:00,11,1,2.0,228.68
17854.0,2,84,311.26,20.750666666666667,2011-04-26 16:53:00,2011-06-07 16:21:00,184,41,0.04878048780487805,15.183414634146342
17855.0,1,197,208.97,12.292352941176471,2010-12-02 09:44:00,2010-12-02 09:44:00,372,1,1.0,208.97
17856.0,4,842,1418.03,94.53533333333333,2011-03-03 11:40:00,2011-12-08 09:40:00,1,279,0.014336917562724014,20.330179211469535
17857.0,23,19256,26879.04,497.76,2010-12-09 11:35:00,2011-12-05 13:13:00,3,361,0.06371191135734072,1712.5150138504157
17858.0,12,2706,5155.66,25.9078391959799,2010-12-05 13:08:00,2011-12-04 11:56:00,5,363,0.03305785123966942,170.43504132231405
17859.0,1,127,148.21,5.9284,2011-02-08 10:32:00,2011-02-08 10:32:00,304,1,1.0,148.21
17860.0,1,104,252.8,4.358620689655172,2010-12-06 12:41:00,2010-12-06 12:41:00,368,1,1.0,252.8
17861.0,8,1988,2100.8,9.463063063063064,2011-01-24 11:34:00,2011-12-06 16:21:00,2,316,0.02531645569620253,53.184810126582285
17862.0,1,100,330.9,30.08181818181818,2011-01-20 12:23:00,2011-01-20 12:23:00,323,1,1.0,330.9
17863.0,6,2638,3160.0,21.35135135135135,2010-12-05 13:21:00,2011-10-11 13:45:00,58,310,0.01935483870967742,61.16129032258065
17864.0,3,810,597.5,5.857843137254902,2011-03-09 11:44:00,2011-11-27 11:15:00,12,262,0.011450381679389313,6.841603053435114
17865.0,20,5757,10526.32,28.449513513513512,2010-12-10 14:53:00,2011-11-09 12:08:00,30,333,0.06006006006006006,632.2114114114114
17866.0,1,174,329.65,36.62777777777777,2011-07-20 11:07:00,2011-07-20 11:07:00,142,1,1.0,329.65
17867.0,6,542,1197.1000000000001,15.153164556962027,2011-02-24 12:25:00,2011-11-09 14:15:00,29,258,0.023255813953488372,27.839534883720933
17869.0,5,111,428.18,10.7045,2010-12-06 17:16:00,2011-08-24 16:16:00,106,260,0.019230769230769232,8.23423076923077
17870.0,12,1401,1894.35,6.7897849462365585,2010-12-08 08:12:00,2011-12-07 15:07:00,1,364,0.03296703296703297,62.4510989010989
17871.0,1,182,155.9,15.59,2011-05-19 11:32:00,2011-05-19 11:32:00,204,1,1.0,155.9
17873.0,5,1047,1859.16,42.25363636363637,2010-12-01 14:54:00,2011-09-20 16:41:00,79,293,0.017064846416382253,31.72627986348123
17874.0,6,221,683.46,14.857826086956523,2011-03-29 11:25:00,2011-06-07 12:54:00,184,70,0.08571428571428572,58.58228571428572
17877.0,1,98,237.61,19.800833333333333,2011-06-22 13:00:00,2011-06-22 13:00:00,169,1,1.0,237.61
17878.0,1,401,379.45,14.59423076923077,2011-10-27 11:24:00,2011-10-27 11:24:00,43,1,1.0,379.45
17879.0,1,45,178.51999999999998,29.75333333333333,2011-06-19 12:36:00,2011-06-19 12:36:00,173,1,1.0,178.51999999999998
17880.0,1,314,458.92,17.65076923076923,2010-12-10 10:21:00,2010-12-10 10:21:00,364,1,1.0,458.92
17881.0,1,32,133.35000000000002,16.668750000000003,2011-02-08 17:16:00,2011-02-08 17:16:00,303,1,1.0,133.35000000000002
17883.0,4,379,671.77,4.632896551724138,2011-04-07 19:16:00,2011-12-06 17:49:00,2,242,0.01652892561983471,11.103636363636364
17884.0,4,854,717.45,6.1320512820512825,2010-12-03 12:11:00,2011-12-06 11:33:00,3,367,0.010899182561307902,7.819618528610355
17885.0,1,167,190.19,2.97171875,2011-11-27 14:40:00,2011-11-27 14:40:00,11,1,1.0,190.19
17886.0,3,481,899.61,8.253302752293578,2011-04-04 12:34:00,2011-11-08 10:09:00,31,217,0.013824884792626729,12.437004608294933
17887.0,1,30,111.35,11.135,2011-08-02 17:29:00,2011-08-02 17:29:00,128,1,1.0,111.35
17888.0,8,980,726.05,10.836567164179105,2010-12-17 13:56:00,2011-11-18 13:45:00,20,335,0.023880597014925373,17.338507462686565
17889.0,2,79,203.87,9.708095238095238,2011-01-21 17:14:00,2011-05-11 16:26:00,211,109,0.01834862385321101,3.740733944954129
17890.0,2,416,602.09,6.405212765957447,2010-12-13 15:12:00,2011-01-21 11:19:00,322,38,0.05263157894736842,31.688947368421054
17891.0,1,393,203.85999999999999,5.995882352941176,2011-06-30 20:08:00,2011-06-30 20:08:00,161,1,1.0,203.85999999999999
17892.0,3,109,244.1,8.717857142857143,2011-07-07 12:56:00,2011-10-14 16:49:00,55,99,0.030303030303030304,7.396969696969697
17893.0,1,161,112.25,7.015625,2011-04-28 13:50:00,2011-04-28 13:50:00,224,1,1.0,112.25
17894.0,8,405,1119.81,5.802124352331606,2010-12-08 14:50:00,2011-09-29 09:23:00,71,294,0.027210884353741496,30.471020408163263
17895.0,1,130,98.0,6.125,2011-10-26 17:00:00,2011-10-26 17:00:00,43,1,1.0,98.0
17896.0,1,288,256.32,128.16,2011-11-16 13:59:00,2011-11-16 13:59:00,22,1,1.0,256.32
17897.0,3,229,566.6,4.970175438596492,2010-12-01 12:31:00,2011-06-20 11:23:00,172,200,0.015,8.499
17898.0,2,190,152.06,5.430714285714286,2011-05-16 17:13:00,2011-09-15 14:56:00,84,121,0.01652892561983471,2.5133884297520663
17899.0,1,171,155.8,4.86875,2011-07-03 14:58:00,2011-07-03 14:58:00,158,1,1.0,155.8
17900.0,2,73,112.19999999999999,18.7,2011-06-02 14:28:00,2011-06-02 14:38:00,189,1,2.0,224.39999999999998
17901.0,1,24,110.38,5.809473684210526,2011-11-10 17:29:00,2011-11-10 17:29:00,28,1,1.0,110.38
17904.0,1,63,191.67,5.043947368421052,2011-11-18 12:57:00,2011-11-18 12:57:00,20,1,1.0,191.67
17905.0,4,407,800.24,23.536470588235293,2010-12-01 13:21:00,2011-09-29 17:33:00,70,302,0.013245033112582781,10.599205298013246
17906.0,1,26,72.9,6.075,2011-04-06 17:25:00,2011-04-06 17:25:00,246,1,1.0,72.9
17908.0,1,173,243.28,4.19448275862069,2010-12-01 11:45:00,2010-12-01 11:45:00,373,1,1.0,243.28
17911.0,1,223,366.23,9.390512820512821,2011-11-30 14:52:00,2011-11-30 14:52:00,8,1,1.0,366.23
17912.0,5,185,311.01,8.184473684210525,2010-12-10 11:11:00,2011-02-02 14:25:00,309,54,0.09259259259259259,28.79722222222222
17913.0,2,289,411.6,6.976271186440679,2010-12-19 11:35:00,2011-10-12 10:45:00,58,296,0.006756756756756757,2.7810810810810813
17914.0,1,473,336.43,4.205375,2011-12-06 11:58:00,2011-12-06 11:58:00,3,1,1.0,336.43
17917.0,3,187,341.28,3.63063829787234,2010-12-12 12:08:00,2011-10-25 13:20:00,44,317,0.00946372239747634,3.229779179810725
17919.0,1,756,1304.04,56.697391304347825,2011-09-12 13:41:00,2011-09-12 13:41:00,87,1,1.0,1304.04
17920.0,17,2516,4204.1,6.040373563218392,2010-12-01 11:49:00,2011-12-05 14:29:00,3,369,0.04607046070460705,193.6848238482385
17921.0,4,430,826.52,5.700137931034483,2011-03-18 13:19:00,2011-10-06 18:56:00,63,202,0.019801980198019802,16.366732673267325
17923.0,1,50,207.50000000000003,207.50000000000003,2011-03-02 15:15:00,2011-03-02 15:15:00,281,1,1.0,207.50000000000003
17924.0,7,1160,2962.5,95.56451612903226,2010-12-01 10:51:00,2011-11-28 09:11:00,11,361,0.019390581717451522,57.44459833795013
17925.0,1,72,244.08,244.08,2010-12-02 10:10:00,2010-12-02 10:10:00,372,1,1.0,244.08
17926.0,2,306,397.29,18.91857142857143,2011-05-20 09:24:00,2011-07-29 14:39:00,132,70,0.02857142857142857,11.351142857142857
17928.0,2,140,212.54,9.240869565217391,2011-04-07 18:03:00,2011-10-25 13:52:00,44,200,0.01,2.1254
17929.0,4,108,843.0,168.6,2011-02-04 11:40:00,2011-11-28 16:01:00,10,297,0.013468013468013467,11.353535353535353
17930.0,5,1594,1740.48,44.62769230769231,2011-04-14 15:46:00,2011-11-04 10:23:00,35,203,0.024630541871921183,42.868965517241385
17931.0,2,249,408.36,6.282461538461539,2011-03-29 12:31:00,2011-07-28 18:33:00,133,121,0.01652892561983471,6.749752066115703
17932.0,3,789,1331.57,14.795222222222222,2011-05-12 13:58:00,2011-11-10 19:49:00,28,182,0.016483516483516484,21.948956043956045
17934.0,2,478,704.25,33.535714285714285,2011-10-12 10:50:00,2011-10-19 11:16:00,51,7,0.2857142857142857,201.2142857142857
17935.0,2,82,145.79,5.027241379310345,2011-07-21 11:23:00,2011-07-24 13:18:00,137,3,0.6666666666666666,97.19333333333333
17936.0,1,262,389.84,5.062857142857142,2011-12-04 13:32:00,2011-12-04 13:32:00,4,1,1.0,389.84
17937.0,7,1754,4301.22,100.02837209302326,2010-12-12 14:43:00,2011-12-01 11:45:00,8,353,0.019830028328611898,85.29331444759207
17939.0,1,40,99.14,8.261666666666667,2011-07-03 12:27:00,2011-07-03 12:27:00,159,1,1.0,99.14
17940.0,10,9755,4106.4400000000005,216.1284210526316,2011-02-10 09:29:00,2011-10-21 13:27:00,48,253,0.039525691699604744,162.30988142292492
17941.0,1,252,304.56,152.28,2011-08-01 08:30:00,2011-08-01 08:30:00,130,1,1.0,304.56
17942.0,1,38,77.50000000000001,38.75000000000001,2011-12-02 10:45:00,2011-12-02 10:45:00,7,1,1.0,77.50000000000001
17946.0,2,75,149.57999999999998,7.478999999999999,2011-03-25 14:34:00,2011-04-20 17:00:00,232,26,0.07692307692307693,11.506153846153845
17947.0,1,168,176.68,19.63111111111111,2011-11-02 13:05:00,2011-11-02 13:05:00,36,1,1.0,176.68
17948.0,1,144,358.56000000000006,358.56000000000006,2011-07-15 12:58:00,2011-07-15 12:58:00,146,1,1.0,358.56000000000006
17949.0,45,30546,58510.48,835.864,2010-12-03 13:12:00,2011-12-08 18:46:00,0,370,0.12162162162162163,7116.13945945946
17950.0,3,366,482.2,6.791549295774648,2010-12-09 15:16:00,2011-09-28 15:18:00,71,293,0.010238907849829351,4.937201365187713
17951.0,3,616,1008.5400000000001,50.42700000000001,2010-12-01 12:40:00,2011-10-31 12:30:00,39,333,0.009009009009009009,9.085945945945946
17954.0,12,2234,2332.72,4.809731958762886,2010-12-03 14:18:00,2011-12-04 14:15:00,4,365,0.03287671232876712,76.69216438356163
17955.0,4,273,557.3,29.331578947368417,2011-05-04 12:29:00,2011-05-25 12:00:00,198,20,0.2,111.46
17956.0,1,1,12.75,12.75,2011-04-04 13:47:00,2011-04-04 13:47:00,248,1,1.0,12.75
17957.0,1,287,111.68,3.6025806451612907,2011-10-04 14:58:00,2011-10-04 14:58:00,65,1,1.0,111.68
17958.0,1,84,508.4599999999999,72.63714285714285,2011-08-15 12:19:00,2011-08-15 12:19:00,116,1,1.0,508.4599999999999
17960.0,1,41,73.78,2.8376923076923077,2011-06-21 14:15:00,2011-06-21 14:15:00,170,1,1.0,73.78
17961.0,39,560,1296.44,5.206586345381527,2010-12-02 19:18:00,2011-11-18 16:55:00,20,350,0.11142857142857143,144.46045714285717
17962.0,1,128,102.83,2.938,2011-07-20 14:16:00,2011-07-20 14:16:00,141,1,1.0,102.83
17964.0,2,301,471.7,4.535576923076923,2010-12-02 13:32:00,2011-11-08 10:44:00,31,340,0.0058823529411764705,2.774705882352941
17965.0,14,1556,2622.57,7.971337386018238,2010-12-05 15:54:00,2011-11-02 09:31:00,37,331,0.04229607250755287,110.92441087613294
17966.0,5,2571,1098.43,16.15338235294118,2011-03-23 17:25:00,2011-11-02 10:26:00,37,223,0.02242152466367713,24.62847533632287
17967.0,1,80,123.07,2.5639583333333333,2010-12-03 11:19:00,2010-12-03 11:19:00,371,1,1.0,123.07
17968.0,1,160,277.35,3.2629411764705885,2010-12-01 12:23:00,2010-12-01 12:23:00,373,1,1.0,277.35
17969.0,2,152,228.2,16.3,2010-12-13 15:34:00,2011-06-26 13:00:00,165,194,0.010309278350515464,2.3525773195876285
17970.0,1,525,582.59,18.793225806451613,2011-05-12 20:03:00,2011-05-12 20:03:00,210,1,1.0,582.59
17972.0,1,37,136.04,4.388387096774193,2011-04-12 12:16:00,2011-04-12 12:16:00,241,1,1.0,136.04
17973.0,1,176,337.04,22.469333333333335,2011-10-19 10:34:00,2011-10-19 10:34:00,51,1,1.0,337.04
17974.0,3,519,740.79,4.138491620111732,2011-05-04 11:50:00,2011-11-15 11:37:00,24,194,0.015463917525773196,11.455515463917525
17975.0,13,1568,4488.81,15.16489864864865,2010-12-08 11:38:00,2011-11-24 13:27:00,14,351,0.037037037037037035,166.25222222222223
17976.0,1,106,353.19,5.433692307692308,2010-12-02 13:49:00,2010-12-02 13:49:00,371,1,1.0,353.19
17977.0,1,342,288.14,13.72095238095238,2011-11-10 13:28:00,2011-11-10 13:28:00,28,1,1.0,288.14
17978.0,1,499,300.91999999999996,25.076666666666664,2010-12-09 14:05:00,2010-12-09 14:05:00,364,1,1.0,300.91999999999996
17979.0,4,397,757.71,5.189794520547945,2011-03-25 11:34:00,2011-11-04 12:05:00,35,224,0.017857142857142856,13.530535714285714
17980.0,3,682,811.45,27.048333333333336,2010-12-15 15:50:00,2011-06-27 12:01:00,165,193,0.015544041450777202,12.61321243523316
17984.0,1,98,152.68,3.1808333333333336,2011-07-17 15:59:00,2011-07-17 15:59:00,144,1,1.0,152.68
17985.0,1,183,634.95,27.606521739130436,2011-11-17 14:24:00,2011-11-17 14:24:00,21,1,1.0,634.95
17986.0,1,10,20.8,20.8,2011-10-14 14:22:00,2011-10-14 14:22:00,55,1,1.0,20.8
17987.0,1,261,198.57,15.274615384615384,2011-06-07 14:22:00,2011-06-07 14:22:00,184,1,1.0,198.57
17988.0,7,43,201.12,5.292631578947368,2011-01-17 11:59:00,2011-11-28 11:00:00,11,314,0.022292993630573247,4.483566878980891
17990.0,3,414,630.84,21.753103448275862,2010-12-13 12:10:00,2011-04-17 11:44:00,236,124,0.024193548387096774,15.262258064516129
17991.0,2,25,93.35,18.669999999999998,2011-04-27 16:39:00,2011-04-28 15:58:00,224,1,2.0,186.7
17994.0,4,497,678.49,8.37641975308642,2011-02-22 11:02:00,2011-08-10 11:41:00,121,169,0.023668639053254437,16.058934911242602
17995.0,1,133,76.1,38.05,2011-03-03 12:30:00,2011-03-03 12:30:00,281,1,1.0,76.1
17997.0,8,2298,1970.6699999999998,11.871506024096385,2011-06-28 17:28:00,2011-09-26 16:13:00,73,89,0.0898876404494382,177.13887640449437
17999.0,2,221,382.06,4.108172043010753,2010-12-08 15:17:00,2011-11-02 15:56:00,36,329,0.0060790273556231,2.322553191489362
18001.0,2,363,417.23,7.193620689655173,2011-09-14 11:21:00,2011-11-27 16:02:00,11,74,0.02702702702702703,11.276486486486487
18004.0,1,78,169.47,4.23675,2010-12-12 13:47:00,2010-12-12 13:47:00,361,1,1.0,169.47
18005.0,2,93,249.72,4.162,2011-10-23 14:40:00,2011-12-06 11:51:00,3,43,0.046511627906976744,11.614883720930232
18006.0,1,220,444.68,20.212727272727275,2011-11-16 16:52:00,2011-11-16 16:52:00,22,1,1.0,444.68
18008.0,9,1581,2116.19,70.53966666666666,2011-01-25 12:26:00,2011-09-30 15:17:00,69,248,0.036290322580645164,76.7972177419355
18009.0,1,126,257.34,8.041875,2011-04-18 13:36:00,2011-04-18 13:36:00,234,1,1.0,257.34
18010.0,1,60,174.8,12.485714285714286,2011-03-28 12:27:00,2011-03-28 12:27:00,256,1,1.0,174.8
18011.0,1,71,102.78999999999999,3.671071428571428,2010-12-01 17:35:00,2010-12-01 17:35:00,372,1,1.0,102.78999999999999
18013.0,2,285,187.29,6.041612903225806,2011-07-07 14:08:00,2011-07-07 14:11:00,154,1,2.0,374.58
18014.0,1,68,166.42,5.200625,2011-11-11 15:28:00,2011-11-11 15:28:00,27,1,1.0,166.42
18015.0,1,157,120.03,2.6093478260869567,2011-12-05 14:49:00,2011-12-05 14:49:00,3,1,1.0,120.03
18016.0,5,1029,1483.56,12.061463414634146,2010-12-10 17:14:00,2011-11-07 13:25:00,31,331,0.015105740181268883,22.410271903323263
18017.0,3,300,523.0,174.33333333333334,2011-02-02 13:57:00,2011-09-19 16:15:00,80,229,0.013100436681222707,6.851528384279476
18018.0,2,55,122.14,4.211724137931035,2011-05-24 13:22:00,2011-08-23 17:37:00,107,91,0.02197802197802198,2.6843956043956045
18019.0,1,7,38.45,7.69,2011-10-19 12:10:00,2011-10-19 12:10:00,51,1,1.0,38.45
18022.0,1,736,668.11,3.497958115183246,2011-11-04 12:45:00,2011-11-04 12:45:00,35,1,1.0,668.11
18024.0,2,184,389.78,18.56095238095238,2011-07-10 12:28:00,2011-07-10 12:40:00,152,1,2.0,779.56
18027.0,1,78,115.31,5.490952380952381,2011-09-02 10:38:00,2011-09-02 10:38:00,98,1,1.0,115.31
18030.0,2,67,230.64999999999998,25.627777777777776,2011-10-28 13:55:00,2011-12-05 16:37:00,3,38,0.05263157894736842,12.139473684210525
18032.0,1,42,73.5,14.7,2011-01-09 15:32:00,2011-01-09 15:32:00,333,1,1.0,73.5
18033.0,1,253,97.97,2.881470588235294,2011-10-05 17:28:00,2011-10-05 17:28:00,64,1,1.0,97.97
18034.0,2,561,422.88,3.775714285714286,2011-11-18 12:08:00,2011-11-18 12:22:00,21,1,2.0,845.76
18035.0,3,611,730.4,13.781132075471698,2011-10-27 17:48:00,2011-11-04 12:39:00,35,7,0.42857142857142855,313.0285714285714
18036.0,3,234,405.62,4.225208333333334,2011-04-08 11:26:00,2011-11-07 14:40:00,31,213,0.014084507042253521,5.712957746478874
18037.0,6,20,70.02,3.685263157894737,2010-12-12 16:20:00,2011-07-08 13:39:00,153,207,0.028985507246376812,2.0295652173913044
18040.0,2,148,357.20000000000005,18.8,2011-04-08 08:27:00,2011-11-20 14:20:00,18,226,0.008849557522123894,3.161061946902655
18041.0,21,3819,4183.39,8.863114406779662,2010-12-02 11:21:00,2011-11-28 11:39:00,11,361,0.05817174515235457,243.3550969529086
18042.0,1,33,165.04999999999998,23.578571428571426,2011-10-17 11:49:00,2011-10-17 11:49:00,53,1,1.0,165.04999999999998
18043.0,3,282,559.51,4.624049586776859,2010-12-08 12:35:00,2011-11-15 12:48:00,24,342,0.008771929824561403,4.907982456140351
18044.0,10,1033,2088.6,16.445669291338582,2010-12-14 12:25:00,2011-12-05 14:26:00,3,356,0.028089887640449437,58.668539325842694
18045.0,1,142,189.4,4.029787234042553,2011-10-25 13:07:00,2011-10-25 13:07:00,44,1,1.0,189.4
18048.0,2,127,172.29000000000002,24.612857142857145,2011-05-20 14:54:00,2011-05-20 14:58:00,202,1,2.0,344.58000000000004
18050.0,1,40,74.4,14.88,2010-12-15 14:25:00,2010-12-15 14:25:00,358,1,1.0,74.4
18053.0,1,302,300.02,15.001,2011-09-30 09:05:00,2011-09-30 09:05:00,70,1,1.0,300.02
18055.0,10,2455,6784.1900000000005,18.844972222222225,2010-12-05 10:52:00,2011-12-02 14:25:00,6,362,0.027624309392265192,187.4085635359116
18056.0,1,211,363.65,19.139473684210525,2011-02-24 14:27:00,2011-02-24 14:27:00,287,1,1.0,363.65
18058.0,1,88,170.16,56.72,2011-11-30 08:38:00,2011-11-30 08:38:00,9,1,1.0,170.16
18059.0,3,258,306.46,17.025555555555556,2011-10-03 09:30:00,2011-11-16 16:49:00,22,44,0.06818181818181818,20.894999999999996
18061.0,10,955,2119.41,46.0741304347826,2010-12-08 13:03:00,2011-11-18 11:20:00,21,344,0.029069767441860465,61.61075581395348
18062.0,3,396,720.52,26.685925925925925,2011-01-06 10:03:00,2011-06-19 14:47:00,172,164,0.018292682926829267,13.180243902439024
18064.0,2,384,814.0,116.28571428571429,2011-04-18 15:08:00,2011-07-29 16:39:00,132,102,0.0196078431372549,15.96078431372549
18065.0,14,1027,2392.83,17.465912408759124,2010-12-10 12:44:00,2011-12-04 10:30:00,5,358,0.03910614525139665,93.57435754189945
18066.0,1,108,318.0,31.8,2011-09-25 15:30:00,2011-09-25 15:30:00,74,1,1.0,318.0
18067.0,1,189,396.33,10.711621621621621,2011-10-30 15:58:00,2011-10-30 15:58:00,39,1,1.0,396.33
18068.0,1,6,101.69999999999999,101.69999999999999,2011-02-23 14:50:00,2011-02-23 14:50:00,288,1,1.0,101.69999999999999
18069.0,5,1311,2036.67,4.333340425531915,2011-01-16 15:50:00,2011-11-13 16:03:00,25,301,0.016611295681063124,33.831727574750836
18071.0,2,260,453.0,18.12,2010-12-09 10:33:00,2011-03-27 11:59:00,257,108,0.018518518518518517,8.38888888888889
18072.0,1,288,247.44,13.746666666666666,2011-06-07 10:44:00,2011-06-07 10:44:00,185,1,1.0,247.44
18073.0,12,3108,3877.5200000000004,53.11671232876713,2011-05-26 19:38:00,2011-08-17 14:02:00,113,82,0.14634146341463414,567.4419512195122
18074.0,1,190,489.6,37.66153846153846,2010-12-01 09:53:00,2010-12-01 09:53:00,373,1,1.0,489.6
18075.0,10,1464,2611.75,18.392605633802816,2010-12-14 10:48:00,2011-11-16 15:21:00,22,337,0.02967359050445104,77.5
18077.0,11,1878,2633.0099999999998,11.599162995594712,2010-12-08 10:21:00,2011-12-01 13:32:00,7,358,0.030726256983240222,80.90254189944133
18078.0,2,145,336.13,11.590689655172413,2011-03-25 15:08:00,2011-05-06 14:32:00,216,41,0.04878048780487805,16.39658536585366
18079.0,4,7432,3651.97,28.75566929133858,2011-04-15 12:14:00,2011-10-25 15:27:00,44,193,0.02072538860103627,75.68849740932643
18080.0,2,642,1231.5,615.75,2011-04-11 10:10:00,2011-11-21 08:02:00,18,223,0.008968609865470852,11.044843049327355
18081.0,3,195,343.45,20.20294117647059,2011-07-29 11:56:00,2011-11-03 16:30:00,35,97,0.030927835051546393,10.622164948453609
18082.0,1,621,703.37,9.635205479452054,2011-11-14 12:45:00,2011-11-14 12:45:00,25,1,1.0,703.37
18084.0,1,312,90.47999999999999,90.47999999999999,2011-11-23 13:57:00,2011-11-23 13:57:00,15,1,1.0,90.47999999999999
18085.0,2,265,689.95,23.79137931034483,2010-12-01 12:08:00,2011-01-13 15:17:00,329,43,0.046511627906976744,32.09069767441861
18086.0,1,106,101.34,14.477142857142857,2011-03-10 13:34:00,2011-03-10 13:34:00,273,1,1.0,101.34
18087.0,2,3907,4055.7199999999993,2027.8599999999997,2011-02-22 10:43:00,2011-09-02 15:12:00,97,192,0.010416666666666666,42.24708333333332
18088.0,1,109,167.67000000000002,4.299230769230769,2011-10-09 13:41:00,2011-10-09 13:41:00,60,1,1.0,167.67000000000002
18092.0,11,4252,9068.26,101.89056179775281,2010-12-09 10:00:00,2011-12-07 13:14:00,1,363,0.030303030303030304,274.7957575757576
18093.0,4,1392,2106.52,58.51444444444444,2011-02-10 12:15:00,2011-09-07 15:43:00,92,209,0.019138755980861243,40.316172248803824
18094.0,7,2518,3017.3,43.104285714285716,2011-02-21 08:50:00,2011-09-19 09:28:00,81,210,0.03333333333333333,100.57666666666667
18095.0,2,419,580.0500000000001,27.621428571428574,2011-01-11 12:37:00,2011-01-31 12:50:00,312,20,0.1,58.00500000000001
18096.0,3,825,911.15,4.277699530516432,2011-10-07 11:55:00,2011-11-28 12:44:00,11,52,0.057692307692307696,52.566346153846155
18097.0,6,1686,2697.8,24.97962962962963,2010-12-20 14:49:00,2011-12-02 11:16:00,7,346,0.017341040462427744,46.78265895953757
18099.0,1,149,168.31,8.858421052631579,2011-08-04 15:52:00,2011-08-04 15:52:00,126,1,1.0,168.31
18101.0,2,88,223.65,5.454878048780488,2011-07-19 13:05:00,2011-11-28 13:37:00,10,132,0.015151515151515152,3.3886363636363637
18102.0,60,64124,259657.3,602.45313225058,2010-12-07 16:42:00,2011-12-09 11:50:00,0,366,0.16393442622950818,42566.770491803276
18104.0,1,362,754.64,19.858947368421052,2011-11-02 14:07:00,2011-11-02 14:07:00,36,1,1.0,754.64
18105.0,1,46,113.48000000000002,6.304444444444446,2011-11-02 12:04:00,2011-11-02 12:04:00,37,1,1.0,113.48000000000002
18106.0,1,128,430.7,11.043589743589743,2011-01-14 12:23:00,2011-01-14 12:23:00,329,1,1.0,430.7
18108.0,1,84,271.0,15.941176470588236,2011-03-30 13:56:00,2011-03-30 13:56:00,253,1,1.0,271.0
18109.0,26,4237,8052.97,18.13731981981982,2010-12-05 10:58:00,2011-12-08 11:36:00,1,368,0.07065217391304347,568.9598369565217
18110.0,1,86,236.3,5.136956521739131,2011-11-20 12:34:00,2011-11-20 12:34:00,19,1,1.0,236.3
18112.0,2,255,352.69,13.565,2011-06-26 13:56:00,2011-11-27 14:43:00,11,154,0.012987012987012988,4.58038961038961
18113.0,1,72,76.32000000000001,76.32000000000001,2010-12-06 12:31:00,2010-12-06 12:31:00,368,1,1.0,76.32000000000001
18114.0,1,55,220.1,7.860714285714286,2011-02-22 13:20:00,2011-02-22 13:20:00,289,1,1.0,220.1
18116.0,8,848,1418.03,3.7514021164021165,2010-12-10 12:14:00,2011-10-03 11:00:00,67,296,0.02702702702702703,38.325135135135135
18117.0,1,618,320.72,4.334054054054055,2011-11-14 12:47:00,2011-11-14 12:47:00,25,1,1.0,320.72
18118.0,26,2882,5653.82,4.420500390930414,2010-12-05 12:13:00,2011-11-29 11:32:00,10,358,0.07262569832402235,410.61262569832405
18119.0,1,125,181.12,6.037333333333334,2010-12-07 11:59:00,2010-12-07 11:59:00,367,1,1.0,181.12
18120.0,1,31,111.15,6.538235294117648,2011-05-09 13:45:00,2011-05-09 13:45:00,213,1,1.0,111.15
18121.0,2,450,673.1,21.034375,2011-07-08 12:14:00,2011-07-13 12:53:00,148,5,0.4,269.24
18122.0,6,1234,1826.21,5.0170604395604395,2011-07-12 11:37:00,2011-12-01 13:08:00,7,142,0.04225352112676056,77.16380281690141
18123.0,2,594,589.4399999999999,16.37333333333333,2011-11-08 13:31:00,2011-11-15 14:23:00,23,7,0.2857142857142857,168.41142857142856
18125.0,4,804,1142.99,5.831581632653061,2011-01-27 15:02:00,2011-11-10 12:29:00,29,286,0.013986013986013986,15.985874125874126
18126.0,1,144,206.82999999999998,3.693392857142857,2011-10-10 12:19:00,2011-10-10 12:19:00,60,1,1.0,206.82999999999998
18127.0,3,188,348.73,7.419787234042554,2011-07-29 10:06:00,2011-11-20 14:05:00,18,114,0.02631578947368421,9.177105263157895
18129.0,1,48,112.55000000000001,8.039285714285715,2011-04-10 14:16:00,2011-04-10 14:16:00,242,1,1.0,112.55000000000001
18130.0,3,824,1059.39,15.134142857142859,2011-10-13 15:58:00,2011-11-24 14:40:00,14,41,0.07317073170731707,77.51634146341463
18133.0,1,1350,931.4999999999999,931.4999999999999,2011-05-11 14:14:00,2011-05-11 14:14:00,211,1,1.0,931.4999999999999
18135.0,5,349,681.9100000000001,34.0955,2011-06-02 14:04:00,2011-11-10 19:32:00,28,161,0.031055900621118012,21.177329192546587
18136.0,3,379,784.33,20.640263157894736,2011-01-24 12:08:00,2011-10-07 15:40:00,62,256,0.01171875,9.191367187500001
18138.0,1,38,152.65,19.08125,2011-02-17 14:51:00,2011-02-17 14:51:00,294,1,1.0,152.65
18139.0,6,5557,8438.34,53.07132075471698,2011-11-21 14:06:00,2011-11-22 10:44:00,17,1,6.0,50630.04
18142.0,2,1276,1019.52,67.968,2011-05-08 12:31:00,2011-07-05 13:19:00,156,58,0.034482758620689655,35.15586206896552
18143.0,2,570,1000.16,16.396065573770493,2011-07-21 10:44:00,2011-08-15 12:07:00,116,25,0.08,80.0128
18144.0,12,1343,2888.75,67.18023255813954,2010-12-01 13:45:00,2011-12-02 12:46:00,7,365,0.03287671232876712,94.97260273972601
18145.0,4,2625,2861.55,12.94819004524887,2011-01-31 12:10:00,2011-11-27 11:22:00,12,299,0.013377926421404682,38.28160535117057
18146.0,2,153,160.35000000000002,16.035000000000004,2011-05-03 16:35:00,2011-07-22 12:08:00,140,79,0.02531645569620253,4.059493670886076
18147.0,2,203,179.33999999999997,25.619999999999997,2011-08-23 12:22:00,2011-10-25 11:46:00,45,62,0.03225806451612903,5.78516129032258
18149.0,3,310,612.0799999999999,38.254999999999995,2011-03-11 12:44:00,2011-10-20 12:04:00,50,222,0.013513513513513514,8.27135135135135
18150.0,3,332,566.58,15.312972972972974,2011-05-22 10:47:00,2011-11-07 16:49:00,31,169,0.01775147928994083,10.057633136094676
18151.0,2,355,653.35,17.193421052631578,2011-02-23 08:29:00,2011-07-28 11:35:00,134,155,0.012903225806451613,8.43032258064516
18154.0,2,255,399.19,19.009047619047617,2011-10-27 10:40:00,2011-12-06 16:41:00,2,40,0.05,19.959500000000002
18155.0,3,266,371.62,14.8648,2011-02-21 10:36:00,2011-09-25 13:32:00,74,216,0.013888888888888888,5.161388888888888
18156.0,2,301,734.94,5.2495714285714286,2010-12-05 12:29:00,2011-11-27 12:24:00,12,356,0.0056179775280898875,4.128876404494382
18158.0,2,354,453.4,13.335294117647058,2011-09-12 09:03:00,2011-11-30 16:19:00,8,79,0.02531645569620253,11.478481012658227
18159.0,1,139,530.15,23.05,2011-02-11 14:26:00,2011-02-11 14:26:00,300,1,1.0,530.15
18160.0,2,294,638.0600000000001,16.36051282051282,2011-05-23 13:41:00,2011-10-13 15:50:00,56,143,0.013986013986013986,8.923916083916085
18161.0,5,812,1618.69,20.233625,2011-01-24 11:56:00,2011-11-24 16:40:00,14,304,0.01644736842105263,26.623190789473682
18164.0,1,184,399.65000000000003,16.652083333333334,2011-11-02 12:56:00,2011-11-02 12:56:00,36,1,1.0,399.65000000000003
18165.0,1,254,302.46000000000004,30.246000000000002,2011-06-15 13:23:00,2011-06-15 13:23:00,176,1,1.0,302.46000000000004
18167.0,3,382,1384.8600000000001,37.428648648648654,2011-08-26 11:40:00,2011-11-16 15:56:00,22,82,0.036585365853658534,50.66560975609756
18168.0,6,594,1169.94,8.93083969465649,2010-12-02 18:08:00,2011-06-16 19:21:00,175,196,0.030612244897959183,35.81448979591837
18169.0,1,61,202.65,22.516666666666666,2011-10-10 12:18:00,2011-10-10 12:18:00,60,1,1.0,202.65
18170.0,3,409,980.31,25.797631578947367,2011-05-06 15:13:00,2011-11-06 14:35:00,32,183,0.01639344262295082,16.070655737704918
18171.0,5,481,1231.31,22.802037037037035,2011-01-10 09:55:00,2011-10-12 09:13:00,58,274,0.01824817518248175,22.4691605839416
18172.0,20,3184,7561.68,40.00888888888889,2011-02-23 10:44:00,2011-11-25 11:12:00,14,275,0.07272727272727272,549.9403636363636
18173.0,4,1220,2106.84,67.9625806451613,2011-03-10 11:56:00,2011-09-14 11:26:00,86,187,0.0213903743315508,45.066096256684496
18174.0,1,50,104.0,104.0,2011-12-02 16:56:00,2011-12-02 16:56:00,6,1,1.0,104.0
18176.0,1,283,476.35,15.878333333333334,2010-12-16 15:45:00,2010-12-16 15:45:00,357,1,1.0,476.35
18177.0,6,710,1341.42,18.127297297297297,2011-03-29 08:46:00,2011-11-08 14:44:00,30,224,0.026785714285714284,35.93089285714286
18178.0,4,983,1590.81,16.400103092783503,2010-12-10 12:42:00,2011-08-03 09:30:00,128,235,0.01702127659574468,27.077617021276595
18179.0,6,1360,1793.17,19.924111111111113,2011-01-07 14:22:00,2011-11-30 16:23:00,8,327,0.01834862385321101,32.90220183486239
18180.0,6,1721,1843.75,15.493697478991596,2011-07-20 08:59:00,2011-12-05 08:39:00,4,137,0.043795620437956206,80.74817518248176
18181.0,1,146,382.8,8.700000000000001,2011-11-15 15:08:00,2011-11-15 15:08:00,23,1,1.0,382.8
18183.0,2,371,632.07,17.082972972972975,2011-03-10 10:08:00,2011-04-26 15:26:00,226,47,0.0425531914893617,26.89659574468085
18184.0,1,60,49.8,49.8,2011-11-24 15:28:00,2011-11-24 15:28:00,14,1,1.0,49.8
18185.0,1,183,304.25,17.897058823529413,2011-04-04 13:42:00,2011-04-04 13:42:00,248,1,1.0,304.25
18188.0,3,1168,2001.04,28.183661971830986,2011-02-22 14:43:00,2011-11-24 16:46:00,14,275,0.01090909090909091,21.829527272727272
18189.0,2,566,1090.24,16.032941176470587,2011-03-17 09:49:00,2011-09-23 12:40:00,77,190,0.010526315789473684,11.47621052631579
18190.0,2,140,284.46000000000004,18.964000000000002,2011-01-13 10:35:00,2011-05-31 14:48:00,191,138,0.014492753623188406,4.122608695652175
18191.0,1,140,207.79999999999998,29.685714285714283,2011-03-23 12:08:00,2011-03-23 12:08:00,261,1,1.0,207.79999999999998
18192.0,1,339,957.97,21.288222222222224,2011-09-29 09:53:00,2011-09-29 09:53:00,71,1,1.0,957.97
18193.0,1,124,243.76,15.235,2011-06-27 13:58:00,2011-06-27 13:58:00,164,1,1.0,243.76
18194.0,1,632,973.8399999999999,139.11999999999998,2011-09-18 13:29:00,2011-09-18 13:29:00,81,1,1.0,973.8399999999999
18196.0,2,433,689.13,4.887446808510639,2011-02-22 16:13:00,2011-09-05 16:22:00,94,195,0.010256410256410256,7.068
18198.0,17,4074,5425.56,34.12301886792453,2011-01-07 13:39:00,2011-12-05 14:49:00,3,332,0.05120481927710843,277.8148192771084
18200.0,1,111,163.8,5.11875,2011-08-25 18:45:00,2011-08-25 18:45:00,105,1,1.0,163.8
18202.0,3,581,1396.99,20.543970588235293,2011-02-01 13:36:00,2011-05-24 12:12:00,199,111,0.02702702702702703,37.75648648648649
18203.0,1,43,160.42000000000002,8.443157894736842,2011-07-05 13:07:00,2011-07-05 13:07:00,156,1,1.0,160.42000000000002
18204.0,3,1200,1993.7,9.9685,2011-05-31 15:26:00,2011-09-29 16:44:00,70,121,0.024793388429752067,49.4305785123967
18205.0,2,192,517.36,16.1675,2011-09-26 12:02:00,2011-11-03 13:22:00,35,38,0.05263157894736842,27.229473684210525
18209.0,1,58,139.10000000000002,17.387500000000003,2011-11-11 12:07:00,2011-11-11 12:07:00,28,1,1.0,139.10000000000002
18210.0,6,1398,2621.38,19.562537313432838,2011-03-17 16:58:00,2011-12-08 11:02:00,1,265,0.022641509433962263,59.352
18211.0,5,359,600.07,14.287380952380953,2011-03-06 12:09:00,2011-11-14 08:10:00,25,252,0.01984126984126984,11.906150793650793
18212.0,1,101,248.42,5.7772093023255815,2011-01-17 16:14:00,2011-01-17 16:14:00,325,1,1.0,248.42
18213.0,1,232,232.48000000000002,15.498666666666669,2011-04-17 10:21:00,2011-04-17 10:21:00,236,1,1.0,232.48000000000002
18215.0,1,118,299.34000000000003,23.02615384615385,2011-09-11 16:05:00,2011-09-11 16:05:00,88,1,1.0,299.34000000000003
18216.0,1,200,481.75,18.528846153846153,2011-11-08 16:55:00,2011-11-08 16:55:00,30,1,1.0,481.75
18217.0,2,491,621.75,20.056451612903224,2011-09-30 10:44:00,2011-11-10 13:18:00,28,41,0.04878048780487805,30.32926829268293
18218.0,2,584,662.08,31.527619047619048,2011-03-03 12:24:00,2011-05-12 12:53:00,210,70,0.02857142857142857,18.91657142857143
18219.0,10,885,2069.77,18.155877192982455,2010-12-06 10:05:00,2011-12-07 11:43:00,2,366,0.0273224043715847,56.55109289617486
18220.0,1,288,305.28000000000003,152.64000000000001,2011-04-27 09:03:00,2011-04-27 09:03:00,226,1,1.0,305.28000000000003
18221.0,5,791,1041.61,16.27515625,2011-05-12 14:13:00,2011-11-17 14:40:00,21,189,0.026455026455026454,27.5558201058201
18222.0,1,335,443.0,23.31578947368421,2011-09-08 10:45:00,2011-09-08 10:45:00,92,1,1.0,443.0
18223.0,14,2948,6484.54,23.840220588235294,2010-12-16 16:42:00,2011-12-05 09:11:00,4,353,0.039660056657223795,257.177223796034
18224.0,1,69,158.95000000000002,15.895000000000001,2011-03-21 10:30:00,2011-03-21 10:30:00,263,1,1.0,158.95000000000002
18225.0,12,3244,5509.12,20.328856088560887,2010-12-09 15:46:00,2011-12-06 13:27:00,2,361,0.0332409972299169,183.1286426592798
18226.0,11,3466,5228.05,21.603512396694217,2011-01-06 09:00:00,2011-10-26 13:36:00,43,293,0.03754266211604096,196.27491467576795
18227.0,1,21,93.75,18.75,2011-05-06 12:23:00,2011-05-06 12:23:00,217,1,1.0,93.75
18228.0,2,238,779.9,25.996666666666666,2011-09-21 10:48:00,2011-10-14 09:21:00,56,22,0.09090909090909091,70.9
18229.0,20,2488,7276.900000000001,44.37134146341464,2010-12-01 16:25:00,2011-11-28 09:48:00,11,361,0.055401662049861494,403.15235457063716
18230.0,7,1316,2810.2000000000003,32.67674418604651,2011-02-10 13:06:00,2011-11-30 13:22:00,8,293,0.023890784982935155,67.13788395904437
18231.0,5,821,2083.27,16.800564516129032,2011-02-24 09:08:00,2011-05-31 14:18:00,191,96,0.052083333333333336,108.50364583333334
18232.0,4,302,592.97,16.026216216216216,2011-05-26 16:30:00,2011-09-19 11:49:00,81,115,0.034782608695652174,20.62504347826087
18233.0,1,4,440.0,440.0,2011-01-18 08:44:00,2011-01-18 08:44:00,325,1,1.0,440.0
18235.0,3,1578,1796.48,17.273846153846154,2011-05-06 13:35:00,2011-09-29 08:27:00,71,145,0.020689655172413793,37.168551724137934
18236.0,6,403,882.24,18.004897959183673,2011-04-13 09:52:00,2011-11-10 08:06:00,29,210,0.02857142857142857,25.206857142857142
18237.0,5,622,987.1,16.181967213114753,2011-07-28 13:05:00,2011-12-07 12:49:00,2,131,0.03816793893129771,37.67557251908397
18239.0,5,795,1561.6100000000001,17.745568181818182,2010-12-02 17:48:00,2011-05-05 12:38:00,218,153,0.032679738562091505,51.03300653594772
18240.0,1,126,422.58,70.42999999999999,2011-10-24 13:06:00,2011-10-24 13:06:00,45,1,1.0,422.58
18241.0,17,1051,2073.09,19.933557692307694,2011-05-06 09:22:00,2011-11-30 12:10:00,9,208,0.08173076923076923,169.4352403846154
18242.0,4,1017,2232.4900000000002,28.62166666666667,2011-05-10 11:20:00,2011-09-28 13:43:00,71,141,0.028368794326241134,63.333049645390076
18245.0,7,1788,2567.06,14.668914285714285,2010-12-19 14:58:00,2011-12-02 14:48:00,6,347,0.020172910662824207,51.78507204610951
18246.0,2,166,596.1,149.025,2011-04-20 13:55:00,2011-11-16 11:49:00,23,209,0.009569377990430622,5.7043062200956935
18248.0,2,511,804.02,17.1068085106383,2011-06-06 13:18:00,2011-08-09 10:19:00,122,63,0.031746031746031744,25.52444444444444
18249.0,1,128,95.34,11.9175,2011-11-22 15:07:00,2011-11-22 15:07:00,16,1,1.0,95.34
18250.0,1,199,349.27,16.63190476190476,2011-02-02 13:16:00,2011-02-02 13:16:00,309,1,1.0,349.27
18251.0,1,7824,4314.72,269.67,2011-09-13 15:03:00,2011-09-13 15:03:00,86,1,1.0,4314.72
18252.0,2,239,526.67,5.374183673469387,2011-06-21 11:47:00,2011-10-20 12:43:00,50,121,0.01652892561983471,8.705289256198347
18255.0,1,74,103.3,17.216666666666665,2011-09-11 13:16:00,2011-09-11 13:16:00,88,1,1.0,103.3
18257.0,8,1041,2337.63,19.81042372881356,2011-02-16 15:13:00,2011-10-31 14:48:00,38,256,0.03125,73.0509375
18259.0,3,714,2338.6000000000004,55.68095238095239,2010-12-08 13:38:00,2011-11-15 12:34:00,24,341,0.008797653958944282,20.5741935483871
18260.0,6,1478,2643.2000000000003,19.72537313432836,2010-12-16 18:23:00,2011-06-20 12:37:00,172,185,0.032432432432432434,85.72540540540543
18261.0,2,146,324.24,15.440000000000001,2011-09-05 09:34:00,2011-10-27 15:36:00,42,52,0.038461538461538464,12.470769230769232
18262.0,1,182,149.48,11.498461538461537,2011-07-22 16:04:00,2011-07-22 16:04:00,139,1,1.0,149.48
18263.0,3,1468,1213.1599999999999,19.887868852459015,2011-04-01 11:48:00,2011-11-14 09:00:00,25,226,0.01327433628318584,16.10389380530973
18265.0,2,311,801.51,17.424130434782608,2011-07-04 15:26:00,2011-09-28 14:10:00,71,85,0.023529411764705882,18.859058823529413
18268.0,1,2,25.5,25.5,2011-07-28 19:13:00,2011-07-28 19:13:00,133,1,1.0,25.5
18269.0,1,76,168.6,24.085714285714285,2010-12-08 13:53:00,2010-12-08 13:53:00,365,1,1.0,168.6
18270.0,2,101,283.15,25.74090909090909,2011-03-18 12:41:00,2011-11-01 13:57:00,37,228,0.008771929824561403,2.483771929824561
18272.0,6,2050,3078.58,18.54566265060241,2011-04-07 09:35:00,2011-12-07 12:43:00,2,244,0.02459016393442623,75.7027868852459
18273.0,3,80,204.0,68.0,2011-03-27 11:22:00,2011-12-07 13:16:00,1,255,0.011764705882352941,2.4
18274.0,1,88,175.92,15.992727272727272,2011-11-09 17:03:00,2011-11-09 17:03:00,29,1,1.0,175.92
18276.0,1,186,335.86,23.990000000000002,2011-10-27 10:54:00,2011-10-27 10:54:00,43,1,1.0,335.86
18277.0,1,68,110.38,13.7975,2011-10-12 15:22:00,2011-10-12 15:22:00,57,1,1.0,110.38
18278.0,1,66,173.9,19.322222222222223,2011-09-27 11:58:00,2011-09-27 11:58:00,73,1,1.0,173.9
18280.0,1,45,180.60000000000002,18.060000000000002,2011-03-07 09:52:00,2011-03-07 09:52:00,277,1,1.0,180.60000000000002
18281.0,1,54,80.82,11.545714285714284,2011-06-12 10:53:00,2011-06-12 10:53:00,180,1,1.0,80.82
18282.0,2,103,178.05,14.8375,2011-08-05 13:35:00,2011-12-02 11:43:00,7,118,0.01694915254237288,3.0177966101694915
18283.0,16,1397,2094.88,2.771005291005291,2011-01-06 14:14:00,2011-12-06 12:02:00,3,333,0.04804804804804805,100.6548948948949
18287.0,3,1586,1837.28,26.24685714285714,2011-05-22 10:39:00,2011-10-28 09:29:00,42,158,0.0189873417721519,34.88506329113924
